'1402545',20261008,1,20261009,1,20261012,1,20261013,1,20261014,1,20261015,1,20261016,1,20261019,1,20261020,1,20261021,1,20261022,1,20261023,1,20261026,1,20261027,1,20261028,1,20261029,1,20261030,1,20261102,1,20261103,1,20261104,1,20261105,1,20261106,1,20261109,1,20261110,1,20261111,1,20261112,1,20261113,1,20261116,1,20261117,1,20261118,1,20261119,1,20261120,1,20261123,1,20261124,1,20261125,1,20261126,1,20261127,1,20261130,1,20261201,1,20261202,1,20261203,1,20261204,1,20261207,1,20261208,1,20261209,1,20261210,1,20261211,1,20261214,1,20261215,1,20261216,1,20261217,1,20261218,1,20261221,1,20261222,1,20261223,1,20261224,1,20261225,1,20261228,1,20261229,1,20261230,1,20261231,1,20270101,1,20270104,1,20270105,1,20270106,1,20270107,1,20270108,1,20270111,1,20270112,1,20270113,1,20270114,1,20270115,1,20270118,1,20270119,1,20270120,1,20270121,1,20270122,1,20270125,1,20270126,1,20270127,1,20270128,1,20270129,1,20270201,1,20270202,1,20270203,1,20270204,1,20270205,1,20270208,1,20270209,1,20270210,1,20270211,1,20270212,1,20270215,1,20270216,1,20270217,1,20270218,1,20270219,1,20270222,1,20270223,1,20270224,1,20270225,1,20270226,1,20270301,1,20270302,1,20270303,1,20270304,1,20270305,1,20270308,1,20270309,1,20270310,1,20270311,1,20270312,1,20270315,1,20270316,1,20270317,1,20270318,1,20270319,1,20270322,1,20270323,1,20270324,1,20270325,1,20270326,1,20270329,1,20270330,1,20270331,1,20270401,1,20270402,1,20270405,1,20270406,1,20270407,1,20270408,1,20270409,1,20270412,1,20270413,1,20270414,1,20270415,1,20270416,1,20270419,1,20270420,1,20270421,1,20270422,1,20270423,1,20270426,1,20270427,1,20270428,1,20270429,1,20270430,1,20270503,1,20270504,1,20270505,1,20270506,1,20270507,1,20270510,1,20270511,1,20270512,1,20270513,1,20270514,1,20270517,1,20270518,1,20270519,1,20270520,1,20270521,1,20270524,1,20270525,1,20270526,1,20270527,1,20270528,1,20270531,1,20270601,1,20270602,1,20270603,1,20270604,1,20270607,1,20270608,1,20270609,1,20270610,1,20270611,1,20270614,1,20270615,1,20270616,1,20270617,1,20270618,1,20270621,1,20270622,1,20270623,1,20270624,1,20270625,1,20270628,1,20270629,1,20270630,1,20270701,1,20270702,1,20270705,1,20270706,1,20270707,1,20270708,1,20270709,1,20270712,1,20270713,1,20270714,1,20270715,1,20270716,1,20270719,1,20270720,1,20270721,1,20270722,1,20270723,1,20270726,1,20270727,1,20270728,1,20270729,1,20270730,1,20270802,1,20270803,1,20270804,1,20270805,1,20270806,1,20270809,1,20270810,1,20270811,1,20270812,1,20270813,1,20270816,1,20270817,1,20270818,1,20270819,1,20270820,1,20270823,1,20270824,1,20270825,1,20270826,1,20270827,1,20270830,1,20270831,1,20270901,1,20270902,1,20270903,1,20270906,1,20270907,1,20270908,1,20270909,1,20270910,1,20270913,1,20270914,1,20270915,1,20270916,1,20270917,1,20270920,1,20270921,1,20270922,1,20270923,1,20270924,1,20270927,1,20270928,1,20270929,1,20270930,1,20271001,1,20271004,1,20271005,1,20271006,1,20271007,1,20271008,1,20271011,1,20271012,1,20271013,1,20271014,1,20271015,1,20271018,1,20271019,1,20271020,1,20271021,1,20271022,1,20271025,1,20271026,1,20271027,1,20271028,1,20271029,1,20271101,1,20271102,1,20271103,1,20271104,1,20271105,1,20271108,1,20271109,1,20271110,1,20271111,1,20271112,1,20271115,1,20271116,1,20271117,1,20271118,1,20271119,1,20271122,1,20271123,1,20271124,1,20271125,1,20271126,1,20271129,1,20271130,1,20271201,1,20271202,1,20271203,1,20271206,1,20271207,1,20271208,1,20271209,1,20271210,1,20271213,1,20271214,1,20271215,1,20271216,1,20271217,1,20271220,1,20271221,1,20271222,1,20271223,1,20271224,1,20271227,1,20271228,1,20271229,1,20271230,1,20271231,1
'1402556',20261010,1,20261011,1,20261017,1,20261018,1,20261024,1,20261025,1,20261031,1,20261101,1,20261107,1,20261108,1,20261114,1,20261115,1,20261121,1,20261122,1,20261128,1,20261129,1,20261205,1,20261206,1,20261212,1,20261213,1,20261219,1,20261220,1,20261226,1,20261227,1,20270102,1,20270103,1,20270109,1,20270110,1,20270116,1,20270117,1,20270123,1,20270124,1,20270130,1,20270131,1,20270206,1,20270207,1,20270213,1,20270214,1,20270220,1,20270221,1,20270227,1,20270228,1,20270306,1,20270307,1,20270313,1,20270314,1,20270320,1,20270321,1,20270327,1,20270328,1,20270403,1,20270404,1,20270410,1,20270411,1,20270417,1,20270418,1,20270424,1,20270425,1,20270501,1,20270502,1,20270508,1,20270509,1,20270515,1,20270516,1,20270522,1,20270523,1,20270529,1,20270530,1,20270605,1,20270606,1,20270612,1,20270613,1,20270619,1,20270620,1,20270626,1,20270627,1,20270703,1,20270704,1,20270710,1,20270711,1,20270717,1,20270718,1,20270724,1,20270725,1,20270731,1,20270801,1,20270807,1,20270808,1,20270814,1,20270815,1,20270821,1,20270822,1,20270828,1,20270829,1,20270904,1,20270905,1,20270911,1,20270912,1,20270918,1,20270919,1,20270925,1,20270926,1,20271002,1,20271003,1,20271009,1,20271010,1,20271016,1,20271017,1,20271023,1,20271024,1,20271030,1,20271031,1,20271106,1,20271107,1,20271113,1,20271114,1,20271120,1,20271121,1,20271127,1,20271128,1,20271204,1,20271205,1,20271211,1,20271212,1,20271218,1,20271219,1,20271225,1,20271226,1,20280101,1
'1402591',20261008,1,20261009,1,20261012,1,20261013,1,20261014,1,20261015,1,20261016,1,20261019,1,20261020,1,20261021,1,20261022,1,20261023,1,20261026,1,20261027,1,20261028,1,20261029,1,20261030,1,20261102,1,20261103,1,20261104,1,20261105,1,20261106,1,20261109,1,20261110,1,20261111,1,20261112,1,20261113,1,20261116,1,20261117,1,20261118,1,20261119,1,20261120,1,20261123,1,20261124,1,20261125,1,20261126,1,20261127,1,20261130,1,20261201,1,20261202,1,20261203,1,20261204,1,20261207,1,20261208,1,20261209,1,20261210,1,20261211,1,20261214,1,20261215,1,20261216,1,20261217,1,20261218,1,20261221,1,20261222,1,20261223,1,20261224,1,20261225,1,20261228,1,20261229,1,20261230,1,20261231,1,20270101,1,20270104,1,20270105,1,20270106,1,20270107,1,20270108,1,20270111,1,20270112,1,20270113,1,20270114,1,20270115,1,20270118,1,20270119,1,20270120,1,20270121,1,20270122,1,20270125,1,20270126,1,20270127,1,20270128,1,20270129,1,20270201,1,20270202,1,20270203,1,20270204,1,20270205,1,20270208,1,20270209,1,20270210,1,20270211,1,20270212,1,20270215,1,20270216,1,20270217,1,20270218,1,20270219,1,20270222,1,20270223,1,20270224,1,20270225,1,20270226,1,20270301,1,20270302,1,20270303,1,20270304,1,20270305,1,20270308,1,20270309,1,20270310,1,20270311,1,20270312,1,20270315,1,20270316,1,20270317,1,20270318,1,20270319,1,20270322,1,20270323,1,20270324,1,20270325,1,20270326,1,20270329,1,20270330,1,20270331,1,20270401,1,20270402,1,20270405,1,20270406,1,20270407,1,20270408,1,20270409,1,20270412,1,20270413,1,20270414,1,20270415,1,20270416,1,20270419,1,20270420,1,20270421,1,20270422,1,20270423,1,20270426,1,20270427,1,20270428,1,20270429,1,20270430,1,20270503,1,20270504,1,20270505,1,20270506,1,20270507,1,20270510,1,20270511,1,20270512,1,20270513,1,20270514,1,20270517,1,20270518,1,20270519,1,20270520,1,20270521,1,20270524,1,20270525,1,20270526,1,20270527,1,20270528,1,20270531,1,20270601,1,20270602,1,20270603,1,20270604,1,20270607,1,20270608,1,20270609,1,20270610,1,20270611,1,20270614,1,20270615,1,20270616,1,20270617,1,20270618,1,20270621,1,20270622,1,20270623,1,20270624,1,20270625,1,20270628,1,20270629,1,20270630,1,20270701,1,20270702,1,20270705,1,20270706,1,20270707,1,20270708,1,20270709,1,20270712,1,20270713,1,20270714,1,20270715,1,20270716,1,20270719,1,20270720,1,20270721,1,20270722,1,20270723,1,20270726,1,20270727,1,20270728,1,20270729,1,20270730,1,20270802,1,20270803,1,20270804,1,20270805,1,20270806,1,20270809,1,20270810,1,20270811,1,20270812,1,20270813,1,20270816,1,20270817,1,20270818,1,20270819,1,20270820,1,20270823,1,20270824,1,20270825,1,20270826,1,20270827,1,20270830,1,20270831,1,20270901,1,20270902,1,20270903,1,20270906,1,20270907,1,20270908,1,20270909,1,20270910,1,20270913,1,20270914,1,20270915,1,20270916,1,20270917,1,20270920,1,20270921,1,20270922,1,20270923,1,20270924,1,20270927,1,20270928,1,20270929,1,20270930,1,20271001,1,20271004,1,20271005,1,20271006,1,20271007,1,20271008,1,20271011,1,20271012,1,20271013,1,20271014,1,20271015,1,20271018,1,20271019,1,20271020,1,20271021,1,20271022,1,20271025,1,20271026,1,20271027,1,20271028,1,20271029,1,20271101,1,20271102,1,20271103,1,20271104,1,20271105,1,20271108,1,20271109,1,20271110,1,20271111,1,20271112,1,20271115,1,20271116,1,20271117,1,20271118,1,20271119,1,20271122,1,20271123,1,20271124,1,20271125,1,20271126,1,20271129,1,20271130,1,20271201,1,20271202,1,20271203,1,20271206,1,20271207,1,20271208,1,20271209,1,20271210,1,20271213,1,20271214,1,20271215,1,20271216,1,20271217,1,20271220,1,20271221,1,20271222,1,20271223,1,20271224,1,20271227,1,20271228,1,20271229,1,20271230,1,20271231,1
'1402611',20261008,1,20261009,1,20261012,1,20261013,1,20261014,1,20261015,1,20261016,1,20261019,1,20261020,1,20261021,1,20261022,1,20261023,1,20261026,1,20261027,1,20261028,1,20261029,1,20261030,1,20261102,1,20261103,1,20261104,1,20261105,1,20261106,1,20261109,1,20261110,1,20261111,1,20261112,1,20261113,1,20261116,1,20261117,1,20261118,1,20261119,1,20261120,1,20261123,1,20261124,1,20261125,1,20261126,1,20261127,1,20261130,1,20261201,1,20261202,1,20261203,1,20261204,1,20261207,1,20261208,1,20261209,1,20261210,1,20261211,1,20261214,1,20261215,1,20261216,1,20261217,1,20261218,1,20261221,1,20261222,1,20261223,1,20261224,1,20261225,1,20261228,1,20261229,1,20261230,1,20261231,1,20270101,1,20270104,1,20270105,1,20270106,1,20270107,1,20270108,1,20270111,1,20270112,1,20270113,1,20270114,1,20270115,1,20270118,1,20270119,1,20270120,1,20270121,1,20270122,1,20270125,1,20270126,1,20270127,1,20270128,1,20270129,1,20270201,1,20270202,1,20270203,1,20270204,1,20270205,1,20270208,1,20270209,1,20270210,1,20270211,1,20270212,1,20270215,1,20270216,1,20270217,1,20270218,1,20270219,1,20270222,1,20270223,1,20270224,1,20270225,1,20270226,1,20270301,1,20270302,1,20270303,1,20270304,1,20270305,1,20270308,1,20270309,1,20270310,1,20270311,1,20270312,1,20270315,1,20270316,1,20270317,1,20270318,1,20270319,1,20270322,1,20270323,1,20270324,1,20270325,1,20270326,1,20270329,1,20270330,1,20270331,1,20270401,1,20270402,1,20270405,1,20270406,1,20270407,1,20270408,1,20270409,1,20270412,1,20270413,1,20270414,1,20270415,1,20270416,1,20270419,1,20270420,1,20270421,1,20270422,1,20270423,1,20270426,1,20270427,1,20270428,1,20270429,1,20270430,1,20270503,1,20270504,1,20270505,1,20270506,1,20270507,1,20270510,1,20270511,1,20270512,1,20270513,1,20270514,1,20270517,1,20270518,1,20270519,1,20270520,1,20270521,1,20270524,1,20270525,1,20270526,1,20270527,1,20270528,1,20270531,1,20270601,1,20270602,1,20270603,1,20270604,1,20270607,1,20270608,1,20270609,1,20270610,1,20270611,1,20270614,1,20270615,1,20270616,1,20270617,1,20270618,1,20270621,1,20270622,1,20270623,1,20270624,1,20270625,1,20270628,1,20270629,1,20270630,1,20270701,1,20270702,1,20270705,1,20270706,1,20270707,1,20270708,1,20270709,1,20270712,1,20270713,1,20270714,1,20270715,1,20270716,1,20270719,1,20270720,1,20270721,1,20270722,1,20270723,1,20270726,1,20270727,1,20270728,1,20270729,1,20270730,1,20270802,1,20270803,1,20270804,1,20270805,1,20270806,1,20270809,1,20270810,1,20270811,1,20270812,1,20270813,1,20270816,1,20270817,1,20270818,1,20270819,1,20270820,1,20270823,1,20270824,1,20270825,1,20270826,1,20270827,1,20270830,1,20270831,1,20270901,1,20270902,1,20270903,1,20270906,1,20270907,1,20270908,1,20270909,1,20270910,1,20270913,1,20270914,1,20270915,1,20270916,1,20270917,1,20270920,1,20270921,1,20270922,1,20270923,1,20270924,1,20270927,1,20270928,1,20270929,1,20270930,1,20271001,1,20271004,1,20271005,1,20271006,1,20271007,1,20271008,1,20271011,1,20271012,1,20271013,1,20271014,1,20271015,1,20271018,1,20271019,1,20271020,1,20271021,1,20271022,1,20271025,1,20271026,1,20271027,1,20271028,1,20271029,1,20271101,1,20271102,1,20271103,1,20271104,1,20271105,1,20271108,1,20271109,1,20271110,1,20271111,1,20271112,1,20271115,1,20271116,1,20271117,1,20271118,1,20271119,1,20271122,1,20271123,1,20271124,1,20271125,1,20271126,1,20271129,1,20271130,1,20271201,1,20271202,1,20271203,1,20271206,1,20271207,1,20271208,1,20271209,1,20271210,1,20271213,1,20271214,1,20271215,1,20271216,1,20271217,1,20271220,1,20271221,1,20271222,1,20271223,1,20271224,1,20271227,1,20271228,1,20271229,1,20271230,1,20271231,1
'1402624',20261010,1,20261011,1,20261017,1,20261018,1,20261024,1,20261025,1,20261031,1,20261101,1,20261107,1,20261108,1,20261114,1,20261115,1,20261121,1,20261122,1,20261128,1,20261129,1,20261205,1,20261206,1,20261212,1,20261213,1,20261219,1,20261220,1,20261226,1,20261227,1,20270102,1,20270103,1,20270109,1,20270110,1,20270116,1,20270117,1,20270123,1,20270124,1,20270130,1,20270131,1,20270206,1,20270207,1,20270213,1,20270214,1,20270220,1,20270221,1,20270227,1,20270228,1,20270306,1,20270307,1,20270313,1,20270314,1,20270320,1,20270321,1,20270327,1,20270328,1,20270403,1,20270404,1,20270410,1,20270411,1,20270417,1,20270418,1,20270424,1,20270425,1,20270501,1,20270502,1,20270508,1,20270509,1,20270515,1,20270516,1,20270522,1,20270523,1,20270529,1,20270530,1,20270605,1,20270606,1,20270612,1,20270613,1,20270619,1,20270620,1,20270626,1,20270627,1,20270703,1,20270704,1,20270710,1,20270711,1,20270717,1,20270718,1,20270724,1,20270725,1,20270731,1,20270801,1,20270807,1,20270808,1,20270814,1,20270815,1,20270821,1,20270822,1,20270828,1,20270829,1,20270904,1,20270905,1,20270911,1,20270912,1,20270918,1,20270919,1,20270925,1,20270926,1,20271002,1,20271003,1,20271009,1,20271010,1,20271016,1,20271017,1,20271023,1,20271024,1,20271030,1,20271031,1,20271106,1,20271107,1,20271113,1,20271114,1,20271120,1,20271121,1,20271127,1,20271128,1,20271204,1,20271205,1,20271211,1,20271212,1,20271218,1,20271219,1,20271225,1,20271226,1,20280101,1
'1402656',20261010,1,20261011,1,20261017,1,20261018,1,20261024,1,20261025,1,20261031,1,20261101,1,20261107,1,20261108,1,20261114,1,20261115,1,20261121,1,20261122,1,20261128,1,20261129,1,20261205,1,20261206,1,20261212,1,20261213,1,20261219,1,20261220,1,20261226,1,20261227,1,20270102,1,20270103,1,20270109,1,20270110,1,20270116,1,20270117,1,20270123,1,20270124,1,20270130,1,20270131,1,20270206,1,20270207,1,20270213,1,20270214,1,20270220,1,20270221,1,20270227,1,20270228,1,20270306,1,20270307,1,20270313,1,20270314,1,20270320,1,20270321,1,20270327,1,20270328,1,20270403,1,20270404,1,20270410,1,20270411,1,20270417,1,20270418,1,20270424,1,20270425,1,20270501,1,20270502,1,20270508,1,20270509,1,20270515,1,20270516,1,20270522,1,20270523,1,20270529,1,20270530,1,20270605,1,20270606,1,20270612,1,20270613,1,20270619,1,20270620,1,20270626,1,20270627,1,20270703,1,20270704,1,20270710,1,20270711,1,20270717,1,20270718,1,20270724,1,20270725,1,20270731,1,20270801,1,20270807,1,20270808,1,20270814,1,20270815,1,20270821,1,20270822,1,20270828,1,20270829,1,20270904,1,20270905,1,20270911,1,20270912,1,20270918,1,20270919,1,20270925,1,20270926,1,20271002,1,20271003,1,20271009,1,20271010,1,20271016,1,20271017,1,20271023,1,20271024,1,20271030,1,20271031,1,20271106,1,20271107,1,20271113,1,20271114,1,20271120,1,20271121,1,20271127,1,20271128,1,20271204,1,20271205,1,20271211,1,20271212,1,20271218,1,20271219,1,20271225,1,20271226,1,20280101,1
'1402688',20261010,1,20261017,1,20261024,1,20261031,1,20261107,1,20261114,1,20261121,1,20261128,1,20261205,1,20261212,1,20261219,1,20261226,1,20270102,1,20270109,1,20270116,1,20270123,1,20270130,1,20270206,1,20270213,1,20270220,1,20270227,1,20270306,1,20270313,1,20270320,1,20270327,1,20270403,1,20270410,1,20270417,1,20270424,1,20270501,1,20270508,1,20270515,1,20270522,1,20270529,1,20270605,1,20270612,1,20270619,1,20270626,1,20270703,1,20270710,1,20270717,1,20270724,1,20270731,1,20270807,1,20270814,1,20270821,1,20270828,1,20270904,1,20270911,1,20270918,1,20270925,1,20271002,1,20271009,1,20271016,1,20271023,1,20271030,1,20271106,1,20271113,1,20271120,1,20271127,1,20271204,1,20271211,1,20271218,1,20271225,1,20280101,1
'1402691',20261008,1,20261009,1,20261012,1,20261013,1,20261014,1,20261015,1,20261016,1,20261019,1,20261020,1,20261021,1,20261022,1,20261023,1,20261026,1,20261027,1,20261028,1,20261029,1,20261030,1,20261102,1,20261103,1,20261104,1,20261105,1,20261106,1,20261109,1,20261110,1,20261111,1,20261112,1,20261113,1,20261116,1,20261117,1,20261118,1,20261119,1,20261120,1,20261123,1,20261124,1,20261125,1,20261126,1,20261127,1,20261130,1,20261201,1,20261202,1,20261203,1,20261204,1,20261207,1,20261208,1,20261209,1,20261210,1,20261211,1,20261214,1,20261215,1,20261216,1,20261217,1,20261218,1,20261221,1,20261222,1,20261223,1,20261224,1,20261225,1,20261228,1,20261229,1,20261230,1,20261231,1,20270101,1,20270104,1,20270105,1,20270106,1,20270107,1,20270108,1,20270111,1,20270112,1,20270113,1,20270114,1,20270115,1,20270118,1,20270119,1,20270120,1,20270121,1,20270122,1,20270125,1,20270126,1,20270127,1,20270128,1,20270129,1,20270201,1,20270202,1,20270203,1,20270204,1,20270205,1,20270208,1,20270209,1,20270210,1,20270211,1,20270212,1,20270215,1,20270216,1,20270217,1,20270218,1,20270219,1,20270222,1,20270223,1,20270224,1,20270225,1,20270226,1,20270301,1,20270302,1,20270303,1,20270304,1,20270305,1,20270308,1,20270309,1,20270310,1,20270311,1,20270312,1,20270315,1,20270316,1,20270317,1,20270318,1,20270319,1,20270322,1,20270323,1,20270324,1,20270325,1,20270326,1,20270329,1,20270330,1,20270331,1,20270401,1,20270402,1,20270405,1,20270406,1,20270407,1,20270408,1,20270409,1,20270412,1,20270413,1,20270414,1,20270415,1,20270416,1,20270419,1,20270420,1,20270421,1,20270422,1,20270423,1,20270426,1,20270427,1,20270428,1,20270429,1,20270430,1,20270503,1,20270504,1,20270505,1,20270506,1,20270507,1,20270510,1,20270511,1,20270512,1,20270513,1,20270514,1,20270517,1,20270518,1,20270519,1,20270520,1,20270521,1,20270524,1,20270525,1,20270526,1,20270527,1,20270528,1,20270531,1,20270601,1,20270602,1,20270603,1,20270604,1,20270607,1,20270608,1,20270609,1,20270610,1,20270611,1,20270614,1,20270615,1,20270616,1,20270617,1,20270618,1,20270621,1,20270622,1,20270623,1,20270624,1,20270625,1,20270628,1,20270629,1,20270630,1,20270701,1,20270702,1,20270705,1,20270706,1,20270707,1,20270708,1,20270709,1,20270712,1,20270713,1,20270714,1,20270715,1,20270716,1,20270719,1,20270720,1,20270721,1,20270722,1,20270723,1,20270726,1,20270727,1,20270728,1,20270729,1,20270730,1,20270802,1,20270803,1,20270804,1,20270805,1,20270806,1,20270809,1,20270810,1,20270811,1,20270812,1,20270813,1,20270816,1,20270817,1,20270818,1,20270819,1,20270820,1,20270823,1,20270824,1,20270825,1,20270826,1,20270827,1,20270830,1,20270831,1,20270901,1,20270902,1,20270903,1,20270906,1,20270907,1,20270908,1,20270909,1,20270910,1,20270913,1,20270914,1,20270915,1,20270916,1,20270917,1,20270920,1,20270921,1,20270922,1,20270923,1,20270924,1,20270927,1,20270928,1,20270929,1,20270930,1,20271001,1,20271004,1,20271005,1,20271006,1,20271007,1,20271008,1,20271011,1,20271012,1,20271013,1,20271014,1,20271015,1,20271018,1,20271019,1,20271020,1,20271021,1,20271022,1,20271025,1,20271026,1,20271027,1,20271028,1,20271029,1,20271101,1,20271102,1,20271103,1,20271104,1,20271105,1,20271108,1,20271109,1,20271110,1,20271111,1,20271112,1,20271115,1,20271116,1,20271117,1,20271118,1,20271119,1,20271122,1,20271123,1,20271124,1,20271125,1,20271126,1,20271129,1,20271130,1,20271201,1,20271202,1,20271203,1,20271206,1,20271207,1,20271208,1,20271209,1,20271210,1,20271213,1,20271214,1,20271215,1,20271216,1,20271217,1,20271220,1,20271221,1,20271222,1,20271223,1,20271224,1,20271227,1,20271228,1,20271229,1,20271230,1,20271231,1
'1402699',20261010,1,20261011,1,20261017,1,20261018,1,20261024,1,20261025,1,20261031,1,20261101,1,20261107,1,20261108,1,20261114,1,20261115,1,20261121,1,20261122,1,20261128,1,20261129,1,20261205,1,20261206,1,20261212,1,20261213,1,20261219,1,20261220,1,20261226,1,20261227,1,20270102,1,20270103,1,20270109,1,20270110,1,20270116,1,20270117,1,20270123,1,20270124,1,20270130,1,20270131,1,20270206,1,20270207,1,20270213,1,20270214,1,20270220,1,20270221,1,20270227,1,20270228,1,20270306,1,20270307,1,20270313,1,20270314,1,20270320,1,20270321,1,20270327,1,20270328,1,20270403,1,20270404,1,20270410,1,20270411,1,20270417,1,20270418,1,20270424,1,20270425,1,20270501,1,20270502,1,20270508,1,20270509,1,20270515,1,20270516,1,20270522,1,20270523,1,20270529,1,20270530,1,20270605,1,20270606,1,20270612,1,20270613,1,20270619,1,20270620,1,20270626,1,20270627,1,20270703,1,20270704,1,20270710,1,20270711,1,20270717,1,20270718,1,20270724,1,20270725,1,20270731,1,20270801,1,20270807,1,20270808,1,20270814,1,20270815,1,20270821,1,20270822,1,20270828,1,20270829,1,20270904,1,20270905,1,20270911,1,20270912,1,20270918,1,20270919,1,20270925,1,20270926,1,20271002,1,20271003,1,20271009,1,20271010,1,20271016,1,20271017,1,20271023,1,20271024,1,20271030,1,20271031,1,20271106,1,20271107,1,20271113,1,20271114,1,20271120,1,20271121,1,20271127,1,20271128,1,20271204,1,20271205,1,20271211,1,20271212,1,20271218,1,20271219,1,20271225,1,20271226,1,20280101,1
'1402712',20261008,1,20261009,1,20261012,1,20261013,1,20261014,1,20261015,1,20261016,1,20261019,1,20261020,1,20261021,1,20261022,1,20261023,1,20261026,1,20261027,1,20261028,1,20261029,1,20261030,1,20261102,1,20261103,1,20261104,1,20261105,1,20261106,1,20261109,1,20261110,1,20261111,1,20261112,1,20261113,1,20261116,1,20261117,1,20261118,1,20261119,1,20261120,1,20261123,1,20261124,1,20261125,1,20261126,1,20261127,1,20261130,1,20261201,1,20261202,1,20261203,1,20261204,1,20261207,1,20261208,1,20261209,1,20261210,1,20261211,1,20261214,1,20261215,1,20261216,1,20261217,1,20261218,1,20261221,1,20261222,1,20261223,1,20261224,1,20261225,1,20261228,1,20261229,1,20261230,1,20261231,1,20270101,1,20270104,1,20270105,1,20270106,1,20270107,1,20270108,1,20270111,1,20270112,1,20270113,1,20270114,1,20270115,1,20270118,1,20270119,1,20270120,1,20270121,1,20270122,1,20270125,1,20270126,1,20270127,1,20270128,1,20270129,1,20270201,1,20270202,1,20270203,1,20270204,1,20270205,1,20270208,1,20270209,1,20270210,1,20270211,1,20270212,1,20270215,1,20270216,1,20270217,1,20270218,1,20270219,1,20270222,1,20270223,1,20270224,1,20270225,1,20270226,1,20270301,1,20270302,1,20270303,1,20270304,1,20270305,1,20270308,1,20270309,1,20270310,1,20270311,1,20270312,1,20270315,1,20270316,1,20270317,1,20270318,1,20270319,1,20270322,1,20270323,1,20270324,1,20270325,1,20270326,1,20270329,1,20270330,1,20270331,1,20270401,1,20270402,1,20270405,1,20270406,1,20270407,1,20270408,1,20270409,1,20270412,1,20270413,1,20270414,1,20270415,1,20270416,1,20270419,1,20270420,1,20270421,1,20270422,1,20270423,1,20270426,1,20270427,1,20270428,1,20270429,1,20270430,1,20270503,1,20270504,1,20270505,1,20270506,1,20270507,1,20270510,1,20270511,1,20270512,1,20270513,1,20270514,1,20270517,1,20270518,1,20270519,1,20270520,1,20270521,1,20270524,1,20270525,1,20270526,1,20270527,1,20270528,1,20270531,1,20270601,1,20270602,1,20270603,1,20270604,1,20270607,1,20270608,1,20270609,1,20270610,1,20270611,1,20270614,1,20270615,1,20270616,1,20270617,1,20270618,1,20270621,1,20270622,1,20270623,1,20270624,1,20270625,1,20270628,1,20270629,1,20270630,1,20270701,1,20270702,1,20270705,1,20270706,1,20270707,1,20270708,1,20270709,1,20270712,1,20270713,1,20270714,1,20270715,1,20270716,1,20270719,1,20270720,1,20270721,1,20270722,1,20270723,1,20270726,1,20270727,1,20270728,1,20270729,1,20270730,1,20270802,1,20270803,1,20270804,1,20270805,1,20270806,1,20270809,1,20270810,1,20270811,1,20270812,1,20270813,1,20270816,1,20270817,1,20270818,1,20270819,1,20270820,1,20270823,1,20270824,1,20270825,1,20270826,1,20270827,1,20270830,1,20270831,1,20270901,1,20270902,1,20270903,1,20270906,1,20270907,1,20270908,1,20270909,1,20270910,1,20270913,1,20270914,1,20270915,1,20270916,1,20270917,1,20270920,1,20270921,1,20270922,1,20270923,1,20270924,1,20270927,1,20270928,1,20270929,1,20270930,1,20271001,1,20271004,1,20271005,1,20271006,1,20271007,1,20271008,1,20271011,1,20271012,1,20271013,1,20271014,1,20271015,1,20271018,1,20271019,1,20271020,1,20271021,1,20271022,1,20271025,1,20271026,1,20271027,1,20271028,1,20271029,1,20271101,1,20271102,1,20271103,1,20271104,1,20271105,1,20271108,1,20271109,1,20271110,1,20271111,1,20271112,1,20271115,1,20271116,1,20271117,1,20271118,1,20271119,1,20271122,1,20271123,1,20271124,1,20271125,1,20271126,1,20271129,1,20271130,1,20271201,1,20271202,1,20271203,1,20271206,1,20271207,1,20271208,1,20271209,1,20271210,1,20271213,1,20271214,1,20271215,1,20271216,1,20271217,1,20271220,1,20271221,1,20271222,1,20271223,1,20271224,1,20271227,1,20271228,1,20271229,1,20271230,1,20271231,1
'1402767',20261010,1,20261011,1,20261017,1,20261018,1,20261024,1,20261025,1,20261031,1,20261101,1,20261107,1,20261108,1,20261114,1,20261115,1,20261121,1,20261122,1,20261128,1,20261129,1,20261205,1,20261206,1,20261212,1,20261213,1,20261219,1,20261220,1,20261226,1,20261227,1,20270102,1,20270103,1,20270109,1,20270110,1,20270116,1,20270117,1,20270123,1,20270124,1,20270130,1,20270131,1,20270206,1,20270207,1,20270213,1,20270214,1,20270220,1,20270221,1,20270227,1,20270228,1,20270306,1,20270307,1,20270313,1,20270314,1,20270320,1,20270321,1,20270327,1,20270328,1,20270403,1,20270404,1,20270410,1,20270411,1,20270417,1,20270418,1,20270424,1,20270425,1,20270501,1,20270502,1,20270508,1,20270509,1,20270515,1,20270516,1,20270522,1,20270523,1,20270529,1,20270530,1,20270605,1,20270606,1,20270612,1,20270613,1,20270619,1,20270620,1,20270626,1,20270627,1,20270703,1,20270704,1,20270710,1,20270711,1,20270717,1,20270718,1,20270724,1,20270725,1,20270731,1,20270801,1,20270807,1,20270808,1,20270814,1,20270815,1,20270821,1,20270822,1,20270828,1,20270829,1,20270904,1,20270905,1,20270911,1,20270912,1,20270918,1,20270919,1,20270925,1,20270926,1,20271002,1,20271003,1,20271009,1,20271010,1,20271016,1,20271017,1,20271023,1,20271024,1,20271030,1,20271031,1,20271106,1,20271107,1,20271113,1,20271114,1,20271120,1,20271121,1,20271127,1,20271128,1,20271204,1,20271205,1,20271211,1,20271212,1,20271218,1,20271219,1,20271225,1,20271226,1,20280101,1
'1402779',20261008,1,20261009,1,20261012,1,20261013,1,20261014,1,20261015,1,20261016,1,20261019,1,20261020,1,20261021,1,20261022,1,20261023,1,20261026,1,20261027,1,20261028,1,20261029,1,20261030,1,20261102,1,20261103,1,20261104,1,20261105,1,20261106,1,20261109,1,20261110,1,20261111,1,20261112,1,20261113,1,20261116,1,20261117,1,20261118,1,20261119,1,20261120,1,20261123,1,20261124,1,20261125,1,20261126,1,20261127,1,20261130,1,20261201,1,20261202,1,20261203,1,20261204,1,20261207,1,20261208,1,20261209,1,20261210,1,20261211,1,20261214,1,20261215,1,20261216,1,20261217,1,20261218,1,20261221,1,20261222,1,20261223,1,20261224,1,20261225,1,20261228,1,20261229,1,20261230,1,20261231,1,20270101,1,20270104,1,20270105,1,20270106,1,20270107,1,20270108,1,20270111,1,20270112,1,20270113,1,20270114,1,20270115,1,20270118,1,20270119,1,20270120,1,20270121,1,20270122,1,20270125,1,20270126,1,20270127,1,20270128,1,20270129,1,20270201,1,20270202,1,20270203,1,20270204,1,20270205,1,20270208,1,20270209,1,20270210,1,20270211,1,20270212,1,20270215,1,20270216,1,20270217,1,20270218,1,20270219,1,20270222,1,20270223,1,20270224,1,20270225,1,20270226,1,20270301,1,20270302,1,20270303,1,20270304,1,20270305,1,20270308,1,20270309,1,20270310,1,20270311,1,20270312,1,20270315,1,20270316,1,20270317,1,20270318,1,20270319,1,20270322,1,20270323,1,20270324,1,20270325,1,20270326,1,20270329,1,20270330,1,20270331,1,20270401,1,20270402,1,20270405,1,20270406,1,20270407,1,20270408,1,20270409,1,20270412,1,20270413,1,20270414,1,20270415,1,20270416,1,20270419,1,20270420,1,20270421,1,20270422,1,20270423,1,20270426,1,20270427,1,20270428,1,20270429,1,20270430,1,20270503,1,20270504,1,20270505,1,20270506,1,20270507,1,20270510,1,20270511,1,20270512,1,20270513,1,20270514,1,20270517,1,20270518,1,20270519,1,20270520,1,20270521,1,20270524,1,20270525,1,20270526,1,20270527,1,20270528,1,20270531,1,20270601,1,20270602,1,20270603,1,20270604,1,20270607,1,20270608,1,20270609,1,20270610,1,20270611,1,20270614,1,20270615,1,20270616,1,20270617,1,20270618,1,20270621,1,20270622,1,20270623,1,20270624,1,20270625,1,20270628,1,20270629,1,20270630,1,20270701,1,20270702,1,20270705,1,20270706,1,20270707,1,20270708,1,20270709,1,20270712,1,20270713,1,20270714,1,20270715,1,20270716,1,20270719,1,20270720,1,20270721,1,20270722,1,20270723,1,20270726,1,20270727,1,20270728,1,20270729,1,20270730,1,20270802,1,20270803,1,20270804,1,20270805,1,20270806,1,20270809,1,20270810,1,20270811,1,20270812,1,20270813,1,20270816,1,20270817,1,20270818,1,20270819,1,20270820,1,20270823,1,20270824,1,20270825,1,20270826,1,20270827,1,20270830,1,20270831,1,20270901,1,20270902,1,20270903,1,20270906,1,20270907,1,20270908,1,20270909,1,20270910,1,20270913,1,20270914,1,20270915,1,20270916,1,20270917,1,20270920,1,20270921,1,20270922,1,20270923,1,20270924,1,20270927,1,20270928,1,20270929,1,20270930,1,20271001,1,20271004,1,20271005,1,20271006,1,20271007,1,20271008,1,20271011,1,20271012,1,20271013,1,20271014,1,20271015,1,20271018,1,20271019,1,20271020,1,20271021,1,20271022,1,20271025,1,20271026,1,20271027,1,20271028,1,20271029,1,20271101,1,20271102,1,20271103,1,20271104,1,20271105,1,20271108,1,20271109,1,20271110,1,20271111,1,20271112,1,20271115,1,20271116,1,20271117,1,20271118,1,20271119,1,20271122,1,20271123,1,20271124,1,20271125,1,20271126,1,20271129,1,20271130,1,20271201,1,20271202,1,20271203,1,20271206,1,20271207,1,20271208,1,20271209,1,20271210,1,20271213,1,20271214,1,20271215,1,20271216,1,20271217,1,20271220,1,20271221,1,20271222,1,20271223,1,20271224,1,20271227,1,20271228,1,20271229,1,20271230,1,20271231,1
'1402786',20261008,1,20261009,1,20261012,1,20261013,1,20261014,1,20261015,1,20261016,1,20261019,1,20261020,1,20261021,1,20261022,1,20261023,1,20261026,1,20261027,1,20261028,1,20261029,1,20261030,1,20261102,1,20261103,1,20261104,1,20261105,1,20261106,1,20261109,1,20261110,1,20261111,1,20261112,1,20261113,1,20261116,1,20261117,1,20261118,1,20261119,1,20261120,1,20261123,1,20261124,1,20261125,1,20261126,1,20261127,1,20261130,1,20261201,1,20261202,1,20261203,1,20261204,1,20261207,1,20261208,1,20261209,1,20261210,1,20261211,1,20261214,1,20261215,1,20261216,1,20261217,1,20261218,1,20261221,1,20261222,1,20261223,1,20261224,1,20261225,1,20261228,1,20261229,1,20261230,1,20261231,1,20270101,1,20270104,1,20270105,1,20270106,1,20270107,1,20270108,1,20270111,1,20270112,1,20270113,1,20270114,1,20270115,1,20270118,1,20270119,1,20270120,1,20270121,1,20270122,1,20270125,1,20270126,1,20270127,1,20270128,1,20270129,1,20270201,1,20270202,1,20270203,1,20270204,1,20270205,1,20270208,1,20270209,1,20270210,1,20270211,1,20270212,1,20270215,1,20270216,1,20270217,1,20270218,1,20270219,1,20270222,1,20270223,1,20270224,1,20270225,1,20270226,1,20270301,1,20270302,1,20270303,1,20270304,1,20270305,1,20270308,1,20270309,1,20270310,1,20270311,1,20270312,1,20270315,1,20270316,1,20270317,1,20270318,1,20270319,1,20270322,1,20270323,1,20270324,1,20270325,1,20270326,1,20270329,1,20270330,1,20270331,1,20270401,1,20270402,1,20270405,1,20270406,1,20270407,1,20270408,1,20270409,1,20270412,1,20270413,1,20270414,1,20270415,1,20270416,1,20270419,1,20270420,1,20270421,1,20270422,1,20270423,1,20270426,1,20270427,1,20270428,1,20270429,1,20270430,1,20270503,1,20270504,1,20270505,1,20270506,1,20270507,1,20270510,1,20270511,1,20270512,1,20270513,1,20270514,1,20270517,1,20270518,1,20270519,1,20270520,1,20270521,1,20270524,1,20270525,1,20270526,1,20270527,1,20270528,1,20270531,1,20270601,1,20270602,1,20270603,1,20270604,1,20270607,1,20270608,1,20270609,1,20270610,1,20270611,1,20270614,1,20270615,1,20270616,1,20270617,1,20270618,1,20270621,1,20270622,1,20270623,1,20270624,1,20270625,1,20270628,1,20270629,1,20270630,1,20270701,1,20270702,1,20270705,1,20270706,1,20270707,1,20270708,1,20270709,1,20270712,1,20270713,1,20270714,1,20270715,1,20270716,1,20270719,1,20270720,1,20270721,1,20270722,1,20270723,1,20270726,1,20270727,1,20270728,1,20270729,1,20270730,1,20270802,1,20270803,1,20270804,1,20270805,1,20270806,1,20270809,1,20270810,1,20270811,1,20270812,1,20270813,1,20270816,1,20270817,1,20270818,1,20270819,1,20270820,1,20270823,1,20270824,1,20270825,1,20270826,1,20270827,1,20270830,1,20270831,1,20270901,1,20270902,1,20270903,1,20270906,1,20270907,1,20270908,1,20270909,1,20270910,1,20270913,1,20270914,1,20270915,1,20270916,1,20270917,1,20270920,1,20270921,1,20270922,1,20270923,1,20270924,1,20270927,1,20270928,1,20270929,1,20270930,1,20271001,1,20271004,1,20271005,1,20271006,1,20271007,1,20271008,1,20271011,1,20271012,1,20271013,1,20271014,1,20271015,1,20271018,1,20271019,1,20271020,1,20271021,1,20271022,1,20271025,1,20271026,1,20271027,1,20271028,1,20271029,1,20271101,1,20271102,1,20271103,1,20271104,1,20271105,1,20271108,1,20271109,1,20271110,1,20271111,1,20271112,1,20271115,1,20271116,1,20271117,1,20271118,1,20271119,1,20271122,1,20271123,1,20271124,1,20271125,1,20271126,1,20271129,1,20271130,1,20271201,1,20271202,1,20271203,1,20271206,1,20271207,1,20271208,1,20271209,1,20271210,1,20271213,1,20271214,1,20271215,1,20271216,1,20271217,1,20271220,1,20271221,1,20271222,1,20271223,1,20271224,1,20271227,1,20271228,1,20271229,1,20271230,1,20271231,1
'1402795',20261008,1,20261009,1,20261012,1,20261013,1,20261014,1,20261015,1,20261016,1,20261019,1,20261020,1,20261021,1,20261022,1,20261023,1,20261026,1,20261027,1,20261028,1,20261029,1,20261030,1,20261102,1,20261103,1,20261104,1,20261105,1,20261106,1,20261109,1,20261110,1,20261111,1,20261112,1,20261113,1,20261116,1,20261117,1,20261118,1,20261119,1,20261120,1,20261123,1,20261124,1,20261125,1,20261126,1,20261127,1,20261130,1,20261201,1,20261202,1,20261203,1,20261204,1,20261207,1,20261208,1,20261209,1,20261210,1,20261211,1,20261214,1,20261215,1,20261216,1,20261217,1,20261218,1,20261221,1,20261222,1,20261223,1,20261224,1,20261225,1,20261228,1,20261229,1,20261230,1,20261231,1,20270101,1,20270104,1,20270105,1,20270106,1,20270107,1,20270108,1,20270111,1,20270112,1,20270113,1,20270114,1,20270115,1,20270118,1,20270119,1,20270120,1,20270121,1,20270122,1,20270125,1,20270126,1,20270127,1,20270128,1,20270129,1,20270201,1,20270202,1,20270203,1,20270204,1,20270205,1,20270208,1,20270209,1,20270210,1,20270211,1,20270212,1,20270215,1,20270216,1,20270217,1,20270218,1,20270219,1,20270222,1,20270223,1,20270224,1,20270225,1,20270226,1,20270301,1,20270302,1,20270303,1,20270304,1,20270305,1,20270308,1,20270309,1,20270310,1,20270311,1,20270312,1,20270315,1,20270316,1,20270317,1,20270318,1,20270319,1,20270322,1,20270323,1,20270324,1,20270325,1,20270326,1,20270329,1,20270330,1,20270331,1,20270401,1,20270402,1,20270405,1,20270406,1,20270407,1,20270408,1,20270409,1,20270412,1,20270413,1,20270414,1,20270415,1,20270416,1,20270419,1,20270420,1,20270421,1,20270422,1,20270423,1,20270426,1,20270427,1,20270428,1,20270429,1,20270430,1,20270503,1,20270504,1,20270505,1,20270506,1,20270507,1,20270510,1,20270511,1,20270512,1,20270513,1,20270514,1,20270517,1,20270518,1,20270519,1,20270520,1,20270521,1,20270524,1,20270525,1,20270526,1,20270527,1,20270528,1,20270531,1,20270601,1,20270602,1,20270603,1,20270604,1,20270607,1,20270608,1,20270609,1,20270610,1,20270611,1,20270614,1,20270615,1,20270616,1,20270617,1,20270618,1,20270621,1,20270622,1,20270623,1,20270624,1,20270625,1,20270628,1,20270629,1,20270630,1,20270701,1,20270702,1,20270705,1,20270706,1,20270707,1,20270708,1,20270709,1,20270712,1,20270713,1,20270714,1,20270715,1,20270716,1,20270719,1,20270720,1,20270721,1,20270722,1,20270723,1,20270726,1,20270727,1,20270728,1,20270729,1,20270730,1,20270802,1,20270803,1,20270804,1,20270805,1,20270806,1,20270809,1,20270810,1,20270811,1,20270812,1,20270813,1,20270816,1,20270817,1,20270818,1,20270819,1,20270820,1,20270823,1,20270824,1,20270825,1,20270826,1,20270827,1,20270830,1,20270831,1,20270901,1,20270902,1,20270903,1,20270906,1,20270907,1,20270908,1,20270909,1,20270910,1,20270913,1,20270914,1,20270915,1,20270916,1,20270917,1,20270920,1,20270921,1,20270922,1,20270923,1,20270924,1,20270927,1,20270928,1,20270929,1,20270930,1,20271001,1,20271004,1,20271005,1,20271006,1,20271007,1,20271008,1,20271011,1,20271012,1,20271013,1,20271014,1,20271015,1,20271018,1,20271019,1,20271020,1,20271021,1,20271022,1,20271025,1,20271026,1,20271027,1,20271028,1,20271029,1,20271101,1,20271102,1,20271103,1,20271104,1,20271105,1,20271108,1,20271109,1,20271110,1,20271111,1,20271112,1,20271115,1,20271116,1,20271117,1,20271118,1,20271119,1,20271122,1,20271123,1,20271124,1,20271125,1,20271126,1,20271129,1,20271130,1,20271201,1,20271202,1,20271203,1,20271206,1,20271207,1,20271208,1,20271209,1,20271210,1,20271213,1,20271214,1,20271215,1,20271216,1,20271217,1,20271220,1,20271221,1,20271222,1,20271223,1,20271224,1,20271227,1,20271228,1,20271229,1,20271230,1,20271231,1
'1402803',20261008,1,20261009,1,20261012,1,20261013,1,20261014,1,20261015,1,20261016,1,20261019,1,20261020,1,20261021,1,20261022,1,20261023,1,20261026,1,20261027,1,20261028,1,20261029,1,20261030,1,20261102,1,20261103,1,20261104,1,20261105,1,20261106,1,20261109,1,20261110,1,20261111,1,20261112,1,20261113,1,20261116,1,20261117,1,20261118,1,20261119,1,20261120,1,20261123,1,20261124,1,20261125,1,20261126,1,20261127,1,20261130,1,20261201,1,20261202,1,20261203,1,20261204,1,20261207,1,20261208,1,20261209,1,20261210,1,20261211,1,20261214,1,20261215,1,20261216,1,20261217,1,20261218,1,20261221,1,20261222,1,20261223,1,20261224,1,20261225,1,20261228,1,20261229,1,20261230,1,20261231,1,20270101,1,20270104,1,20270105,1,20270106,1,20270107,1,20270108,1,20270111,1,20270112,1,20270113,1,20270114,1,20270115,1,20270118,1,20270119,1,20270120,1,20270121,1,20270122,1,20270125,1,20270126,1,20270127,1,20270128,1,20270129,1,20270201,1,20270202,1,20270203,1,20270204,1,20270205,1,20270208,1,20270209,1,20270210,1,20270211,1,20270212,1,20270215,1,20270216,1,20270217,1,20270218,1,20270219,1,20270222,1,20270223,1,20270224,1,20270225,1,20270226,1,20270301,1,20270302,1,20270303,1,20270304,1,20270305,1,20270308,1,20270309,1,20270310,1,20270311,1,20270312,1,20270315,1,20270316,1,20270317,1,20270318,1,20270319,1,20270322,1,20270323,1,20270324,1,20270325,1,20270326,1,20270329,1,20270330,1,20270331,1,20270401,1,20270402,1,20270405,1,20270406,1,20270407,1,20270408,1,20270409,1,20270412,1,20270413,1,20270414,1,20270415,1,20270416,1,20270419,1,20270420,1,20270421,1,20270422,1,20270423,1,20270426,1,20270427,1,20270428,1,20270429,1,20270430,1,20270503,1,20270504,1,20270505,1,20270506,1,20270507,1,20270510,1,20270511,1,20270512,1,20270513,1,20270514,1,20270517,1,20270518,1,20270519,1,20270520,1,20270521,1,20270524,1,20270525,1,20270526,1,20270527,1,20270528,1,20270531,1,20270601,1,20270602,1,20270603,1,20270604,1,20270607,1,20270608,1,20270609,1,20270610,1,20270611,1,20270614,1,20270615,1,20270616,1,20270617,1,20270618,1,20270621,1,20270622,1,20270623,1,20270624,1,20270625,1,20270628,1,20270629,1,20270630,1,20270701,1,20270702,1,20270705,1,20270706,1,20270707,1,20270708,1,20270709,1,20270712,1,20270713,1,20270714,1,20270715,1,20270716,1,20270719,1,20270720,1,20270721,1,20270722,1,20270723,1,20270726,1,20270727,1,20270728,1,20270729,1,20270730,1,20270802,1,20270803,1,20270804,1,20270805,1,20270806,1,20270809,1,20270810,1,20270811,1,20270812,1,20270813,1,20270816,1,20270817,1,20270818,1,20270819,1,20270820,1,20270823,1,20270824,1,20270825,1,20270826,1,20270827,1,20270830,1,20270831,1,20270901,1,20270902,1,20270903,1,20270906,1,20270907,1,20270908,1,20270909,1,20270910,1,20270913,1,20270914,1,20270915,1,20270916,1,20270917,1,20270920,1,20270921,1,20270922,1,20270923,1,20270924,1,20270927,1,20270928,1,20270929,1,20270930,1,20271001,1,20271004,1,20271005,1,20271006,1,20271007,1,20271008,1,20271011,1,20271012,1,20271013,1,20271014,1,20271015,1,20271018,1,20271019,1,20271020,1,20271021,1,20271022,1,20271025,1,20271026,1,20271027,1,20271028,1,20271029,1,20271101,1,20271102,1,20271103,1,20271104,1,20271105,1,20271108,1,20271109,1,20271110,1,20271111,1,20271112,1,20271115,1,20271116,1,20271117,1,20271118,1,20271119,1,20271122,1,20271123,1,20271124,1,20271125,1,20271126,1,20271129,1,20271130,1,20271201,1,20271202,1,20271203,1,20271206,1,20271207,1,20271208,1,20271209,1,20271210,1,20271213,1,20271214,1,20271215,1,20271216,1,20271217,1,20271220,1,20271221,1,20271222,1,20271223,1,20271224,1,20271227,1,20271228,1,20271229,1,20271230,1,20271231,1
'1402809',20261008,1,20261009,1,20261012,1,20261013,1,20261014,1,20261015,1,20261016,1,20261019,1,20261020,1,20261021,1,20261022,1,20261023,1,20261026,1,20261027,1,20261028,1,20261029,1,20261030,1,20261102,1,20261103,1,20261104,1,20261105,1,20261106,1,20261109,1,20261110,1,20261111,1,20261112,1,20261113,1,20261116,1,20261117,1,20261118,1,20261119,1,20261120,1,20261123,1,20261124,1,20261125,1,20261126,1,20261127,1,20261130,1,20261201,1,20261202,1,20261203,1,20261204,1,20261207,1,20261208,1,20261209,1,20261210,1,20261211,1,20261214,1,20261215,1,20261216,1,20261217,1,20261218,1,20261221,1,20261222,1,20261223,1,20261224,1,20261225,1,20261228,1,20261229,1,20261230,1,20261231,1,20270101,1,20270104,1,20270105,1,20270106,1,20270107,1,20270108,1,20270111,1,20270112,1,20270113,1,20270114,1,20270115,1,20270118,1,20270119,1,20270120,1,20270121,1,20270122,1,20270125,1,20270126,1,20270127,1,20270128,1,20270129,1,20270201,1,20270202,1,20270203,1,20270204,1,20270205,1,20270208,1,20270209,1,20270210,1,20270211,1,20270212,1,20270215,1,20270216,1,20270217,1,20270218,1,20270219,1,20270222,1,20270223,1,20270224,1,20270225,1,20270226,1,20270301,1,20270302,1,20270303,1,20270304,1,20270305,1,20270308,1,20270309,1,20270310,1,20270311,1,20270312,1,20270315,1,20270316,1,20270317,1,20270318,1,20270319,1,20270322,1,20270323,1,20270324,1,20270325,1,20270326,1,20270329,1,20270330,1,20270331,1,20270401,1,20270402,1,20270405,1,20270406,1,20270407,1,20270408,1,20270409,1,20270412,1,20270413,1,20270414,1,20270415,1,20270416,1,20270419,1,20270420,1,20270421,1,20270422,1,20270423,1,20270426,1,20270427,1,20270428,1,20270429,1,20270430,1,20270503,1,20270504,1,20270505,1,20270506,1,20270507,1,20270510,1,20270511,1,20270512,1,20270513,1,20270514,1,20270517,1,20270518,1,20270519,1,20270520,1,20270521,1,20270524,1,20270525,1,20270526,1,20270527,1,20270528,1,20270531,1,20270601,1,20270602,1,20270603,1,20270604,1,20270607,1,20270608,1,20270609,1,20270610,1,20270611,1,20270614,1,20270615,1,20270616,1,20270617,1,20270618,1,20270621,1,20270622,1,20270623,1,20270624,1,20270625,1,20270628,1,20270629,1,20270630,1,20270701,1,20270702,1,20270705,1,20270706,1,20270707,1,20270708,1,20270709,1,20270712,1,20270713,1,20270714,1,20270715,1,20270716,1,20270719,1,20270720,1,20270721,1,20270722,1,20270723,1,20270726,1,20270727,1,20270728,1,20270729,1,20270730,1,20270802,1,20270803,1,20270804,1,20270805,1,20270806,1,20270809,1,20270810,1,20270811,1,20270812,1,20270813,1,20270816,1,20270817,1,20270818,1,20270819,1,20270820,1,20270823,1,20270824,1,20270825,1,20270826,1,20270827,1,20270830,1,20270831,1,20270901,1,20270902,1,20270903,1,20270906,1,20270907,1,20270908,1,20270909,1,20270910,1,20270913,1,20270914,1,20270915,1,20270916,1,20270917,1,20270920,1,20270921,1,20270922,1,20270923,1,20270924,1,20270927,1,20270928,1,20270929,1,20270930,1,20271001,1,20271004,1,20271005,1,20271006,1,20271007,1,20271008,1,20271011,1,20271012,1,20271013,1,20271014,1,20271015,1,20271018,1,20271019,1,20271020,1,20271021,1,20271022,1,20271025,1,20271026,1,20271027,1,20271028,1,20271029,1,20271101,1,20271102,1,20271103,1,20271104,1,20271105,1,20271108,1,20271109,1,20271110,1,20271111,1,20271112,1,20271115,1,20271116,1,20271117,1,20271118,1,20271119,1,20271122,1,20271123,1,20271124,1,20271125,1,20271126,1,20271129,1,20271130,1,20271201,1,20271202,1,20271203,1,20271206,1,20271207,1,20271208,1,20271209,1,20271210,1,20271213,1,20271214,1,20271215,1,20271216,1,20271217,1,20271220,1,20271221,1,20271222,1,20271223,1,20271224,1,20271227,1,20271228,1,20271229,1,20271230,1,20271231,1
'1402841',20261008,1,20261009,1,20261012,1,20261013,1,20261014,1,20261015,1,20261016,1,20261019,1,20261020,1,20261021,1,20261022,1,20261023,1,20261026,1,20261027,1,20261028,1,20261029,1,20261030,1,20261102,1,20261103,1,20261104,1,20261105,1,20261106,1,20261109,1,20261110,1,20261111,1,20261112,1,20261113,1,20261116,1,20261117,1,20261118,1,20261119,1,20261120,1,20261123,1,20261124,1,20261125,1,20261126,1,20261127,1,20261130,1,20261201,1,20261202,1,20261203,1,20261204,1,20261207,1,20261208,1,20261209,1,20261210,1,20261211,1,20261214,1,20261215,1,20261216,1,20261217,1,20261218,1,20261221,1,20261222,1,20261223,1,20261224,1,20261225,1,20261228,1,20261229,1,20261230,1,20261231,1,20270101,1,20270104,1,20270105,1,20270106,1,20270107,1,20270108,1,20270111,1,20270112,1,20270113,1,20270114,1,20270115,1,20270118,1,20270119,1,20270120,1,20270121,1,20270122,1,20270125,1,20270126,1,20270127,1,20270128,1,20270129,1,20270201,1,20270202,1,20270203,1,20270204,1,20270205,1,20270208,1,20270209,1,20270210,1,20270211,1,20270212,1,20270215,1,20270216,1,20270217,1,20270218,1,20270219,1,20270222,1,20270223,1,20270224,1,20270225,1,20270226,1,20270301,1,20270302,1,20270303,1,20270304,1,20270305,1,20270308,1,20270309,1,20270310,1,20270311,1,20270312,1,20270315,1,20270316,1,20270317,1,20270318,1,20270319,1,20270322,1,20270323,1,20270324,1,20270325,1,20270326,1,20270329,1,20270330,1,20270331,1,20270401,1,20270402,1,20270405,1,20270406,1,20270407,1,20270408,1,20270409,1,20270412,1,20270413,1,20270414,1,20270415,1,20270416,1,20270419,1,20270420,1,20270421,1,20270422,1,20270423,1,20270426,1,20270427,1,20270428,1,20270429,1,20270430,1,20270503,1,20270504,1,20270505,1,20270506,1,20270507,1,20270510,1,20270511,1,20270512,1,20270513,1,20270514,1,20270517,1,20270518,1,20270519,1,20270520,1,20270521,1,20270524,1,20270525,1,20270526,1,20270527,1,20270528,1,20270531,1,20270601,1,20270602,1,20270603,1,20270604,1,20270607,1,20270608,1,20270609,1,20270610,1,20270611,1,20270614,1,20270615,1,20270616,1,20270617,1,20270618,1,20270621,1,20270622,1,20270623,1,20270624,1,20270625,1,20270628,1,20270629,1,20270630,1,20270701,1,20270702,1,20270705,1,20270706,1,20270707,1,20270708,1,20270709,1,20270712,1,20270713,1,20270714,1,20270715,1,20270716,1,20270719,1,20270720,1,20270721,1,20270722,1,20270723,1,20270726,1,20270727,1,20270728,1,20270729,1,20270730,1,20270802,1,20270803,1,20270804,1,20270805,1,20270806,1,20270809,1,20270810,1,20270811,1,20270812,1,20270813,1,20270816,1,20270817,1,20270818,1,20270819,1,20270820,1,20270823,1,20270824,1,20270825,1,20270826,1,20270827,1,20270830,1,20270831,1,20270901,1,20270902,1,20270903,1,20270906,1,20270907,1,20270908,1,20270909,1,20270910,1,20270913,1,20270914,1,20270915,1,20270916,1,20270917,1,20270920,1,20270921,1,20270922,1,20270923,1,20270924,1,20270927,1,20270928,1,20270929,1,20270930,1,20271001,1,20271004,1,20271005,1,20271006,1,20271007,1,20271008,1,20271011,1,20271012,1,20271013,1,20271014,1,20271015,1,20271018,1,20271019,1,20271020,1,20271021,1,20271022,1,20271025,1,20271026,1,20271027,1,20271028,1,20271029,1,20271101,1,20271102,1,20271103,1,20271104,1,20271105,1,20271108,1,20271109,1,20271110,1,20271111,1,20271112,1,20271115,1,20271116,1,20271117,1,20271118,1,20271119,1,20271122,1,20271123,1,20271124,1,20271125,1,20271126,1,20271129,1,20271130,1,20271201,1,20271202,1,20271203,1,20271206,1,20271207,1,20271208,1,20271209,1,20271210,1,20271213,1,20271214,1,20271215,1,20271216,1,20271217,1,20271220,1,20271221,1,20271222,1,20271223,1,20271224,1,20271227,1,20271228,1,20271229,1,20271230,1,20271231,1
'1402852',20261008,1,20261009,1,20261012,1,20261013,1,20261014,1,20261015,1,20261016,1,20261019,1,20261020,1,20261021,1,20261022,1,20261023,1,20261026,1,20261027,1,20261028,1,20261029,1,20261030,1,20261102,1,20261103,1,20261104,1,20261105,1,20261106,1,20261109,1,20261110,1,20261111,1,20261112,1,20261113,1,20261116,1,20261117,1,20261118,1,20261119,1,20261120,1,20261123,1,20261124,1,20261125,1,20261126,1,20261127,1,20261130,1,20261201,1,20261202,1,20261203,1,20261204,1,20261207,1,20261208,1,20261209,1,20261210,1,20261211,1,20261214,1,20261215,1,20261216,1,20261217,1,20261218,1,20261221,1,20261222,1,20261223,1,20261224,1,20261225,1,20261228,1,20261229,1,20261230,1,20261231,1,20270101,1,20270104,1,20270105,1,20270106,1,20270107,1,20270108,1,20270111,1,20270112,1,20270113,1,20270114,1,20270115,1,20270118,1,20270119,1,20270120,1,20270121,1,20270122,1,20270125,1,20270126,1,20270127,1,20270128,1,20270129,1,20270201,1,20270202,1,20270203,1,20270204,1,20270205,1,20270208,1,20270209,1,20270210,1,20270211,1,20270212,1,20270215,1,20270216,1,20270217,1,20270218,1,20270219,1,20270222,1,20270223,1,20270224,1,20270225,1,20270226,1,20270301,1,20270302,1,20270303,1,20270304,1,20270305,1,20270308,1,20270309,1,20270310,1,20270311,1,20270312,1,20270315,1,20270316,1,20270317,1,20270318,1,20270319,1,20270322,1,20270323,1,20270324,1,20270325,1,20270326,1,20270329,1,20270330,1,20270331,1,20270401,1,20270402,1,20270405,1,20270406,1,20270407,1,20270408,1,20270409,1,20270412,1,20270413,1,20270414,1,20270415,1,20270416,1,20270419,1,20270420,1,20270421,1,20270422,1,20270423,1,20270426,1,20270427,1,20270428,1,20270429,1,20270430,1,20270503,1,20270504,1,20270505,1,20270506,1,20270507,1,20270510,1,20270511,1,20270512,1,20270513,1,20270514,1,20270517,1,20270518,1,20270519,1,20270520,1,20270521,1,20270524,1,20270525,1,20270526,1,20270527,1,20270528,1,20270531,1,20270601,1,20270602,1,20270603,1,20270604,1,20270607,1,20270608,1,20270609,1,20270610,1,20270611,1,20270614,1,20270615,1,20270616,1,20270617,1,20270618,1,20270621,1,20270622,1,20270623,1,20270624,1,20270625,1,20270628,1,20270629,1,20270630,1,20270701,1,20270702,1,20270705,1,20270706,1,20270707,1,20270708,1,20270709,1,20270712,1,20270713,1,20270714,1,20270715,1,20270716,1,20270719,1,20270720,1,20270721,1,20270722,1,20270723,1,20270726,1,20270727,1,20270728,1,20270729,1,20270730,1,20270802,1,20270803,1,20270804,1,20270805,1,20270806,1,20270809,1,20270810,1,20270811,1,20270812,1,20270813,1,20270816,1,20270817,1,20270818,1,20270819,1,20270820,1,20270823,1,20270824,1,20270825,1,20270826,1,20270827,1,20270830,1,20270831,1,20270901,1,20270902,1,20270903,1,20270906,1,20270907,1,20270908,1,20270909,1,20270910,1,20270913,1,20270914,1,20270915,1,20270916,1,20270917,1,20270920,1,20270921,1,20270922,1,20270923,1,20270924,1,20270927,1,20270928,1,20270929,1,20270930,1,20271001,1,20271004,1,20271005,1,20271006,1,20271007,1,20271008,1,20271011,1,20271012,1,20271013,1,20271014,1,20271015,1,20271018,1,20271019,1,20271020,1,20271021,1,20271022,1,20271025,1,20271026,1,20271027,1,20271028,1,20271029,1,20271101,1,20271102,1,20271103,1,20271104,1,20271105,1,20271108,1,20271109,1,20271110,1,20271111,1,20271112,1,20271115,1,20271116,1,20271117,1,20271118,1,20271119,1,20271122,1,20271123,1,20271124,1,20271125,1,20271126,1,20271129,1,20271130,1,20271201,1,20271202,1,20271203,1,20271206,1,20271207,1,20271208,1,20271209,1,20271210,1,20271213,1,20271214,1,20271215,1,20271216,1,20271217,1,20271220,1,20271221,1,20271222,1,20271223,1,20271224,1,20271227,1,20271228,1,20271229,1,20271230,1,20271231,1
'1402874',20261010,1,20261017,1,20261024,1,20261031,1,20261107,1,20261114,1,20261121,1,20261128,1,20261205,1,20261212,1,20261219,1,20261226,1,20270102,1,20270109,1,20270116,1,20270123,1,20270130,1,20270206,1,20270213,1,20270220,1,20270227,1,20270306,1,20270313,1,20270320,1,20270327,1,20270403,1,20270410,1,20270417,1,20270424,1,20270501,1,20270508,1,20270515,1,20270522,1,20270529,1,20270605,1,20270612,1,20270619,1,20270626,1,20270703,1,20270710,1,20270717,1,20270724,1,20270731,1,20270807,1,20270814,1,20270821,1,20270828,1,20270904,1,20270911,1,20270918,1,20270925,1,20271002,1,20271009,1,20271016,1,20271023,1,20271030,1,20271106,1,20271113,1,20271120,1,20271127,1,20271204,1,20271211,1,20271218,1,20271225,1,20280101,1
'1402905',20261010,1,20261011,1,20261017,1,20261018,1,20261024,1,20261025,1,20261031,1,20261101,1,20261107,1,20261108,1,20261114,1,20261115,1,20261121,1,20261122,1,20261128,1,20261129,1,20261205,1,20261206,1,20261212,1,20261213,1,20261219,1,20261220,1,20261226,1,20261227,1,20270102,1,20270103,1,20270109,1,20270110,1,20270116,1,20270117,1,20270123,1,20270124,1,20270130,1,20270131,1,20270206,1,20270207,1,20270213,1,20270214,1,20270220,1,20270221,1,20270227,1,20270228,1,20270306,1,20270307,1,20270313,1,20270314,1,20270320,1,20270321,1,20270327,1,20270328,1,20270403,1,20270404,1,20270410,1,20270411,1,20270417,1,20270418,1,20270424,1,20270425,1,20270501,1,20270502,1,20270508,1,20270509,1,20270515,1,20270516,1,20270522,1,20270523,1,20270529,1,20270530,1,20270605,1,20270606,1,20270612,1,20270613,1,20270619,1,20270620,1,20270626,1,20270627,1,20270703,1,20270704,1,20270710,1,20270711,1,20270717,1,20270718,1,20270724,1,20270725,1,20270731,1,20270801,1,20270807,1,20270808,1,20270814,1,20270815,1,20270821,1,20270822,1,20270828,1,20270829,1,20270904,1,20270905,1,20270911,1,20270912,1,20270918,1,20270919,1,20270925,1,20270926,1,20271002,1,20271003,1,20271009,1,20271010,1,20271016,1,20271017,1,20271023,1,20271024,1,20271030,1,20271031,1,20271106,1,20271107,1,20271113,1,20271114,1,20271120,1,20271121,1,20271127,1,20271128,1,20271204,1,20271205,1,20271211,1,20271212,1,20271218,1,20271219,1,20271225,1,20271226,1,20280101,1
'1402920',20261010,1,20261011,1,20261017,1,20261018,1,20261024,1,20261025,1,20261031,1,20261101,1,20261107,1,20261108,1,20261114,1,20261115,1,20261121,1,20261122,1,20261128,1,20261129,1,20261205,1,20261206,1,20261212,1,20261213,1,20261219,1,20261220,1,20261226,1,20261227,1,20270102,1,20270103,1,20270109,1,20270110,1,20270116,1,20270117,1,20270123,1,20270124,1,20270130,1,20270131,1,20270206,1,20270207,1,20270213,1,20270214,1,20270220,1,20270221,1,20270227,1,20270228,1,20270306,1,20270307,1,20270313,1,20270314,1,20270320,1,20270321,1,20270327,1,20270328,1,20270403,1,20270404,1,20270410,1,20270411,1,20270417,1,20270418,1,20270424,1,20270425,1,20270501,1,20270502,1,20270508,1,20270509,1,20270515,1,20270516,1,20270522,1,20270523,1,20270529,1,20270530,1,20270605,1,20270606,1,20270612,1,20270613,1,20270619,1,20270620,1,20270626,1,20270627,1,20270703,1,20270704,1,20270710,1,20270711,1,20270717,1,20270718,1,20270724,1,20270725,1,20270731,1,20270801,1,20270807,1,20270808,1,20270814,1,20270815,1,20270821,1,20270822,1,20270828,1,20270829,1,20270904,1,20270905,1,20270911,1,20270912,1,20270918,1,20270919,1,20270925,1,20270926,1,20271002,1,20271003,1,20271009,1,20271010,1,20271016,1,20271017,1,20271023,1,20271024,1,20271030,1,20271031,1,20271106,1,20271107,1,20271113,1,20271114,1,20271120,1,20271121,1,20271127,1,20271128,1,20271204,1,20271205,1,20271211,1,20271212,1,20271218,1,20271219,1,20271225,1,20271226,1,20280101,1
'1402929',20261008,1,20261009,1,20261012,1,20261013,1,20261014,1,20261015,1,20261016,1,20261019,1,20261020,1,20261021,1,20261022,1,20261023,1,20261026,1,20261027,1,20261028,1,20261029,1,20261030,1,20261102,1,20261103,1,20261104,1,20261105,1,20261106,1,20261109,1,20261110,1,20261111,1,20261112,1,20261113,1,20261116,1,20261117,1,20261118,1,20261119,1,20261120,1,20261123,1,20261124,1,20261125,1,20261126,1,20261127,1,20261130,1,20261201,1,20261202,1,20261203,1,20261204,1,20261207,1,20261208,1,20261209,1,20261210,1,20261211,1,20261214,1,20261215,1,20261216,1,20261217,1,20261218,1,20261221,1,20261222,1,20261223,1,20261224,1,20261225,1,20261228,1,20261229,1,20261230,1,20261231,1,20270101,1,20270104,1,20270105,1,20270106,1,20270107,1,20270108,1,20270111,1,20270112,1,20270113,1,20270114,1,20270115,1,20270118,1,20270119,1,20270120,1,20270121,1,20270122,1,20270125,1,20270126,1,20270127,1,20270128,1,20270129,1,20270201,1,20270202,1,20270203,1,20270204,1,20270205,1,20270208,1,20270209,1,20270210,1,20270211,1,20270212,1,20270215,1,20270216,1,20270217,1,20270218,1,20270219,1,20270222,1,20270223,1,20270224,1,20270225,1,20270226,1,20270301,1,20270302,1,20270303,1,20270304,1,20270305,1,20270308,1,20270309,1,20270310,1,20270311,1,20270312,1,20270315,1,20270316,1,20270317,1,20270318,1,20270319,1,20270322,1,20270323,1,20270324,1,20270325,1,20270326,1,20270329,1,20270330,1,20270331,1,20270401,1,20270402,1,20270405,1,20270406,1,20270407,1,20270408,1,20270409,1,20270412,1,20270413,1,20270414,1,20270415,1,20270416,1,20270419,1,20270420,1,20270421,1,20270422,1,20270423,1,20270426,1,20270427,1,20270428,1,20270429,1,20270430,1,20270503,1,20270504,1,20270505,1,20270506,1,20270507,1,20270510,1,20270511,1,20270512,1,20270513,1,20270514,1,20270517,1,20270518,1,20270519,1,20270520,1,20270521,1,20270524,1,20270525,1,20270526,1,20270527,1,20270528,1,20270531,1,20270601,1,20270602,1,20270603,1,20270604,1,20270607,1,20270608,1,20270609,1,20270610,1,20270611,1,20270614,1,20270615,1,20270616,1,20270617,1,20270618,1,20270621,1,20270622,1,20270623,1,20270624,1,20270625,1,20270628,1,20270629,1,20270630,1,20270701,1,20270702,1,20270705,1,20270706,1,20270707,1,20270708,1,20270709,1,20270712,1,20270713,1,20270714,1,20270715,1,20270716,1,20270719,1,20270720,1,20270721,1,20270722,1,20270723,1,20270726,1,20270727,1,20270728,1,20270729,1,20270730,1,20270802,1,20270803,1,20270804,1,20270805,1,20270806,1,20270809,1,20270810,1,20270811,1,20270812,1,20270813,1,20270816,1,20270817,1,20270818,1,20270819,1,20270820,1,20270823,1,20270824,1,20270825,1,20270826,1,20270827,1,20270830,1,20270831,1,20270901,1,20270902,1,20270903,1,20270906,1,20270907,1,20270908,1,20270909,1,20270910,1,20270913,1,20270914,1,20270915,1,20270916,1,20270917,1,20270920,1,20270921,1,20270922,1,20270923,1,20270924,1,20270927,1,20270928,1,20270929,1,20270930,1,20271001,1,20271004,1,20271005,1,20271006,1,20271007,1,20271008,1,20271011,1,20271012,1,20271013,1,20271014,1,20271015,1,20271018,1,20271019,1,20271020,1,20271021,1,20271022,1,20271025,1,20271026,1,20271027,1,20271028,1,20271029,1,20271101,1,20271102,1,20271103,1,20271104,1,20271105,1,20271108,1,20271109,1,20271110,1,20271111,1,20271112,1,20271115,1,20271116,1,20271117,1,20271118,1,20271119,1,20271122,1,20271123,1,20271124,1,20271125,1,20271126,1,20271129,1,20271130,1,20271201,1,20271202,1,20271203,1,20271206,1,20271207,1,20271208,1,20271209,1,20271210,1,20271213,1,20271214,1,20271215,1,20271216,1,20271217,1,20271220,1,20271221,1,20271222,1,20271223,1,20271224,1,20271227,1,20271228,1,20271229,1,20271230,1,20271231,1
'1402937',20261010,1,20261017,1,20261024,1,20261031,1,20261107,1,20261114,1,20261121,1,20261128,1,20261205,1,20261212,1,20261219,1,20261226,1,20270102,1,20270109,1,20270116,1,20270123,1,20270130,1,20270206,1,20270213,1,20270220,1,20270227,1,20270306,1,20270313,1,20270320,1,20270327,1,20270403,1,20270410,1,20270417,1,20270424,1,20270501,1,20270508,1,20270515,1,20270522,1,20270529,1,20270605,1,20270612,1,20270619,1,20270626,1,20270703,1,20270710,1,20270717,1,20270724,1,20270731,1,20270807,1,20270814,1,20270821,1,20270828,1,20270904,1,20270911,1,20270918,1,20270925,1,20271002,1,20271009,1,20271016,1,20271023,1,20271030,1,20271106,1,20271113,1,20271120,1,20271127,1,20271204,1,20271211,1,20271218,1,20271225,1,20280101,1
'1402949',20261010,1,20261011,1,20261017,1,20261018,1,20261024,1,20261025,1,20261031,1,20261101,1,20261107,1,20261108,1,20261114,1,20261115,1,20261121,1,20261122,1,20261128,1,20261129,1,20261205,1,20261206,1,20261212,1,20261213,1,20261219,1,20261220,1,20261226,1,20261227,1,20270102,1,20270103,1,20270109,1,20270110,1,20270116,1,20270117,1,20270123,1,20270124,1,20270130,1,20270131,1,20270206,1,20270207,1,20270213,1,20270214,1,20270220,1,20270221,1,20270227,1,20270228,1,20270306,1,20270307,1,20270313,1,20270314,1,20270320,1,20270321,1,20270327,1,20270328,1,20270403,1,20270404,1,20270410,1,20270411,1,20270417,1,20270418,1,20270424,1,20270425,1,20270501,1,20270502,1,20270508,1,20270509,1,20270515,1,20270516,1,20270522,1,20270523,1,20270529,1,20270530,1,20270605,1,20270606,1,20270612,1,20270613,1,20270619,1,20270620,1,20270626,1,20270627,1,20270703,1,20270704,1,20270710,1,20270711,1,20270717,1,20270718,1,20270724,1,20270725,1,20270731,1,20270801,1,20270807,1,20270808,1,20270814,1,20270815,1,20270821,1,20270822,1,20270828,1,20270829,1,20270904,1,20270905,1,20270911,1,20270912,1,20270918,1,20270919,1,20270925,1,20270926,1,20271002,1,20271003,1,20271009,1,20271010,1,20271016,1,20271017,1,20271023,1,20271024,1,20271030,1,20271031,1,20271106,1,20271107,1,20271113,1,20271114,1,20271120,1,20271121,1,20271127,1,20271128,1,20271204,1,20271205,1,20271211,1,20271212,1,20271218,1,20271219,1,20271225,1,20271226,1,20280101,1
'1403010',20261008,1,20261009,1,20261012,1,20261013,1,20261014,1,20261015,1,20261016,1,20261019,1,20261020,1,20261021,1,20261022,1,20261023,1,20261026,1,20261027,1,20261028,1,20261029,1,20261030,1,20261102,1,20261103,1,20261104,1,20261105,1,20261106,1,20261109,1,20261110,1,20261111,1,20261112,1,20261113,1,20261116,1,20261117,1,20261118,1,20261119,1,20261120,1,20261123,1,20261124,1,20261125,1,20261126,1,20261127,1,20261130,1,20261201,1,20261202,1,20261203,1,20261204,1,20261207,1,20261208,1,20261209,1,20261210,1,20261211,1,20261214,1,20261215,1,20261216,1,20261217,1,20261218,1,20261221,1,20261222,1,20261223,1,20261224,1,20261225,1,20261228,1,20261229,1,20261230,1,20261231,1,20270101,1,20270104,1,20270105,1,20270106,1,20270107,1,20270108,1,20270111,1,20270112,1,20270113,1,20270114,1,20270115,1,20270118,1,20270119,1,20270120,1,20270121,1,20270122,1,20270125,1,20270126,1,20270127,1,20270128,1,20270129,1,20270201,1,20270202,1,20270203,1,20270204,1,20270205,1,20270208,1,20270209,1,20270210,1,20270211,1,20270212,1,20270215,1,20270216,1,20270217,1,20270218,1,20270219,1,20270222,1,20270223,1,20270224,1,20270225,1,20270226,1,20270301,1,20270302,1,20270303,1,20270304,1,20270305,1,20270308,1,20270309,1,20270310,1,20270311,1,20270312,1,20270315,1,20270316,1,20270317,1,20270318,1,20270319,1,20270322,1,20270323,1,20270324,1,20270325,1,20270326,1,20270329,1,20270330,1,20270331,1,20270401,1,20270402,1,20270405,1,20270406,1,20270407,1,20270408,1,20270409,1,20270412,1,20270413,1,20270414,1,20270415,1,20270416,1,20270419,1,20270420,1,20270421,1,20270422,1,20270423,1,20270426,1,20270427,1,20270428,1,20270429,1,20270430,1,20270503,1,20270504,1,20270505,1,20270506,1,20270507,1,20270510,1,20270511,1,20270512,1,20270513,1,20270514,1,20270517,1,20270518,1,20270519,1,20270520,1,20270521,1,20270524,1,20270525,1,20270526,1,20270527,1,20270528,1,20270531,1,20270601,1,20270602,1,20270603,1,20270604,1,20270607,1,20270608,1,20270609,1,20270610,1,20270611,1,20270614,1,20270615,1,20270616,1,20270617,1,20270618,1,20270621,1,20270622,1,20270623,1,20270624,1,20270625,1,20270628,1,20270629,1,20270630,1,20270701,1,20270702,1,20270705,1,20270706,1,20270707,1,20270708,1,20270709,1,20270712,1,20270713,1,20270714,1,20270715,1,20270716,1,20270719,1,20270720,1,20270721,1,20270722,1,20270723,1,20270726,1,20270727,1,20270728,1,20270729,1,20270730,1,20270802,1,20270803,1,20270804,1,20270805,1,20270806,1,20270809,1,20270810,1,20270811,1,20270812,1,20270813,1,20270816,1,20270817,1,20270818,1,20270819,1,20270820,1,20270823,1,20270824,1,20270825,1,20270826,1,20270827,1,20270830,1,20270831,1,20270901,1,20270902,1,20270903,1,20270906,1,20270907,1,20270908,1,20270909,1,20270910,1,20270913,1,20270914,1,20270915,1,20270916,1,20270917,1,20270920,1,20270921,1,20270922,1,20270923,1,20270924,1,20270927,1,20270928,1,20270929,1,20270930,1,20271001,1,20271004,1,20271005,1,20271006,1,20271007,1,20271008,1,20271011,1,20271012,1,20271013,1,20271014,1,20271015,1,20271018,1,20271019,1,20271020,1,20271021,1,20271022,1,20271025,1,20271026,1,20271027,1,20271028,1,20271029,1,20271101,1,20271102,1,20271103,1,20271104,1,20271105,1,20271108,1,20271109,1,20271110,1,20271111,1,20271112,1,20271115,1,20271116,1,20271117,1,20271118,1,20271119,1,20271122,1,20271123,1,20271124,1,20271125,1,20271126,1,20271129,1,20271130,1,20271201,1,20271202,1,20271203,1,20271206,1,20271207,1,20271208,1,20271209,1,20271210,1,20271213,1,20271214,1,20271215,1,20271216,1,20271217,1,20271220,1,20271221,1,20271222,1,20271223,1,20271224,1,20271227,1,20271228,1,20271229,1,20271230,1,20271231,1
'1403018',20261008,1,20261009,1,20261012,1,20261013,1,20261014,1,20261015,1,20261016,1,20261019,1,20261020,1,20261021,1,20261022,1,20261023,1,20261026,1,20261027,1,20261028,1,20261029,1,20261030,1,20261102,1,20261103,1,20261104,1,20261105,1,20261106,1,20261109,1,20261110,1,20261111,1,20261112,1,20261113,1,20261116,1,20261117,1,20261118,1,20261119,1,20261120,1,20261123,1,20261124,1,20261125,1,20261126,1,20261127,1,20261130,1,20261201,1,20261202,1,20261203,1,20261204,1,20261207,1,20261208,1,20261209,1,20261210,1,20261211,1,20261214,1,20261215,1,20261216,1,20261217,1,20261218,1,20261221,1,20261222,1,20261223,1,20261224,1,20261225,1,20261228,1,20261229,1,20261230,1,20261231,1,20270101,1,20270104,1,20270105,1,20270106,1,20270107,1,20270108,1,20270111,1,20270112,1,20270113,1,20270114,1,20270115,1,20270118,1,20270119,1,20270120,1,20270121,1,20270122,1,20270125,1,20270126,1,20270127,1,20270128,1,20270129,1,20270201,1,20270202,1,20270203,1,20270204,1,20270205,1,20270208,1,20270209,1,20270210,1,20270211,1,20270212,1,20270215,1,20270216,1,20270217,1,20270218,1,20270219,1,20270222,1,20270223,1,20270224,1,20270225,1,20270226,1,20270301,1,20270302,1,20270303,1,20270304,1,20270305,1,20270308,1,20270309,1,20270310,1,20270311,1,20270312,1,20270315,1,20270316,1,20270317,1,20270318,1,20270319,1,20270322,1,20270323,1,20270324,1,20270325,1,20270326,1,20270329,1,20270330,1,20270331,1,20270401,1,20270402,1,20270405,1,20270406,1,20270407,1,20270408,1,20270409,1,20270412,1,20270413,1,20270414,1,20270415,1,20270416,1,20270419,1,20270420,1,20270421,1,20270422,1,20270423,1,20270426,1,20270427,1,20270428,1,20270429,1,20270430,1,20270503,1,20270504,1,20270505,1,20270506,1,20270507,1,20270510,1,20270511,1,20270512,1,20270513,1,20270514,1,20270517,1,20270518,1,20270519,1,20270520,1,20270521,1,20270524,1,20270525,1,20270526,1,20270527,1,20270528,1,20270531,1,20270601,1,20270602,1,20270603,1,20270604,1,20270607,1,20270608,1,20270609,1,20270610,1,20270611,1,20270614,1,20270615,1,20270616,1,20270617,1,20270618,1,20270621,1,20270622,1,20270623,1,20270624,1,20270625,1,20270628,1,20270629,1,20270630,1,20270701,1,20270702,1,20270705,1,20270706,1,20270707,1,20270708,1,20270709,1,20270712,1,20270713,1,20270714,1,20270715,1,20270716,1,20270719,1,20270720,1,20270721,1,20270722,1,20270723,1,20270726,1,20270727,1,20270728,1,20270729,1,20270730,1,20270802,1,20270803,1,20270804,1,20270805,1,20270806,1,20270809,1,20270810,1,20270811,1,20270812,1,20270813,1,20270816,1,20270817,1,20270818,1,20270819,1,20270820,1,20270823,1,20270824,1,20270825,1,20270826,1,20270827,1,20270830,1,20270831,1,20270901,1,20270902,1,20270903,1,20270906,1,20270907,1,20270908,1,20270909,1,20270910,1,20270913,1,20270914,1,20270915,1,20270916,1,20270917,1,20270920,1,20270921,1,20270922,1,20270923,1,20270924,1,20270927,1,20270928,1,20270929,1,20270930,1,20271001,1,20271004,1,20271005,1,20271006,1,20271007,1,20271008,1,20271011,1,20271012,1,20271013,1,20271014,1,20271015,1,20271018,1,20271019,1,20271020,1,20271021,1,20271022,1,20271025,1,20271026,1,20271027,1,20271028,1,20271029,1,20271101,1,20271102,1,20271103,1,20271104,1,20271105,1,20271108,1,20271109,1,20271110,1,20271111,1,20271112,1,20271115,1,20271116,1,20271117,1,20271118,1,20271119,1,20271122,1,20271123,1,20271124,1,20271125,1,20271126,1,20271129,1,20271130,1,20271201,1,20271202,1,20271203,1,20271206,1,20271207,1,20271208,1,20271209,1,20271210,1,20271213,1,20271214,1,20271215,1,20271216,1,20271217,1,20271220,1,20271221,1,20271222,1,20271223,1,20271224,1,20271227,1,20271228,1,20271229,1,20271230,1,20271231,1
'1403044',20261008,1,20261009,1,20261012,1,20261013,1,20261014,1,20261015,1,20261016,1,20261019,1,20261020,1,20261021,1,20261022,1,20261023,1,20261026,1,20261027,1,20261028,1,20261029,1,20261030,1,20261102,1,20261103,1,20261104,1,20261105,1,20261106,1,20261109,1,20261110,1,20261111,1,20261112,1,20261113,1,20261116,1,20261117,1,20261118,1,20261119,1,20261120,1,20261123,1,20261124,1,20261125,1,20261126,1,20261127,1,20261130,1,20261201,1,20261202,1,20261203,1,20261204,1,20261207,1,20261208,1,20261209,1,20261210,1,20261211,1,20261214,1,20261215,1,20261216,1,20261217,1,20261218,1,20261221,1,20261222,1,20261223,1,20261224,1,20261225,1,20261228,1,20261229,1,20261230,1,20261231,1,20270101,1,20270104,1,20270105,1,20270106,1,20270107,1,20270108,1,20270111,1,20270112,1,20270113,1,20270114,1,20270115,1,20270118,1,20270119,1,20270120,1,20270121,1,20270122,1,20270125,1,20270126,1,20270127,1,20270128,1,20270129,1,20270201,1,20270202,1,20270203,1,20270204,1,20270205,1,20270208,1,20270209,1,20270210,1,20270211,1,20270212,1,20270215,1,20270216,1,20270217,1,20270218,1,20270219,1,20270222,1,20270223,1,20270224,1,20270225,1,20270226,1,20270301,1,20270302,1,20270303,1,20270304,1,20270305,1,20270308,1,20270309,1,20270310,1,20270311,1,20270312,1,20270315,1,20270316,1,20270317,1,20270318,1,20270319,1,20270322,1,20270323,1,20270324,1,20270325,1,20270326,1,20270329,1,20270330,1,20270331,1,20270401,1,20270402,1,20270405,1,20270406,1,20270407,1,20270408,1,20270409,1,20270412,1,20270413,1,20270414,1,20270415,1,20270416,1,20270419,1,20270420,1,20270421,1,20270422,1,20270423,1,20270426,1,20270427,1,20270428,1,20270429,1,20270430,1,20270503,1,20270504,1,20270505,1,20270506,1,20270507,1,20270510,1,20270511,1,20270512,1,20270513,1,20270514,1,20270517,1,20270518,1,20270519,1,20270520,1,20270521,1,20270524,1,20270525,1,20270526,1,20270527,1,20270528,1,20270531,1,20270601,1,20270602,1,20270603,1,20270604,1,20270607,1,20270608,1,20270609,1,20270610,1,20270611,1,20270614,1,20270615,1,20270616,1,20270617,1,20270618,1,20270621,1,20270622,1,20270623,1,20270624,1,20270625,1,20270628,1,20270629,1,20270630,1,20270701,1,20270702,1,20270705,1,20270706,1,20270707,1,20270708,1,20270709,1,20270712,1,20270713,1,20270714,1,20270715,1,20270716,1,20270719,1,20270720,1,20270721,1,20270722,1,20270723,1,20270726,1,20270727,1,20270728,1,20270729,1,20270730,1,20270802,1,20270803,1,20270804,1,20270805,1,20270806,1,20270809,1,20270810,1,20270811,1,20270812,1,20270813,1,20270816,1,20270817,1,20270818,1,20270819,1,20270820,1,20270823,1,20270824,1,20270825,1,20270826,1,20270827,1,20270830,1,20270831,1,20270901,1,20270902,1,20270903,1,20270906,1,20270907,1,20270908,1,20270909,1,20270910,1,20270913,1,20270914,1,20270915,1,20270916,1,20270917,1,20270920,1,20270921,1,20270922,1,20270923,1,20270924,1,20270927,1,20270928,1,20270929,1,20270930,1,20271001,1,20271004,1,20271005,1,20271006,1,20271007,1,20271008,1,20271011,1,20271012,1,20271013,1,20271014,1,20271015,1,20271018,1,20271019,1,20271020,1,20271021,1,20271022,1,20271025,1,20271026,1,20271027,1,20271028,1,20271029,1,20271101,1,20271102,1,20271103,1,20271104,1,20271105,1,20271108,1,20271109,1,20271110,1,20271111,1,20271112,1,20271115,1,20271116,1,20271117,1,20271118,1,20271119,1,20271122,1,20271123,1,20271124,1,20271125,1,20271126,1,20271129,1,20271130,1,20271201,1,20271202,1,20271203,1,20271206,1,20271207,1,20271208,1,20271209,1,20271210,1,20271213,1,20271214,1,20271215,1,20271216,1,20271217,1,20271220,1,20271221,1,20271222,1,20271223,1,20271224,1,20271227,1,20271228,1,20271229,1,20271230,1,20271231,1
'1442614',20261008,1,20261009,1,20261012,1,20261013,1,20261014,1,20261015,1,20261016,1,20261019,1,20261020,1,20261021,1,20261022,1,20261023,1,20261026,1,20261027,1,20261028,1,20261029,1,20261030,1,20261102,1,20261103,1,20261104,1,20261105,1,20261106,1,20261109,1,20261110,1,20261111,1,20261112,1,20261113,1,20261116,1,20261117,1,20261118,1,20261119,1,20261120,1,20261123,1,20261124,1,20261125,1,20261126,1,20261127,1,20261130,1,20261201,1,20261202,1,20261203,1,20261204,1,20261207,1,20261208,1,20261209,1,20261210,1,20261211,1,20261214,1,20261215,1,20261216,1,20261217,1,20261218,1,20261221,1,20261222,1,20261223,1,20261224,1,20261225,1,20261228,1,20261229,1,20261230,1,20261231,1,20270101,1,20270104,1,20270105,1,20270106,1,20270107,1,20270108,1,20270111,1,20270112,1,20270113,1,20270114,1,20270115,1,20270118,1,20270119,1,20270120,1,20270121,1,20270122,1,20270125,1,20270126,1,20270127,1,20270128,1,20270129,1,20270201,1,20270202,1,20270203,1,20270204,1,20270205,1,20270208,1,20270209,1,20270210,1,20270211,1,20270212,1,20270215,1,20270216,1,20270217,1,20270218,1,20270219,1,20270222,1,20270223,1,20270224,1,20270225,1,20270226,1,20270301,1,20270302,1,20270303,1,20270304,1,20270305,1,20270308,1,20270309,1,20270310,1,20270311,1,20270312,1,20270315,1,20270316,1,20270317,1,20270318,1,20270319,1,20270322,1,20270323,1,20270324,1,20270325,1,20270326,1,20270329,1,20270330,1,20270331,1,20270401,1,20270402,1,20270405,1,20270406,1,20270407,1,20270408,1,20270409,1,20270412,1,20270413,1,20270414,1,20270415,1,20270416,1,20270419,1,20270420,1,20270421,1,20270422,1,20270423,1,20270426,1,20270427,1,20270428,1,20270429,1,20270430,1,20270503,1,20270504,1,20270505,1,20270506,1,20270507,1,20270510,1,20270511,1,20270512,1,20270513,1,20270514,1,20270517,1,20270518,1,20270519,1,20270520,1,20270521,1,20270524,1,20270525,1,20270526,1,20270527,1,20270528,1,20270531,1,20270601,1,20270602,1,20270603,1,20270604,1,20270607,1,20270608,1,20270609,1,20270610,1,20270611,1,20270614,1,20270615,1,20270616,1,20270617,1,20270618,1,20270621,1,20270622,1,20270623,1,20270624,1,20270625,1,20270628,1,20270629,1,20270630,1,20270701,1,20270702,1,20270705,1,20270706,1,20270707,1,20270708,1,20270709,1,20270712,1,20270713,1,20270714,1,20270715,1,20270716,1,20270719,1,20270720,1,20270721,1,20270722,1,20270723,1,20270726,1,20270727,1,20270728,1,20270729,1,20270730,1,20270802,1,20270803,1,20270804,1,20270805,1,20270806,1,20270809,1,20270810,1,20270811,1,20270812,1,20270813,1,20270816,1,20270817,1,20270818,1,20270819,1,20270820,1,20270823,1,20270824,1,20270825,1,20270826,1,20270827,1,20270830,1,20270831,1,20270901,1,20270902,1,20270903,1,20270906,1,20270907,1,20270908,1,20270909,1,20270910,1,20270913,1,20270914,1,20270915,1,20270916,1,20270917,1,20270920,1,20270921,1,20270922,1,20270923,1,20270924,1,20270927,1,20270928,1,20270929,1,20270930,1,20271001,1,20271004,1,20271005,1,20271006,1,20271007,1,20271008,1,20271011,1,20271012,1,20271013,1,20271014,1,20271015,1,20271018,1,20271019,1,20271020,1,20271021,1,20271022,1,20271025,1,20271026,1,20271027,1,20271028,1,20271029,1,20271101,1,20271102,1,20271103,1,20271104,1,20271105,1,20271108,1,20271109,1,20271110,1,20271111,1,20271112,1,20271115,1,20271116,1,20271117,1,20271118,1,20271119,1,20271122,1,20271123,1,20271124,1,20271125,1,20271126,1,20271129,1,20271130,1,20271201,1,20271202,1,20271203,1,20271206,1,20271207,1,20271208,1,20271209,1,20271210,1,20271213,1,20271214,1,20271215,1,20271216,1,20271217,1,20271220,1,20271221,1,20271222,1,20271223,1,20271224,1,20271227,1,20271228,1,20271229,1,20271230,1,20271231,1
'1442622',20261008,1,20261009,1,20261012,1,20261013,1,20261014,1,20261015,1,20261016,1,20261019,1,20261020,1,20261021,1,20261022,1,20261023,1,20261026,1,20261027,1,20261028,1,20261029,1,20261030,1,20261102,1,20261103,1,20261104,1,20261105,1,20261106,1,20261109,1,20261110,1,20261111,1,20261112,1,20261113,1,20261116,1,20261117,1,20261118,1,20261119,1,20261120,1,20261123,1,20261124,1,20261125,1,20261126,1,20261127,1,20261130,1,20261201,1,20261202,1,20261203,1,20261204,1,20261207,1,20261208,1,20261209,1,20261210,1,20261211,1,20261214,1,20261215,1,20261216,1,20261217,1,20261218,1,20261221,1,20261222,1,20261223,1,20261224,1,20261225,1,20261228,1,20261229,1,20261230,1,20261231,1,20270101,1,20270104,1,20270105,1,20270106,1,20270107,1,20270108,1,20270111,1,20270112,1,20270113,1,20270114,1,20270115,1,20270118,1,20270119,1,20270120,1,20270121,1,20270122,1,20270125,1,20270126,1,20270127,1,20270128,1,20270129,1,20270201,1,20270202,1,20270203,1,20270204,1,20270205,1,20270208,1,20270209,1,20270210,1,20270211,1,20270212,1,20270215,1,20270216,1,20270217,1,20270218,1,20270219,1,20270222,1,20270223,1,20270224,1,20270225,1,20270226,1,20270301,1,20270302,1,20270303,1,20270304,1,20270305,1,20270308,1,20270309,1,20270310,1,20270311,1,20270312,1,20270315,1,20270316,1,20270317,1,20270318,1,20270319,1,20270322,1,20270323,1,20270324,1,20270325,1,20270326,1,20270329,1,20270330,1,20270331,1,20270401,1,20270402,1,20270405,1,20270406,1,20270407,1,20270408,1,20270409,1,20270412,1,20270413,1,20270414,1,20270415,1,20270416,1,20270419,1,20270420,1,20270421,1,20270422,1,20270423,1,20270426,1,20270427,1,20270428,1,20270429,1,20270430,1,20270503,1,20270504,1,20270505,1,20270506,1,20270507,1,20270510,1,20270511,1,20270512,1,20270513,1,20270514,1,20270517,1,20270518,1,20270519,1,20270520,1,20270521,1,20270524,1,20270525,1,20270526,1,20270527,1,20270528,1,20270531,1,20270601,1,20270602,1,20270603,1,20270604,1,20270607,1,20270608,1,20270609,1,20270610,1,20270611,1,20270614,1,20270615,1,20270616,1,20270617,1,20270618,1,20270621,1,20270622,1,20270623,1,20270624,1,20270625,1,20270628,1,20270629,1,20270630,1,20270701,1,20270702,1,20270705,1,20270706,1,20270707,1,20270708,1,20270709,1,20270712,1,20270713,1,20270714,1,20270715,1,20270716,1,20270719,1,20270720,1,20270721,1,20270722,1,20270723,1,20270726,1,20270727,1,20270728,1,20270729,1,20270730,1,20270802,1,20270803,1,20270804,1,20270805,1,20270806,1,20270809,1,20270810,1,20270811,1,20270812,1,20270813,1,20270816,1,20270817,1,20270818,1,20270819,1,20270820,1,20270823,1,20270824,1,20270825,1,20270826,1,20270827,1,20270830,1,20270831,1,20270901,1,20270902,1,20270903,1,20270906,1,20270907,1,20270908,1,20270909,1,20270910,1,20270913,1,20270914,1,20270915,1,20270916,1,20270917,1,20270920,1,20270921,1,20270922,1,20270923,1,20270924,1,20270927,1,20270928,1,20270929,1,20270930,1,20271001,1,20271004,1,20271005,1,20271006,1,20271007,1,20271008,1,20271011,1,20271012,1,20271013,1,20271014,1,20271015,1,20271018,1,20271019,1,20271020,1,20271021,1,20271022,1,20271025,1,20271026,1,20271027,1,20271028,1,20271029,1,20271101,1,20271102,1,20271103,1,20271104,1,20271105,1,20271108,1,20271109,1,20271110,1,20271111,1,20271112,1,20271115,1,20271116,1,20271117,1,20271118,1,20271119,1,20271122,1,20271123,1,20271124,1,20271125,1,20271126,1,20271129,1,20271130,1,20271201,1,20271202,1,20271203,1,20271206,1,20271207,1,20271208,1,20271209,1,20271210,1,20271213,1,20271214,1,20271215,1,20271216,1,20271217,1,20271220,1,20271221,1,20271222,1,20271223,1,20271224,1,20271227,1,20271228,1,20271229,1,20271230,1,20271231,1
'1442631',20261010,1,20261011,1,20261017,1,20261018,1,20261024,1,20261025,1,20261031,1,20261101,1,20261107,1,20261108,1,20261114,1,20261115,1,20261121,1,20261122,1,20261128,1,20261129,1,20261205,1,20261206,1,20261212,1,20261213,1,20261219,1,20261220,1,20261226,1,20261227,1,20270102,1,20270103,1,20270109,1,20270110,1,20270116,1,20270117,1,20270123,1,20270124,1,20270130,1,20270131,1,20270206,1,20270207,1,20270213,1,20270214,1,20270220,1,20270221,1,20270227,1,20270228,1,20270306,1,20270307,1,20270313,1,20270314,1,20270320,1,20270321,1,20270327,1,20270328,1,20270403,1,20270404,1,20270410,1,20270411,1,20270417,1,20270418,1,20270424,1,20270425,1,20270501,1,20270502,1,20270508,1,20270509,1,20270515,1,20270516,1,20270522,1,20270523,1,20270529,1,20270530,1,20270605,1,20270606,1,20270612,1,20270613,1,20270619,1,20270620,1,20270626,1,20270627,1,20270703,1,20270704,1,20270710,1,20270711,1,20270717,1,20270718,1,20270724,1,20270725,1,20270731,1,20270801,1,20270807,1,20270808,1,20270814,1,20270815,1,20270821,1,20270822,1,20270828,1,20270829,1,20270904,1,20270905,1,20270911,1,20270912,1,20270918,1,20270919,1,20270925,1,20270926,1,20271002,1,20271003,1,20271009,1,20271010,1,20271016,1,20271017,1,20271023,1,20271024,1,20271030,1,20271031,1,20271106,1,20271107,1,20271113,1,20271114,1,20271120,1,20271121,1,20271127,1,20271128,1,20271204,1,20271205,1,20271211,1,20271212,1,20271218,1,20271219,1,20271225,1,20271226,1,20280101,1
'1442670',20261008,1,20261009,1,20261012,1,20261013,1,20261014,1,20261015,1,20261016,1,20261019,1,20261020,1,20261021,1,20261022,1,20261023,1,20261026,1,20261027,1,20261028,1,20261029,1,20261030,1,20261102,1,20261103,1,20261104,1,20261105,1,20261106,1,20261109,1,20261110,1,20261111,1,20261112,1,20261113,1,20261116,1,20261117,1,20261118,1,20261119,1,20261120,1,20261123,1,20261124,1,20261125,1,20261126,1,20261127,1,20261130,1,20261201,1,20261202,1,20261203,1,20261204,1,20261207,1,20261208,1,20261209,1,20261210,1,20261211,1,20261214,1,20261215,1,20261216,1,20261217,1,20261218,1,20261221,1,20261222,1,20261223,1,20261224,1,20261225,1,20261228,1,20261229,1,20261230,1,20261231,1,20270101,1,20270104,1,20270105,1,20270106,1,20270107,1,20270108,1,20270111,1,20270112,1,20270113,1,20270114,1,20270115,1,20270118,1,20270119,1,20270120,1,20270121,1,20270122,1,20270125,1,20270126,1,20270127,1,20270128,1,20270129,1,20270201,1,20270202,1,20270203,1,20270204,1,20270205,1,20270208,1,20270209,1,20270210,1,20270211,1,20270212,1,20270215,1,20270216,1,20270217,1,20270218,1,20270219,1,20270222,1,20270223,1,20270224,1,20270225,1,20270226,1,20270301,1,20270302,1,20270303,1,20270304,1,20270305,1,20270308,1,20270309,1,20270310,1,20270311,1,20270312,1,20270315,1,20270316,1,20270317,1,20270318,1,20270319,1,20270322,1,20270323,1,20270324,1,20270325,1,20270326,1,20270329,1,20270330,1,20270331,1,20270401,1,20270402,1,20270405,1,20270406,1,20270407,1,20270408,1,20270409,1,20270412,1,20270413,1,20270414,1,20270415,1,20270416,1,20270419,1,20270420,1,20270421,1,20270422,1,20270423,1,20270426,1,20270427,1,20270428,1,20270429,1,20270430,1,20270503,1,20270504,1,20270505,1,20270506,1,20270507,1,20270510,1,20270511,1,20270512,1,20270513,1,20270514,1,20270517,1,20270518,1,20270519,1,20270520,1,20270521,1,20270524,1,20270525,1,20270526,1,20270527,1,20270528,1,20270531,1,20270601,1,20270602,1,20270603,1,20270604,1,20270607,1,20270608,1,20270609,1,20270610,1,20270611,1,20270614,1,20270615,1,20270616,1,20270617,1,20270618,1,20270621,1,20270622,1,20270623,1,20270624,1,20270625,1,20270628,1,20270629,1,20270630,1,20270701,1,20270702,1,20270705,1,20270706,1,20270707,1,20270708,1,20270709,1,20270712,1,20270713,1,20270714,1,20270715,1,20270716,1,20270719,1,20270720,1,20270721,1,20270722,1,20270723,1,20270726,1,20270727,1,20270728,1,20270729,1,20270730,1,20270802,1,20270803,1,20270804,1,20270805,1,20270806,1,20270809,1,20270810,1,20270811,1,20270812,1,20270813,1,20270816,1,20270817,1,20270818,1,20270819,1,20270820,1,20270823,1,20270824,1,20270825,1,20270826,1,20270827,1,20270830,1,20270831,1,20270901,1,20270902,1,20270903,1,20270906,1,20270907,1,20270908,1,20270909,1,20270910,1,20270913,1,20270914,1,20270915,1,20270916,1,20270917,1,20270920,1,20270921,1,20270922,1,20270923,1,20270924,1,20270927,1,20270928,1,20270929,1,20270930,1,20271001,1,20271004,1,20271005,1,20271006,1,20271007,1,20271008,1,20271011,1,20271012,1,20271013,1,20271014,1,20271015,1,20271018,1,20271019,1,20271020,1,20271021,1,20271022,1,20271025,1,20271026,1,20271027,1,20271028,1,20271029,1,20271101,1,20271102,1,20271103,1,20271104,1,20271105,1,20271108,1,20271109,1,20271110,1,20271111,1,20271112,1,20271115,1,20271116,1,20271117,1,20271118,1,20271119,1,20271122,1,20271123,1,20271124,1,20271125,1,20271126,1,20271129,1,20271130,1,20271201,1,20271202,1,20271203,1,20271206,1,20271207,1,20271208,1,20271209,1,20271210,1,20271213,1,20271214,1,20271215,1,20271216,1,20271217,1,20271220,1,20271221,1,20271222,1,20271223,1,20271224,1,20271227,1,20271228,1,20271229,1,20271230,1,20271231,1
'1442675',20261010,1,20261011,1,20261017,1,20261018,1,20261024,1,20261025,1,20261031,1,20261101,1,20261107,1,20261108,1,20261114,1,20261115,1,20261121,1,20261122,1,20261128,1,20261129,1,20261205,1,20261206,1,20261212,1,20261213,1,20261219,1,20261220,1,20261226,1,20261227,1,20270102,1,20270103,1,20270109,1,20270110,1,20270116,1,20270117,1,20270123,1,20270124,1,20270130,1,20270131,1,20270206,1,20270207,1,20270213,1,20270214,1,20270220,1,20270221,1,20270227,1,20270228,1,20270306,1,20270307,1,20270313,1,20270314,1,20270320,1,20270321,1,20270327,1,20270328,1,20270403,1,20270404,1,20270410,1,20270411,1,20270417,1,20270418,1,20270424,1,20270425,1,20270501,1,20270502,1,20270508,1,20270509,1,20270515,1,20270516,1,20270522,1,20270523,1,20270529,1,20270530,1,20270605,1,20270606,1,20270612,1,20270613,1,20270619,1,20270620,1,20270626,1,20270627,1,20270703,1,20270704,1,20270710,1,20270711,1,20270717,1,20270718,1,20270724,1,20270725,1,20270731,1,20270801,1,20270807,1,20270808,1,20270814,1,20270815,1,20270821,1,20270822,1,20270828,1,20270829,1,20270904,1,20270905,1,20270911,1,20270912,1,20270918,1,20270919,1,20270925,1,20270926,1,20271002,1,20271003,1,20271009,1,20271010,1,20271016,1,20271017,1,20271023,1,20271024,1,20271030,1,20271031,1,20271106,1,20271107,1,20271113,1,20271114,1,20271120,1,20271121,1,20271127,1,20271128,1,20271204,1,20271205,1,20271211,1,20271212,1,20271218,1,20271219,1,20271225,1,20271226,1,20280101,1
'1442732',20261008,1,20261009,1,20261012,1,20261013,1,20261014,1,20261015,1,20261016,1,20261019,1,20261020,1,20261021,1,20261022,1,20261023,1,20261026,1,20261027,1,20261028,1,20261029,1,20261030,1,20261102,1,20261103,1,20261104,1,20261105,1,20261106,1,20261109,1,20261110,1,20261111,1,20261112,1,20261113,1,20261116,1,20261117,1,20261118,1,20261119,1,20261120,1,20261123,1,20261124,1,20261125,1,20261126,1,20261127,1,20261130,1,20261201,1,20261202,1,20261203,1,20261204,1,20261207,1,20261208,1,20261209,1,20261210,1,20261211,1,20261214,1,20261215,1,20261216,1,20261217,1,20261218,1,20261221,1,20261222,1,20261223,1,20261224,1,20261225,1,20261228,1,20261229,1,20261230,1,20261231,1,20270101,1,20270104,1,20270105,1,20270106,1,20270107,1,20270108,1,20270111,1,20270112,1,20270113,1,20270114,1,20270115,1,20270118,1,20270119,1,20270120,1,20270121,1,20270122,1,20270125,1,20270126,1,20270127,1,20270128,1,20270129,1,20270201,1,20270202,1,20270203,1,20270204,1,20270205,1,20270208,1,20270209,1,20270210,1,20270211,1,20270212,1,20270215,1,20270216,1,20270217,1,20270218,1,20270219,1,20270222,1,20270223,1,20270224,1,20270225,1,20270226,1,20270301,1,20270302,1,20270303,1,20270304,1,20270305,1,20270308,1,20270309,1,20270310,1,20270311,1,20270312,1,20270315,1,20270316,1,20270317,1,20270318,1,20270319,1,20270322,1,20270323,1,20270324,1,20270325,1,20270326,1,20270329,1,20270330,1,20270331,1,20270401,1,20270402,1,20270405,1,20270406,1,20270407,1,20270408,1,20270409,1,20270412,1,20270413,1,20270414,1,20270415,1,20270416,1,20270419,1,20270420,1,20270421,1,20270422,1,20270423,1,20270426,1,20270427,1,20270428,1,20270429,1,20270430,1,20270503,1,20270504,1,20270505,1,20270506,1,20270507,1,20270510,1,20270511,1,20270512,1,20270513,1,20270514,1,20270517,1,20270518,1,20270519,1,20270520,1,20270521,1,20270524,1,20270525,1,20270526,1,20270527,1,20270528,1,20270531,1,20270601,1,20270602,1,20270603,1,20270604,1,20270607,1,20270608,1,20270609,1,20270610,1,20270611,1,20270614,1,20270615,1,20270616,1,20270617,1,20270618,1,20270621,1,20270622,1,20270623,1,20270624,1,20270625,1,20270628,1,20270629,1,20270630,1,20270701,1,20270702,1,20270705,1,20270706,1,20270707,1,20270708,1,20270709,1,20270712,1,20270713,1,20270714,1,20270715,1,20270716,1,20270719,1,20270720,1,20270721,1,20270722,1,20270723,1,20270726,1,20270727,1,20270728,1,20270729,1,20270730,1,20270802,1,20270803,1,20270804,1,20270805,1,20270806,1,20270809,1,20270810,1,20270811,1,20270812,1,20270813,1,20270816,1,20270817,1,20270818,1,20270819,1,20270820,1,20270823,1,20270824,1,20270825,1,20270826,1,20270827,1,20270830,1,20270831,1,20270901,1,20270902,1,20270903,1,20270906,1,20270907,1,20270908,1,20270909,1,20270910,1,20270913,1,20270914,1,20270915,1,20270916,1,20270917,1,20270920,1,20270921,1,20270922,1,20270923,1,20270924,1,20270927,1,20270928,1,20270929,1,20270930,1,20271001,1,20271004,1,20271005,1,20271006,1,20271007,1,20271008,1,20271011,1,20271012,1,20271013,1,20271014,1,20271015,1,20271018,1,20271019,1,20271020,1,20271021,1,20271022,1,20271025,1,20271026,1,20271027,1,20271028,1,20271029,1,20271101,1,20271102,1,20271103,1,20271104,1,20271105,1,20271108,1,20271109,1,20271110,1,20271111,1,20271112,1,20271115,1,20271116,1,20271117,1,20271118,1,20271119,1,20271122,1,20271123,1,20271124,1,20271125,1,20271126,1,20271129,1,20271130,1,20271201,1,20271202,1,20271203,1,20271206,1,20271207,1,20271208,1,20271209,1,20271210,1,20271213,1,20271214,1,20271215,1,20271216,1,20271217,1,20271220,1,20271221,1,20271222,1,20271223,1,20271224,1,20271227,1,20271228,1,20271229,1,20271230,1,20271231,1
'1442733',20261008,1,20261009,1,20261012,1,20261013,1,20261014,1,20261015,1,20261016,1,20261019,1,20261020,1,20261021,1,20261022,1,20261023,1,20261026,1,20261027,1,20261028,1,20261029,1,20261030,1,20261102,1,20261103,1,20261104,1,20261105,1,20261106,1,20261109,1,20261110,1,20261111,1,20261112,1,20261113,1,20261116,1,20261117,1,20261118,1,20261119,1,20261120,1,20261123,1,20261124,1,20261125,1,20261126,1,20261127,1,20261130,1,20261201,1,20261202,1,20261203,1,20261204,1,20261207,1,20261208,1,20261209,1,20261210,1,20261211,1,20261214,1,20261215,1,20261216,1,20261217,1,20261218,1,20261221,1,20261222,1,20261223,1,20261224,1,20261225,1,20261228,1,20261229,1,20261230,1,20261231,1,20270101,1,20270104,1,20270105,1,20270106,1,20270107,1,20270108,1,20270111,1,20270112,1,20270113,1,20270114,1,20270115,1,20270118,1,20270119,1,20270120,1,20270121,1,20270122,1,20270125,1,20270126,1,20270127,1,20270128,1,20270129,1,20270201,1,20270202,1,20270203,1,20270204,1,20270205,1,20270208,1,20270209,1,20270210,1,20270211,1,20270212,1,20270215,1,20270216,1,20270217,1,20270218,1,20270219,1,20270222,1,20270223,1,20270224,1,20270225,1,20270226,1,20270301,1,20270302,1,20270303,1,20270304,1,20270305,1,20270308,1,20270309,1,20270310,1,20270311,1,20270312,1,20270315,1,20270316,1,20270317,1,20270318,1,20270319,1,20270322,1,20270323,1,20270324,1,20270325,1,20270326,1,20270329,1,20270330,1,20270331,1,20270401,1,20270402,1,20270405,1,20270406,1,20270407,1,20270408,1,20270409,1,20270412,1,20270413,1,20270414,1,20270415,1,20270416,1,20270419,1,20270420,1,20270421,1,20270422,1,20270423,1,20270426,1,20270427,1,20270428,1,20270429,1,20270430,1,20270503,1,20270504,1,20270505,1,20270506,1,20270507,1,20270510,1,20270511,1,20270512,1,20270513,1,20270514,1,20270517,1,20270518,1,20270519,1,20270520,1,20270521,1,20270524,1,20270525,1,20270526,1,20270527,1,20270528,1,20270531,1,20270601,1,20270602,1,20270603,1,20270604,1,20270607,1,20270608,1,20270609,1,20270610,1,20270611,1,20270614,1,20270615,1,20270616,1,20270617,1,20270618,1,20270621,1,20270622,1,20270623,1,20270624,1,20270625,1,20270628,1,20270629,1,20270630,1,20270701,1,20270702,1,20270705,1,20270706,1,20270707,1,20270708,1,20270709,1,20270712,1,20270713,1,20270714,1,20270715,1,20270716,1,20270719,1,20270720,1,20270721,1,20270722,1,20270723,1,20270726,1,20270727,1,20270728,1,20270729,1,20270730,1,20270802,1,20270803,1,20270804,1,20270805,1,20270806,1,20270809,1,20270810,1,20270811,1,20270812,1,20270813,1,20270816,1,20270817,1,20270818,1,20270819,1,20270820,1,20270823,1,20270824,1,20270825,1,20270826,1,20270827,1,20270830,1,20270831,1,20270901,1,20270902,1,20270903,1,20270906,1,20270907,1,20270908,1,20270909,1,20270910,1,20270913,1,20270914,1,20270915,1,20270916,1,20270917,1,20270920,1,20270921,1,20270922,1,20270923,1,20270924,1,20270927,1,20270928,1,20270929,1,20270930,1,20271001,1,20271004,1,20271005,1,20271006,1,20271007,1,20271008,1,20271011,1,20271012,1,20271013,1,20271014,1,20271015,1,20271018,1,20271019,1,20271020,1,20271021,1,20271022,1,20271025,1,20271026,1,20271027,1,20271028,1,20271029,1,20271101,1,20271102,1,20271103,1,20271104,1,20271105,1,20271108,1,20271109,1,20271110,1,20271111,1,20271112,1,20271115,1,20271116,1,20271117,1,20271118,1,20271119,1,20271122,1,20271123,1,20271124,1,20271125,1,20271126,1,20271129,1,20271130,1,20271201,1,20271202,1,20271203,1,20271206,1,20271207,1,20271208,1,20271209,1,20271210,1,20271213,1,20271214,1,20271215,1,20271216,1,20271217,1,20271220,1,20271221,1,20271222,1,20271223,1,20271224,1,20271227,1,20271228,1,20271229,1,20271230,1,20271231,1
'1442752',20261008,1,20261009,1,20261012,1,20261013,1,20261014,1,20261015,1,20261016,1,20261019,1,20261020,1,20261021,1,20261022,1,20261023,1,20261026,1,20261027,1,20261028,1,20261029,1,20261030,1,20261102,1,20261103,1,20261104,1,20261105,1,20261106,1,20261109,1,20261110,1,20261111,1,20261112,1,20261113,1,20261116,1,20261117,1,20261118,1,20261119,1,20261120,1,20261123,1,20261124,1,20261125,1,20261126,1,20261127,1,20261130,1,20261201,1,20261202,1,20261203,1,20261204,1,20261207,1,20261208,1,20261209,1,20261210,1,20261211,1,20261214,1,20261215,1,20261216,1,20261217,1,20261218,1,20261221,1,20261222,1,20261223,1,20261224,1,20261225,1,20261228,1,20261229,1,20261230,1,20261231,1,20270101,1,20270104,1,20270105,1,20270106,1,20270107,1,20270108,1,20270111,1,20270112,1,20270113,1,20270114,1,20270115,1,20270118,1,20270119,1,20270120,1,20270121,1,20270122,1,20270125,1,20270126,1,20270127,1,20270128,1,20270129,1,20270201,1,20270202,1,20270203,1,20270204,1,20270205,1,20270208,1,20270209,1,20270210,1,20270211,1,20270212,1,20270215,1,20270216,1,20270217,1,20270218,1,20270219,1,20270222,1,20270223,1,20270224,1,20270225,1,20270226,1,20270301,1,20270302,1,20270303,1,20270304,1,20270305,1,20270308,1,20270309,1,20270310,1,20270311,1,20270312,1,20270315,1,20270316,1,20270317,1,20270318,1,20270319,1,20270322,1,20270323,1,20270324,1,20270325,1,20270326,1,20270329,1,20270330,1,20270331,1,20270401,1,20270402,1,20270405,1,20270406,1,20270407,1,20270408,1,20270409,1,20270412,1,20270413,1,20270414,1,20270415,1,20270416,1,20270419,1,20270420,1,20270421,1,20270422,1,20270423,1,20270426,1,20270427,1,20270428,1,20270429,1,20270430,1,20270503,1,20270504,1,20270505,1,20270506,1,20270507,1,20270510,1,20270511,1,20270512,1,20270513,1,20270514,1,20270517,1,20270518,1,20270519,1,20270520,1,20270521,1,20270524,1,20270525,1,20270526,1,20270527,1,20270528,1,20270531,1,20270601,1,20270602,1,20270603,1,20270604,1,20270607,1,20270608,1,20270609,1,20270610,1,20270611,1,20270614,1,20270615,1,20270616,1,20270617,1,20270618,1,20270621,1,20270622,1,20270623,1,20270624,1,20270625,1,20270628,1,20270629,1,20270630,1,20270701,1,20270702,1,20270705,1,20270706,1,20270707,1,20270708,1,20270709,1,20270712,1,20270713,1,20270714,1,20270715,1,20270716,1,20270719,1,20270720,1,20270721,1,20270722,1,20270723,1,20270726,1,20270727,1,20270728,1,20270729,1,20270730,1,20270802,1,20270803,1,20270804,1,20270805,1,20270806,1,20270809,1,20270810,1,20270811,1,20270812,1,20270813,1,20270816,1,20270817,1,20270818,1,20270819,1,20270820,1,20270823,1,20270824,1,20270825,1,20270826,1,20270827,1,20270830,1,20270831,1,20270901,1,20270902,1,20270903,1,20270906,1,20270907,1,20270908,1,20270909,1,20270910,1,20270913,1,20270914,1,20270915,1,20270916,1,20270917,1,20270920,1,20270921,1,20270922,1,20270923,1,20270924,1,20270927,1,20270928,1,20270929,1,20270930,1,20271001,1,20271004,1,20271005,1,20271006,1,20271007,1,20271008,1,20271011,1,20271012,1,20271013,1,20271014,1,20271015,1,20271018,1,20271019,1,20271020,1,20271021,1,20271022,1,20271025,1,20271026,1,20271027,1,20271028,1,20271029,1,20271101,1,20271102,1,20271103,1,20271104,1,20271105,1,20271108,1,20271109,1,20271110,1,20271111,1,20271112,1,20271115,1,20271116,1,20271117,1,20271118,1,20271119,1,20271122,1,20271123,1,20271124,1,20271125,1,20271126,1,20271129,1,20271130,1,20271201,1,20271202,1,20271203,1,20271206,1,20271207,1,20271208,1,20271209,1,20271210,1,20271213,1,20271214,1,20271215,1,20271216,1,20271217,1,20271220,1,20271221,1,20271222,1,20271223,1,20271224,1,20271227,1,20271228,1,20271229,1,20271230,1,20271231,1
'1442767',20261008,1,20261009,1,20261012,1,20261013,1,20261014,1,20261015,1,20261016,1,20261019,1,20261020,1,20261021,1,20261022,1,20261023,1,20261026,1,20261027,1,20261028,1,20261029,1,20261030,1,20261102,1,20261103,1,20261104,1,20261105,1,20261106,1,20261109,1,20261110,1,20261111,1,20261112,1,20261113,1,20261116,1,20261117,1,20261118,1,20261119,1,20261120,1,20261123,1,20261124,1,20261125,1,20261126,1,20261127,1,20261130,1,20261201,1,20261202,1,20261203,1,20261204,1,20261207,1,20261208,1,20261209,1,20261210,1,20261211,1,20261214,1,20261215,1,20261216,1,20261217,1,20261218,1,20261221,1,20261222,1,20261223,1,20261224,1,20261225,1,20261228,1,20261229,1,20261230,1,20261231,1,20270101,1,20270104,1,20270105,1,20270106,1,20270107,1,20270108,1,20270111,1,20270112,1,20270113,1,20270114,1,20270115,1,20270118,1,20270119,1,20270120,1,20270121,1,20270122,1,20270125,1,20270126,1,20270127,1,20270128,1,20270129,1,20270201,1,20270202,1,20270203,1,20270204,1,20270205,1,20270208,1,20270209,1,20270210,1,20270211,1,20270212,1,20270215,1,20270216,1,20270217,1,20270218,1,20270219,1,20270222,1,20270223,1,20270224,1,20270225,1,20270226,1,20270301,1,20270302,1,20270303,1,20270304,1,20270305,1,20270308,1,20270309,1,20270310,1,20270311,1,20270312,1,20270315,1,20270316,1,20270317,1,20270318,1,20270319,1,20270322,1,20270323,1,20270324,1,20270325,1,20270326,1,20270329,1,20270330,1,20270331,1,20270401,1,20270402,1,20270405,1,20270406,1,20270407,1,20270408,1,20270409,1,20270412,1,20270413,1,20270414,1,20270415,1,20270416,1,20270419,1,20270420,1,20270421,1,20270422,1,20270423,1,20270426,1,20270427,1,20270428,1,20270429,1,20270430,1,20270503,1,20270504,1,20270505,1,20270506,1,20270507,1,20270510,1,20270511,1,20270512,1,20270513,1,20270514,1,20270517,1,20270518,1,20270519,1,20270520,1,20270521,1,20270524,1,20270525,1,20270526,1,20270527,1,20270528,1,20270531,1,20270601,1,20270602,1,20270603,1,20270604,1,20270607,1,20270608,1,20270609,1,20270610,1,20270611,1,20270614,1,20270615,1,20270616,1,20270617,1,20270618,1,20270621,1,20270622,1,20270623,1,20270624,1,20270625,1,20270628,1,20270629,1,20270630,1,20270701,1,20270702,1,20270705,1,20270706,1,20270707,1,20270708,1,20270709,1,20270712,1,20270713,1,20270714,1,20270715,1,20270716,1,20270719,1,20270720,1,20270721,1,20270722,1,20270723,1,20270726,1,20270727,1,20270728,1,20270729,1,20270730,1,20270802,1,20270803,1,20270804,1,20270805,1,20270806,1,20270809,1,20270810,1,20270811,1,20270812,1,20270813,1,20270816,1,20270817,1,20270818,1,20270819,1,20270820,1,20270823,1,20270824,1,20270825,1,20270826,1,20270827,1,20270830,1,20270831,1,20270901,1,20270902,1,20270903,1,20270906,1,20270907,1,20270908,1,20270909,1,20270910,1,20270913,1,20270914,1,20270915,1,20270916,1,20270917,1,20270920,1,20270921,1,20270922,1,20270923,1,20270924,1,20270927,1,20270928,1,20270929,1,20270930,1,20271001,1,20271004,1,20271005,1,20271006,1,20271007,1,20271008,1,20271011,1,20271012,1,20271013,1,20271014,1,20271015,1,20271018,1,20271019,1,20271020,1,20271021,1,20271022,1,20271025,1,20271026,1,20271027,1,20271028,1,20271029,1,20271101,1,20271102,1,20271103,1,20271104,1,20271105,1,20271108,1,20271109,1,20271110,1,20271111,1,20271112,1,20271115,1,20271116,1,20271117,1,20271118,1,20271119,1,20271122,1,20271123,1,20271124,1,20271125,1,20271126,1,20271129,1,20271130,1,20271201,1,20271202,1,20271203,1,20271206,1,20271207,1,20271208,1,20271209,1,20271210,1,20271213,1,20271214,1,20271215,1,20271216,1,20271217,1,20271220,1,20271221,1,20271222,1,20271223,1,20271224,1,20271227,1,20271228,1,20271229,1,20271230,1,20271231,1
'1442817',20261008,1,20261009,1,20261012,1,20261013,1,20261014,1,20261015,1,20261016,1,20261019,1,20261020,1,20261021,1,20261022,1,20261023,1,20261026,1,20261027,1,20261028,1,20261029,1,20261030,1,20261102,1,20261103,1,20261104,1,20261105,1,20261106,1,20261109,1,20261110,1,20261111,1,20261112,1,20261113,1,20261116,1,20261117,1,20261118,1,20261119,1,20261120,1,20261123,1,20261124,1,20261125,1,20261126,1,20261127,1,20261130,1,20261201,1,20261202,1,20261203,1,20261204,1,20261207,1,20261208,1,20261209,1,20261210,1,20261211,1,20261214,1,20261215,1,20261216,1,20261217,1,20261218,1,20261221,1,20261222,1,20261223,1,20261224,1,20261225,1,20261228,1,20261229,1,20261230,1,20261231,1,20270101,1,20270104,1,20270105,1,20270106,1,20270107,1,20270108,1,20270111,1,20270112,1,20270113,1,20270114,1,20270115,1,20270118,1,20270119,1,20270120,1,20270121,1,20270122,1,20270125,1,20270126,1,20270127,1,20270128,1,20270129,1,20270201,1,20270202,1,20270203,1,20270204,1,20270205,1,20270208,1,20270209,1,20270210,1,20270211,1,20270212,1,20270215,1,20270216,1,20270217,1,20270218,1,20270219,1,20270222,1,20270223,1,20270224,1,20270225,1,20270226,1,20270301,1,20270302,1,20270303,1,20270304,1,20270305,1,20270308,1,20270309,1,20270310,1,20270311,1,20270312,1,20270315,1,20270316,1,20270317,1,20270318,1,20270319,1,20270322,1,20270323,1,20270324,1,20270325,1,20270326,1,20270329,1,20270330,1,20270331,1,20270401,1,20270402,1,20270405,1,20270406,1,20270407,1,20270408,1,20270409,1,20270412,1,20270413,1,20270414,1,20270415,1,20270416,1,20270419,1,20270420,1,20270421,1,20270422,1,20270423,1,20270426,1,20270427,1,20270428,1,20270429,1,20270430,1,20270503,1,20270504,1,20270505,1,20270506,1,20270507,1,20270510,1,20270511,1,20270512,1,20270513,1,20270514,1,20270517,1,20270518,1,20270519,1,20270520,1,20270521,1,20270524,1,20270525,1,20270526,1,20270527,1,20270528,1,20270531,1,20270601,1,20270602,1,20270603,1,20270604,1,20270607,1,20270608,1,20270609,1,20270610,1,20270611,1,20270614,1,20270615,1,20270616,1,20270617,1,20270618,1,20270621,1,20270622,1,20270623,1,20270624,1,20270625,1,20270628,1,20270629,1,20270630,1,20270701,1,20270702,1,20270705,1,20270706,1,20270707,1,20270708,1,20270709,1,20270712,1,20270713,1,20270714,1,20270715,1,20270716,1,20270719,1,20270720,1,20270721,1,20270722,1,20270723,1,20270726,1,20270727,1,20270728,1,20270729,1,20270730,1,20270802,1,20270803,1,20270804,1,20270805,1,20270806,1,20270809,1,20270810,1,20270811,1,20270812,1,20270813,1,20270816,1,20270817,1,20270818,1,20270819,1,20270820,1,20270823,1,20270824,1,20270825,1,20270826,1,20270827,1,20270830,1,20270831,1,20270901,1,20270902,1,20270903,1,20270906,1,20270907,1,20270908,1,20270909,1,20270910,1,20270913,1,20270914,1,20270915,1,20270916,1,20270917,1,20270920,1,20270921,1,20270922,1,20270923,1,20270924,1,20270927,1,20270928,1,20270929,1,20270930,1,20271001,1,20271004,1,20271005,1,20271006,1,20271007,1,20271008,1,20271011,1,20271012,1,20271013,1,20271014,1,20271015,1,20271018,1,20271019,1,20271020,1,20271021,1,20271022,1,20271025,1,20271026,1,20271027,1,20271028,1,20271029,1,20271101,1,20271102,1,20271103,1,20271104,1,20271105,1,20271108,1,20271109,1,20271110,1,20271111,1,20271112,1,20271115,1,20271116,1,20271117,1,20271118,1,20271119,1,20271122,1,20271123,1,20271124,1,20271125,1,20271126,1,20271129,1,20271130,1,20271201,1,20271202,1,20271203,1,20271206,1,20271207,1,20271208,1,20271209,1,20271210,1,20271213,1,20271214,1,20271215,1,20271216,1,20271217,1,20271220,1,20271221,1,20271222,1,20271223,1,20271224,1,20271227,1,20271228,1,20271229,1,20271230,1,20271231,1
'1442848',20261008,1,20261009,1,20261012,1,20261013,1,20261014,1,20261015,1,20261016,1,20261019,1,20261020,1,20261021,1,20261022,1,20261023,1,20261026,1,20261027,1,20261028,1,20261029,1,20261030,1,20261102,1,20261103,1,20261104,1,20261105,1,20261106,1,20261109,1,20261110,1,20261111,1,20261112,1,20261113,1,20261116,1,20261117,1,20261118,1,20261119,1,20261120,1,20261123,1,20261124,1,20261125,1,20261126,1,20261127,1,20261130,1,20261201,1,20261202,1,20261203,1,20261204,1,20261207,1,20261208,1,20261209,1,20261210,1,20261211,1,20261214,1,20261215,1,20261216,1,20261217,1,20261218,1,20261221,1,20261222,1,20261223,1,20261224,1,20261225,1,20261228,1,20261229,1,20261230,1,20261231,1,20270101,1,20270104,1,20270105,1,20270106,1,20270107,1,20270108,1,20270111,1,20270112,1,20270113,1,20270114,1,20270115,1,20270118,1,20270119,1,20270120,1,20270121,1,20270122,1,20270125,1,20270126,1,20270127,1,20270128,1,20270129,1,20270201,1,20270202,1,20270203,1,20270204,1,20270205,1,20270208,1,20270209,1,20270210,1,20270211,1,20270212,1,20270215,1,20270216,1,20270217,1,20270218,1,20270219,1,20270222,1,20270223,1,20270224,1,20270225,1,20270226,1,20270301,1,20270302,1,20270303,1,20270304,1,20270305,1,20270308,1,20270309,1,20270310,1,20270311,1,20270312,1,20270315,1,20270316,1,20270317,1,20270318,1,20270319,1,20270322,1,20270323,1,20270324,1,20270325,1,20270326,1,20270329,1,20270330,1,20270331,1,20270401,1,20270402,1,20270405,1,20270406,1,20270407,1,20270408,1,20270409,1,20270412,1,20270413,1,20270414,1,20270415,1,20270416,1,20270419,1,20270420,1,20270421,1,20270422,1,20270423,1,20270426,1,20270427,1,20270428,1,20270429,1,20270430,1,20270503,1,20270504,1,20270505,1,20270506,1,20270507,1,20270510,1,20270511,1,20270512,1,20270513,1,20270514,1,20270517,1,20270518,1,20270519,1,20270520,1,20270521,1,20270524,1,20270525,1,20270526,1,20270527,1,20270528,1,20270531,1,20270601,1,20270602,1,20270603,1,20270604,1,20270607,1,20270608,1,20270609,1,20270610,1,20270611,1,20270614,1,20270615,1,20270616,1,20270617,1,20270618,1,20270621,1,20270622,1,20270623,1,20270624,1,20270625,1,20270628,1,20270629,1,20270630,1,20270701,1,20270702,1,20270705,1,20270706,1,20270707,1,20270708,1,20270709,1,20270712,1,20270713,1,20270714,1,20270715,1,20270716,1,20270719,1,20270720,1,20270721,1,20270722,1,20270723,1,20270726,1,20270727,1,20270728,1,20270729,1,20270730,1,20270802,1,20270803,1,20270804,1,20270805,1,20270806,1,20270809,1,20270810,1,20270811,1,20270812,1,20270813,1,20270816,1,20270817,1,20270818,1,20270819,1,20270820,1,20270823,1,20270824,1,20270825,1,20270826,1,20270827,1,20270830,1,20270831,1,20270901,1,20270902,1,20270903,1,20270906,1,20270907,1,20270908,1,20270909,1,20270910,1,20270913,1,20270914,1,20270915,1,20270916,1,20270917,1,20270920,1,20270921,1,20270922,1,20270923,1,20270924,1,20270927,1,20270928,1,20270929,1,20270930,1,20271001,1,20271004,1,20271005,1,20271006,1,20271007,1,20271008,1,20271011,1,20271012,1,20271013,1,20271014,1,20271015,1,20271018,1,20271019,1,20271020,1,20271021,1,20271022,1,20271025,1,20271026,1,20271027,1,20271028,1,20271029,1,20271101,1,20271102,1,20271103,1,20271104,1,20271105,1,20271108,1,20271109,1,20271110,1,20271111,1,20271112,1,20271115,1,20271116,1,20271117,1,20271118,1,20271119,1,20271122,1,20271123,1,20271124,1,20271125,1,20271126,1,20271129,1,20271130,1,20271201,1,20271202,1,20271203,1,20271206,1,20271207,1,20271208,1,20271209,1,20271210,1,20271213,1,20271214,1,20271215,1,20271216,1,20271217,1,20271220,1,20271221,1,20271222,1,20271223,1,20271224,1,20271227,1,20271228,1,20271229,1,20271230,1,20271231,1
'1442896',20261008,1,20261009,1,20261012,1,20261013,1,20261014,1,20261015,1,20261016,1,20261019,1,20261020,1,20261021,1,20261022,1,20261023,1,20261026,1,20261027,1,20261028,1,20261029,1,20261030,1,20261102,1,20261103,1,20261104,1,20261105,1,20261106,1,20261109,1,20261110,1,20261111,1,20261112,1,20261113,1,20261116,1,20261117,1,20261118,1,20261119,1,20261120,1,20261123,1,20261124,1,20261125,1,20261126,1,20261127,1,20261130,1,20261201,1,20261202,1,20261203,1,20261204,1,20261207,1,20261208,1,20261209,1,20261210,1,20261211,1,20261214,1,20261215,1,20261216,1,20261217,1,20261218,1,20261221,1,20261222,1,20261223,1,20261224,1,20261225,1,20261228,1,20261229,1,20261230,1,20261231,1,20270101,1,20270104,1,20270105,1,20270106,1,20270107,1,20270108,1,20270111,1,20270112,1,20270113,1,20270114,1,20270115,1,20270118,1,20270119,1,20270120,1,20270121,1,20270122,1,20270125,1,20270126,1,20270127,1,20270128,1,20270129,1,20270201,1,20270202,1,20270203,1,20270204,1,20270205,1,20270208,1,20270209,1,20270210,1,20270211,1,20270212,1,20270215,1,20270216,1,20270217,1,20270218,1,20270219,1,20270222,1,20270223,1,20270224,1,20270225,1,20270226,1,20270301,1,20270302,1,20270303,1,20270304,1,20270305,1,20270308,1,20270309,1,20270310,1,20270311,1,20270312,1,20270315,1,20270316,1,20270317,1,20270318,1,20270319,1,20270322,1,20270323,1,20270324,1,20270325,1,20270326,1,20270329,1,20270330,1,20270331,1,20270401,1,20270402,1,20270405,1,20270406,1,20270407,1,20270408,1,20270409,1,20270412,1,20270413,1,20270414,1,20270415,1,20270416,1,20270419,1,20270420,1,20270421,1,20270422,1,20270423,1,20270426,1,20270427,1,20270428,1,20270429,1,20270430,1,20270503,1,20270504,1,20270505,1,20270506,1,20270507,1,20270510,1,20270511,1,20270512,1,20270513,1,20270514,1,20270517,1,20270518,1,20270519,1,20270520,1,20270521,1,20270524,1,20270525,1,20270526,1,20270527,1,20270528,1,20270531,1,20270601,1,20270602,1,20270603,1,20270604,1,20270607,1,20270608,1,20270609,1,20270610,1,20270611,1,20270614,1,20270615,1,20270616,1,20270617,1,20270618,1,20270621,1,20270622,1,20270623,1,20270624,1,20270625,1,20270628,1,20270629,1,20270630,1,20270701,1,20270702,1,20270705,1,20270706,1,20270707,1,20270708,1,20270709,1,20270712,1,20270713,1,20270714,1,20270715,1,20270716,1,20270719,1,20270720,1,20270721,1,20270722,1,20270723,1,20270726,1,20270727,1,20270728,1,20270729,1,20270730,1,20270802,1,20270803,1,20270804,1,20270805,1,20270806,1,20270809,1,20270810,1,20270811,1,20270812,1,20270813,1,20270816,1,20270817,1,20270818,1,20270819,1,20270820,1,20270823,1,20270824,1,20270825,1,20270826,1,20270827,1,20270830,1,20270831,1,20270901,1,20270902,1,20270903,1,20270906,1,20270907,1,20270908,1,20270909,1,20270910,1,20270913,1,20270914,1,20270915,1,20270916,1,20270917,1,20270920,1,20270921,1,20270922,1,20270923,1,20270924,1,20270927,1,20270928,1,20270929,1,20270930,1,20271001,1,20271004,1,20271005,1,20271006,1,20271007,1,20271008,1,20271011,1,20271012,1,20271013,1,20271014,1,20271015,1,20271018,1,20271019,1,20271020,1,20271021,1,20271022,1,20271025,1,20271026,1,20271027,1,20271028,1,20271029,1,20271101,1,20271102,1,20271103,1,20271104,1,20271105,1,20271108,1,20271109,1,20271110,1,20271111,1,20271112,1,20271115,1,20271116,1,20271117,1,20271118,1,20271119,1,20271122,1,20271123,1,20271124,1,20271125,1,20271126,1,20271129,1,20271130,1,20271201,1,20271202,1,20271203,1,20271206,1,20271207,1,20271208,1,20271209,1,20271210,1,20271213,1,20271214,1,20271215,1,20271216,1,20271217,1,20271220,1,20271221,1,20271222,1,20271223,1,20271224,1,20271227,1,20271228,1,20271229,1,20271230,1,20271231,1
'1442972',20261008,1,20261009,1,20261012,1,20261013,1,20261014,1,20261015,1,20261016,1,20261019,1,20261020,1,20261021,1,20261022,1,20261023,1,20261026,1,20261027,1,20261028,1,20261029,1,20261030,1,20261102,1,20261103,1,20261104,1,20261105,1,20261106,1,20261109,1,20261110,1,20261111,1,20261112,1,20261113,1,20261116,1,20261117,1,20261118,1,20261119,1,20261120,1,20261123,1,20261124,1,20261125,1,20261126,1,20261127,1,20261130,1,20261201,1,20261202,1,20261203,1,20261204,1,20261207,1,20261208,1,20261209,1,20261210,1,20261211,1,20261214,1,20261215,1,20261216,1,20261217,1,20261218,1,20261221,1,20261222,1,20261223,1,20261224,1,20261225,1,20261228,1,20261229,1,20261230,1,20261231,1,20270101,1,20270104,1,20270105,1,20270106,1,20270107,1,20270108,1,20270111,1,20270112,1,20270113,1,20270114,1,20270115,1,20270118,1,20270119,1,20270120,1,20270121,1,20270122,1,20270125,1,20270126,1,20270127,1,20270128,1,20270129,1,20270201,1,20270202,1,20270203,1,20270204,1,20270205,1,20270208,1,20270209,1,20270210,1,20270211,1,20270212,1,20270215,1,20270216,1,20270217,1,20270218,1,20270219,1,20270222,1,20270223,1,20270224,1,20270225,1,20270226,1,20270301,1,20270302,1,20270303,1,20270304,1,20270305,1,20270308,1,20270309,1,20270310,1,20270311,1,20270312,1,20270315,1,20270316,1,20270317,1,20270318,1,20270319,1,20270322,1,20270323,1,20270324,1,20270325,1,20270326,1,20270329,1,20270330,1,20270331,1,20270401,1,20270402,1,20270405,1,20270406,1,20270407,1,20270408,1,20270409,1,20270412,1,20270413,1,20270414,1,20270415,1,20270416,1,20270419,1,20270420,1,20270421,1,20270422,1,20270423,1,20270426,1,20270427,1,20270428,1,20270429,1,20270430,1,20270503,1,20270504,1,20270505,1,20270506,1,20270507,1,20270510,1,20270511,1,20270512,1,20270513,1,20270514,1,20270517,1,20270518,1,20270519,1,20270520,1,20270521,1,20270524,1,20270525,1,20270526,1,20270527,1,20270528,1,20270531,1,20270601,1,20270602,1,20270603,1,20270604,1,20270607,1,20270608,1,20270609,1,20270610,1,20270611,1,20270614,1,20270615,1,20270616,1,20270617,1,20270618,1,20270621,1,20270622,1,20270623,1,20270624,1,20270625,1,20270628,1,20270629,1,20270630,1,20270701,1,20270702,1,20270705,1,20270706,1,20270707,1,20270708,1,20270709,1,20270712,1,20270713,1,20270714,1,20270715,1,20270716,1,20270719,1,20270720,1,20270721,1,20270722,1,20270723,1,20270726,1,20270727,1,20270728,1,20270729,1,20270730,1,20270802,1,20270803,1,20270804,1,20270805,1,20270806,1,20270809,1,20270810,1,20270811,1,20270812,1,20270813,1,20270816,1,20270817,1,20270818,1,20270819,1,20270820,1,20270823,1,20270824,1,20270825,1,20270826,1,20270827,1,20270830,1,20270831,1,20270901,1,20270902,1,20270903,1,20270906,1,20270907,1,20270908,1,20270909,1,20270910,1,20270913,1,20270914,1,20270915,1,20270916,1,20270917,1,20270920,1,20270921,1,20270922,1,20270923,1,20270924,1,20270927,1,20270928,1,20270929,1,20270930,1,20271001,1,20271004,1,20271005,1,20271006,1,20271007,1,20271008,1,20271011,1,20271012,1,20271013,1,20271014,1,20271015,1,20271018,1,20271019,1,20271020,1,20271021,1,20271022,1,20271025,1,20271026,1,20271027,1,20271028,1,20271029,1,20271101,1,20271102,1,20271103,1,20271104,1,20271105,1,20271108,1,20271109,1,20271110,1,20271111,1,20271112,1,20271115,1,20271116,1,20271117,1,20271118,1,20271119,1,20271122,1,20271123,1,20271124,1,20271125,1,20271126,1,20271129,1,20271130,1,20271201,1,20271202,1,20271203,1,20271206,1,20271207,1,20271208,1,20271209,1,20271210,1,20271213,1,20271214,1,20271215,1,20271216,1,20271217,1,20271220,1,20271221,1,20271222,1,20271223,1,20271224,1,20271227,1,20271228,1,20271229,1,20271230,1,20271231,1
'1443069',20261008,1,20261009,1,20261012,1,20261013,1,20261014,1,20261015,1,20261016,1,20261019,1,20261020,1,20261021,1,20261022,1,20261023,1,20261026,1,20261027,1,20261028,1,20261029,1,20261030,1,20261102,1,20261103,1,20261104,1,20261105,1,20261106,1,20261109,1,20261110,1,20261111,1,20261112,1,20261113,1,20261116,1,20261117,1,20261118,1,20261119,1,20261120,1,20261123,1,20261124,1,20261125,1,20261126,1,20261127,1,20261130,1,20261201,1,20261202,1,20261203,1,20261204,1,20261207,1,20261208,1,20261209,1,20261210,1,20261211,1,20261214,1,20261215,1,20261216,1,20261217,1,20261218,1,20261221,1,20261222,1,20261223,1,20261224,1,20261225,1,20261228,1,20261229,1,20261230,1,20261231,1,20270101,1,20270104,1,20270105,1,20270106,1,20270107,1,20270108,1,20270111,1,20270112,1,20270113,1,20270114,1,20270115,1,20270118,1,20270119,1,20270120,1,20270121,1,20270122,1,20270125,1,20270126,1,20270127,1,20270128,1,20270129,1,20270201,1,20270202,1,20270203,1,20270204,1,20270205,1,20270208,1,20270209,1,20270210,1,20270211,1,20270212,1,20270215,1,20270216,1,20270217,1,20270218,1,20270219,1,20270222,1,20270223,1,20270224,1,20270225,1,20270226,1,20270301,1,20270302,1,20270303,1,20270304,1,20270305,1,20270308,1,20270309,1,20270310,1,20270311,1,20270312,1,20270315,1,20270316,1,20270317,1,20270318,1,20270319,1,20270322,1,20270323,1,20270324,1,20270325,1,20270326,1,20270329,1,20270330,1,20270331,1,20270401,1,20270402,1,20270405,1,20270406,1,20270407,1,20270408,1,20270409,1,20270412,1,20270413,1,20270414,1,20270415,1,20270416,1,20270419,1,20270420,1,20270421,1,20270422,1,20270423,1,20270426,1,20270427,1,20270428,1,20270429,1,20270430,1,20270503,1,20270504,1,20270505,1,20270506,1,20270507,1,20270510,1,20270511,1,20270512,1,20270513,1,20270514,1,20270517,1,20270518,1,20270519,1,20270520,1,20270521,1,20270524,1,20270525,1,20270526,1,20270527,1,20270528,1,20270531,1,20270601,1,20270602,1,20270603,1,20270604,1,20270607,1,20270608,1,20270609,1,20270610,1,20270611,1,20270614,1,20270615,1,20270616,1,20270617,1,20270618,1,20270621,1,20270622,1,20270623,1,20270624,1,20270625,1,20270628,1,20270629,1,20270630,1,20270701,1,20270702,1,20270705,1,20270706,1,20270707,1,20270708,1,20270709,1,20270712,1,20270713,1,20270714,1,20270715,1,20270716,1,20270719,1,20270720,1,20270721,1,20270722,1,20270723,1,20270726,1,20270727,1,20270728,1,20270729,1,20270730,1,20270802,1,20270803,1,20270804,1,20270805,1,20270806,1,20270809,1,20270810,1,20270811,1,20270812,1,20270813,1,20270816,1,20270817,1,20270818,1,20270819,1,20270820,1,20270823,1,20270824,1,20270825,1,20270826,1,20270827,1,20270830,1,20270831,1,20270901,1,20270902,1,20270903,1,20270906,1,20270907,1,20270908,1,20270909,1,20270910,1,20270913,1,20270914,1,20270915,1,20270916,1,20270917,1,20270920,1,20270921,1,20270922,1,20270923,1,20270924,1,20270927,1,20270928,1,20270929,1,20270930,1,20271001,1,20271004,1,20271005,1,20271006,1,20271007,1,20271008,1,20271011,1,20271012,1,20271013,1,20271014,1,20271015,1,20271018,1,20271019,1,20271020,1,20271021,1,20271022,1,20271025,1,20271026,1,20271027,1,20271028,1,20271029,1,20271101,1,20271102,1,20271103,1,20271104,1,20271105,1,20271108,1,20271109,1,20271110,1,20271111,1,20271112,1,20271115,1,20271116,1,20271117,1,20271118,1,20271119,1,20271122,1,20271123,1,20271124,1,20271125,1,20271126,1,20271129,1,20271130,1,20271201,1,20271202,1,20271203,1,20271206,1,20271207,1,20271208,1,20271209,1,20271210,1,20271213,1,20271214,1,20271215,1,20271216,1,20271217,1,20271220,1,20271221,1,20271222,1,20271223,1,20271224,1,20271227,1,20271228,1,20271229,1,20271230,1,20271231,1
'1443103',20261010,1,20261017,1,20261024,1,20261031,1,20261107,1,20261114,1,20261121,1,20261128,1,20261205,1,20261212,1,20261219,1,20261226,1,20270102,1,20270109,1,20270116,1,20270123,1,20270130,1,20270206,1,20270213,1,20270220,1,20270227,1,20270306,1,20270313,1,20270320,1,20270327,1,20270403,1,20270410,1,20270417,1,20270424,1,20270501,1,20270508,1,20270515,1,20270522,1,20270529,1,20270605,1,20270612,1,20270619,1,20270626,1,20270703,1,20270710,1,20270717,1,20270724,1,20270731,1,20270807,1,20270814,1,20270821,1,20270828,1,20270904,1,20270911,1,20270918,1,20270925,1,20271002,1,20271009,1,20271016,1,20271023,1,20271030,1,20271106,1,20271113,1,20271120,1,20271127,1,20271204,1,20271211,1,20271218,1,20271225,1,20280101,1
'1443156',20261008,1,20261009,1,20261012,1,20261013,1,20261014,1,20261015,1,20261016,1,20261019,1,20261020,1,20261021,1,20261022,1,20261023,1,20261026,1,20261027,1,20261028,1,20261029,1,20261030,1,20261102,1,20261103,1,20261104,1,20261105,1,20261106,1,20261109,1,20261110,1,20261111,1,20261112,1,20261113,1,20261116,1,20261117,1,20261118,1,20261119,1,20261120,1,20261123,1,20261124,1,20261125,1,20261126,1,20261127,1,20261130,1,20261201,1,20261202,1,20261203,1,20261204,1,20261207,1,20261208,1,20261209,1,20261210,1,20261211,1,20261214,1,20261215,1,20261216,1,20261217,1,20261218,1,20261221,1,20261222,1,20261223,1,20261224,1,20261225,1,20261228,1,20261229,1,20261230,1,20261231,1,20270101,1,20270104,1,20270105,1,20270106,1,20270107,1,20270108,1,20270111,1,20270112,1,20270113,1,20270114,1,20270115,1,20270118,1,20270119,1,20270120,1,20270121,1,20270122,1,20270125,1,20270126,1,20270127,1,20270128,1,20270129,1,20270201,1,20270202,1,20270203,1,20270204,1,20270205,1,20270208,1,20270209,1,20270210,1,20270211,1,20270212,1,20270215,1,20270216,1,20270217,1,20270218,1,20270219,1,20270222,1,20270223,1,20270224,1,20270225,1,20270226,1,20270301,1,20270302,1,20270303,1,20270304,1,20270305,1,20270308,1,20270309,1,20270310,1,20270311,1,20270312,1,20270315,1,20270316,1,20270317,1,20270318,1,20270319,1,20270322,1,20270323,1,20270324,1,20270325,1,20270326,1,20270329,1,20270330,1,20270331,1,20270401,1,20270402,1,20270405,1,20270406,1,20270407,1,20270408,1,20270409,1,20270412,1,20270413,1,20270414,1,20270415,1,20270416,1,20270419,1,20270420,1,20270421,1,20270422,1,20270423,1,20270426,1,20270427,1,20270428,1,20270429,1,20270430,1,20270503,1,20270504,1,20270505,1,20270506,1,20270507,1,20270510,1,20270511,1,20270512,1,20270513,1,20270514,1,20270517,1,20270518,1,20270519,1,20270520,1,20270521,1,20270524,1,20270525,1,20270526,1,20270527,1,20270528,1,20270531,1,20270601,1,20270602,1,20270603,1,20270604,1,20270607,1,20270608,1,20270609,1,20270610,1,20270611,1,20270614,1,20270615,1,20270616,1,20270617,1,20270618,1,20270621,1,20270622,1,20270623,1,20270624,1,20270625,1,20270628,1,20270629,1,20270630,1,20270701,1,20270702,1,20270705,1,20270706,1,20270707,1,20270708,1,20270709,1,20270712,1,20270713,1,20270714,1,20270715,1,20270716,1,20270719,1,20270720,1,20270721,1,20270722,1,20270723,1,20270726,1,20270727,1,20270728,1,20270729,1,20270730,1,20270802,1,20270803,1,20270804,1,20270805,1,20270806,1,20270809,1,20270810,1,20270811,1,20270812,1,20270813,1,20270816,1,20270817,1,20270818,1,20270819,1,20270820,1,20270823,1,20270824,1,20270825,1,20270826,1,20270827,1,20270830,1,20270831,1,20270901,1,20270902,1,20270903,1,20270906,1,20270907,1,20270908,1,20270909,1,20270910,1,20270913,1,20270914,1,20270915,1,20270916,1,20270917,1,20270920,1,20270921,1,20270922,1,20270923,1,20270924,1,20270927,1,20270928,1,20270929,1,20270930,1,20271001,1,20271004,1,20271005,1,20271006,1,20271007,1,20271008,1,20271011,1,20271012,1,20271013,1,20271014,1,20271015,1,20271018,1,20271019,1,20271020,1,20271021,1,20271022,1,20271025,1,20271026,1,20271027,1,20271028,1,20271029,1,20271101,1,20271102,1,20271103,1,20271104,1,20271105,1,20271108,1,20271109,1,20271110,1,20271111,1,20271112,1,20271115,1,20271116,1,20271117,1,20271118,1,20271119,1,20271122,1,20271123,1,20271124,1,20271125,1,20271126,1,20271129,1,20271130,1,20271201,1,20271202,1,20271203,1,20271206,1,20271207,1,20271208,1,20271209,1,20271210,1,20271213,1,20271214,1,20271215,1,20271216,1,20271217,1,20271220,1,20271221,1,20271222,1,20271223,1,20271224,1,20271227,1,20271228,1,20271229,1,20271230,1,20271231,1
'1443162',20261008,1,20261009,1,20261012,1,20261013,1,20261014,1,20261015,1,20261016,1,20261019,1,20261020,1,20261021,1,20261022,1,20261023,1,20261026,1,20261027,1,20261028,1,20261029,1,20261030,1,20261102,1,20261103,1,20261104,1,20261105,1,20261106,1,20261109,1,20261110,1,20261111,1,20261112,1,20261113,1,20261116,1,20261117,1,20261118,1,20261119,1,20261120,1,20261123,1,20261124,1,20261125,1,20261126,1,20261127,1,20261130,1,20261201,1,20261202,1,20261203,1,20261204,1,20261207,1,20261208,1,20261209,1,20261210,1,20261211,1,20261214,1,20261215,1,20261216,1,20261217,1,20261218,1,20261221,1,20261222,1,20261223,1,20261224,1,20261225,1,20261228,1,20261229,1,20261230,1,20261231,1,20270101,1,20270104,1,20270105,1,20270106,1,20270107,1,20270108,1,20270111,1,20270112,1,20270113,1,20270114,1,20270115,1,20270118,1,20270119,1,20270120,1,20270121,1,20270122,1,20270125,1,20270126,1,20270127,1,20270128,1,20270129,1,20270201,1,20270202,1,20270203,1,20270204,1,20270205,1,20270208,1,20270209,1,20270210,1,20270211,1,20270212,1,20270215,1,20270216,1,20270217,1,20270218,1,20270219,1,20270222,1,20270223,1,20270224,1,20270225,1,20270226,1,20270301,1,20270302,1,20270303,1,20270304,1,20270305,1,20270308,1,20270309,1,20270310,1,20270311,1,20270312,1,20270315,1,20270316,1,20270317,1,20270318,1,20270319,1,20270322,1,20270323,1,20270324,1,20270325,1,20270326,1,20270329,1,20270330,1,20270331,1,20270401,1,20270402,1,20270405,1,20270406,1,20270407,1,20270408,1,20270409,1,20270412,1,20270413,1,20270414,1,20270415,1,20270416,1,20270419,1,20270420,1,20270421,1,20270422,1,20270423,1,20270426,1,20270427,1,20270428,1,20270429,1,20270430,1,20270503,1,20270504,1,20270505,1,20270506,1,20270507,1,20270510,1,20270511,1,20270512,1,20270513,1,20270514,1,20270517,1,20270518,1,20270519,1,20270520,1,20270521,1,20270524,1,20270525,1,20270526,1,20270527,1,20270528,1,20270531,1,20270601,1,20270602,1,20270603,1,20270604,1,20270607,1,20270608,1,20270609,1,20270610,1,20270611,1,20270614,1,20270615,1,20270616,1,20270617,1,20270618,1,20270621,1,20270622,1,20270623,1,20270624,1,20270625,1,20270628,1,20270629,1,20270630,1,20270701,1,20270702,1,20270705,1,20270706,1,20270707,1,20270708,1,20270709,1,20270712,1,20270713,1,20270714,1,20270715,1,20270716,1,20270719,1,20270720,1,20270721,1,20270722,1,20270723,1,20270726,1,20270727,1,20270728,1,20270729,1,20270730,1,20270802,1,20270803,1,20270804,1,20270805,1,20270806,1,20270809,1,20270810,1,20270811,1,20270812,1,20270813,1,20270816,1,20270817,1,20270818,1,20270819,1,20270820,1,20270823,1,20270824,1,20270825,1,20270826,1,20270827,1,20270830,1,20270831,1,20270901,1,20270902,1,20270903,1,20270906,1,20270907,1,20270908,1,20270909,1,20270910,1,20270913,1,20270914,1,20270915,1,20270916,1,20270917,1,20270920,1,20270921,1,20270922,1,20270923,1,20270924,1,20270927,1,20270928,1,20270929,1,20270930,1,20271001,1,20271004,1,20271005,1,20271006,1,20271007,1,20271008,1,20271011,1,20271012,1,20271013,1,20271014,1,20271015,1,20271018,1,20271019,1,20271020,1,20271021,1,20271022,1,20271025,1,20271026,1,20271027,1,20271028,1,20271029,1,20271101,1,20271102,1,20271103,1,20271104,1,20271105,1,20271108,1,20271109,1,20271110,1,20271111,1,20271112,1,20271115,1,20271116,1,20271117,1,20271118,1,20271119,1,20271122,1,20271123,1,20271124,1,20271125,1,20271126,1,20271129,1,20271130,1,20271201,1,20271202,1,20271203,1,20271206,1,20271207,1,20271208,1,20271209,1,20271210,1,20271213,1,20271214,1,20271215,1,20271216,1,20271217,1,20271220,1,20271221,1,20271222,1,20271223,1,20271224,1,20271227,1,20271228,1,20271229,1,20271230,1,20271231,1
'1443179',20261008,1,20261009,1,20261012,1,20261013,1,20261014,1,20261015,1,20261016,1,20261019,1,20261020,1,20261021,1,20261022,1,20261023,1,20261026,1,20261027,1,20261028,1,20261029,1,20261030,1,20261102,1,20261103,1,20261104,1,20261105,1,20261106,1,20261109,1,20261110,1,20261111,1,20261112,1,20261113,1,20261116,1,20261117,1,20261118,1,20261119,1,20261120,1,20261123,1,20261124,1,20261125,1,20261126,1,20261127,1,20261130,1,20261201,1,20261202,1,20261203,1,20261204,1,20261207,1,20261208,1,20261209,1,20261210,1,20261211,1,20261214,1,20261215,1,20261216,1,20261217,1,20261218,1,20261221,1,20261222,1,20261223,1,20261224,1,20261225,1,20261228,1,20261229,1,20261230,1,20261231,1,20270101,1,20270104,1,20270105,1,20270106,1,20270107,1,20270108,1,20270111,1,20270112,1,20270113,1,20270114,1,20270115,1,20270118,1,20270119,1,20270120,1,20270121,1,20270122,1,20270125,1,20270126,1,20270127,1,20270128,1,20270129,1,20270201,1,20270202,1,20270203,1,20270204,1,20270205,1,20270208,1,20270209,1,20270210,1,20270211,1,20270212,1,20270215,1,20270216,1,20270217,1,20270218,1,20270219,1,20270222,1,20270223,1,20270224,1,20270225,1,20270226,1,20270301,1,20270302,1,20270303,1,20270304,1,20270305,1,20270308,1,20270309,1,20270310,1,20270311,1,20270312,1,20270315,1,20270316,1,20270317,1,20270318,1,20270319,1,20270322,1,20270323,1,20270324,1,20270325,1,20270326,1,20270329,1,20270330,1,20270331,1,20270401,1,20270402,1,20270405,1,20270406,1,20270407,1,20270408,1,20270409,1,20270412,1,20270413,1,20270414,1,20270415,1,20270416,1,20270419,1,20270420,1,20270421,1,20270422,1,20270423,1,20270426,1,20270427,1,20270428,1,20270429,1,20270430,1,20270503,1,20270504,1,20270505,1,20270506,1,20270507,1,20270510,1,20270511,1,20270512,1,20270513,1,20270514,1,20270517,1,20270518,1,20270519,1,20270520,1,20270521,1,20270524,1,20270525,1,20270526,1,20270527,1,20270528,1,20270531,1,20270601,1,20270602,1,20270603,1,20270604,1,20270607,1,20270608,1,20270609,1,20270610,1,20270611,1,20270614,1,20270615,1,20270616,1,20270617,1,20270618,1,20270621,1,20270622,1,20270623,1,20270624,1,20270625,1,20270628,1,20270629,1,20270630,1,20270701,1,20270702,1,20270705,1,20270706,1,20270707,1,20270708,1,20270709,1,20270712,1,20270713,1,20270714,1,20270715,1,20270716,1,20270719,1,20270720,1,20270721,1,20270722,1,20270723,1,20270726,1,20270727,1,20270728,1,20270729,1,20270730,1,20270802,1,20270803,1,20270804,1,20270805,1,20270806,1,20270809,1,20270810,1,20270811,1,20270812,1,20270813,1,20270816,1,20270817,1,20270818,1,20270819,1,20270820,1,20270823,1,20270824,1,20270825,1,20270826,1,20270827,1,20270830,1,20270831,1,20270901,1,20270902,1,20270903,1,20270906,1,20270907,1,20270908,1,20270909,1,20270910,1,20270913,1,20270914,1,20270915,1,20270916,1,20270917,1,20270920,1,20270921,1,20270922,1,20270923,1,20270924,1,20270927,1,20270928,1,20270929,1,20270930,1,20271001,1,20271004,1,20271005,1,20271006,1,20271007,1,20271008,1,20271011,1,20271012,1,20271013,1,20271014,1,20271015,1,20271018,1,20271019,1,20271020,1,20271021,1,20271022,1,20271025,1,20271026,1,20271027,1,20271028,1,20271029,1,20271101,1,20271102,1,20271103,1,20271104,1,20271105,1,20271108,1,20271109,1,20271110,1,20271111,1,20271112,1,20271115,1,20271116,1,20271117,1,20271118,1,20271119,1,20271122,1,20271123,1,20271124,1,20271125,1,20271126,1,20271129,1,20271130,1,20271201,1,20271202,1,20271203,1,20271206,1,20271207,1,20271208,1,20271209,1,20271210,1,20271213,1,20271214,1,20271215,1,20271216,1,20271217,1,20271220,1,20271221,1,20271222,1,20271223,1,20271224,1,20271227,1,20271228,1,20271229,1,20271230,1,20271231,1
'1443204',20261010,1,20261011,1,20261017,1,20261018,1,20261024,1,20261025,1,20261031,1,20261101,1,20261107,1,20261108,1,20261114,1,20261115,1,20261121,1,20261122,1,20261128,1,20261129,1,20261205,1,20261206,1,20261212,1,20261213,1,20261219,1,20261220,1,20261226,1,20261227,1,20270102,1,20270103,1,20270109,1,20270110,1,20270116,1,20270117,1,20270123,1,20270124,1,20270130,1,20270131,1,20270206,1,20270207,1,20270213,1,20270214,1,20270220,1,20270221,1,20270227,1,20270228,1,20270306,1,20270307,1,20270313,1,20270314,1,20270320,1,20270321,1,20270327,1,20270328,1,20270403,1,20270404,1,20270410,1,20270411,1,20270417,1,20270418,1,20270424,1,20270425,1,20270501,1,20270502,1,20270508,1,20270509,1,20270515,1,20270516,1,20270522,1,20270523,1,20270529,1,20270530,1,20270605,1,20270606,1,20270612,1,20270613,1,20270619,1,20270620,1,20270626,1,20270627,1,20270703,1,20270704,1,20270710,1,20270711,1,20270717,1,20270718,1,20270724,1,20270725,1,20270731,1,20270801,1,20270807,1,20270808,1,20270814,1,20270815,1,20270821,1,20270822,1,20270828,1,20270829,1,20270904,1,20270905,1,20270911,1,20270912,1,20270918,1,20270919,1,20270925,1,20270926,1,20271002,1,20271003,1,20271009,1,20271010,1,20271016,1,20271017,1,20271023,1,20271024,1,20271030,1,20271031,1,20271106,1,20271107,1,20271113,1,20271114,1,20271120,1,20271121,1,20271127,1,20271128,1,20271204,1,20271205,1,20271211,1,20271212,1,20271218,1,20271219,1,20271225,1,20271226,1,20280101,1
'1443220',20261008,1,20261009,1,20261012,1,20261013,1,20261014,1,20261015,1,20261016,1,20261019,1,20261020,1,20261021,1,20261022,1,20261023,1,20261026,1,20261027,1,20261028,1,20261029,1,20261030,1,20261102,1,20261103,1,20261104,1,20261105,1,20261106,1,20261109,1,20261110,1,20261111,1,20261112,1,20261113,1,20261116,1,20261117,1,20261118,1,20261119,1,20261120,1,20261123,1,20261124,1,20261125,1,20261126,1,20261127,1,20261130,1,20261201,1,20261202,1,20261203,1,20261204,1,20261207,1,20261208,1,20261209,1,20261210,1,20261211,1,20261214,1,20261215,1,20261216,1,20261217,1,20261218,1,20261221,1,20261222,1,20261223,1,20261224,1,20261225,1,20261228,1,20261229,1,20261230,1,20261231,1,20270101,1,20270104,1,20270105,1,20270106,1,20270107,1,20270108,1,20270111,1,20270112,1,20270113,1,20270114,1,20270115,1,20270118,1,20270119,1,20270120,1,20270121,1,20270122,1,20270125,1,20270126,1,20270127,1,20270128,1,20270129,1,20270201,1,20270202,1,20270203,1,20270204,1,20270205,1,20270208,1,20270209,1,20270210,1,20270211,1,20270212,1,20270215,1,20270216,1,20270217,1,20270218,1,20270219,1,20270222,1,20270223,1,20270224,1,20270225,1,20270226,1,20270301,1,20270302,1,20270303,1,20270304,1,20270305,1,20270308,1,20270309,1,20270310,1,20270311,1,20270312,1,20270315,1,20270316,1,20270317,1,20270318,1,20270319,1,20270322,1,20270323,1,20270324,1,20270325,1,20270326,1,20270329,1,20270330,1,20270331,1,20270401,1,20270402,1,20270405,1,20270406,1,20270407,1,20270408,1,20270409,1,20270412,1,20270413,1,20270414,1,20270415,1,20270416,1,20270419,1,20270420,1,20270421,1,20270422,1,20270423,1,20270426,1,20270427,1,20270428,1,20270429,1,20270430,1,20270503,1,20270504,1,20270505,1,20270506,1,20270507,1,20270510,1,20270511,1,20270512,1,20270513,1,20270514,1,20270517,1,20270518,1,20270519,1,20270520,1,20270521,1,20270524,1,20270525,1,20270526,1,20270527,1,20270528,1,20270531,1,20270601,1,20270602,1,20270603,1,20270604,1,20270607,1,20270608,1,20270609,1,20270610,1,20270611,1,20270614,1,20270615,1,20270616,1,20270617,1,20270618,1,20270621,1,20270622,1,20270623,1,20270624,1,20270625,1,20270628,1,20270629,1,20270630,1,20270701,1,20270702,1,20270705,1,20270706,1,20270707,1,20270708,1,20270709,1,20270712,1,20270713,1,20270714,1,20270715,1,20270716,1,20270719,1,20270720,1,20270721,1,20270722,1,20270723,1,20270726,1,20270727,1,20270728,1,20270729,1,20270730,1,20270802,1,20270803,1,20270804,1,20270805,1,20270806,1,20270809,1,20270810,1,20270811,1,20270812,1,20270813,1,20270816,1,20270817,1,20270818,1,20270819,1,20270820,1,20270823,1,20270824,1,20270825,1,20270826,1,20270827,1,20270830,1,20270831,1,20270901,1,20270902,1,20270903,1,20270906,1,20270907,1,20270908,1,20270909,1,20270910,1,20270913,1,20270914,1,20270915,1,20270916,1,20270917,1,20270920,1,20270921,1,20270922,1,20270923,1,20270924,1,20270927,1,20270928,1,20270929,1,20270930,1,20271001,1,20271004,1,20271005,1,20271006,1,20271007,1,20271008,1,20271011,1,20271012,1,20271013,1,20271014,1,20271015,1,20271018,1,20271019,1,20271020,1,20271021,1,20271022,1,20271025,1,20271026,1,20271027,1,20271028,1,20271029,1,20271101,1,20271102,1,20271103,1,20271104,1,20271105,1,20271108,1,20271109,1,20271110,1,20271111,1,20271112,1,20271115,1,20271116,1,20271117,1,20271118,1,20271119,1,20271122,1,20271123,1,20271124,1,20271125,1,20271126,1,20271129,1,20271130,1,20271201,1,20271202,1,20271203,1,20271206,1,20271207,1,20271208,1,20271209,1,20271210,1,20271213,1,20271214,1,20271215,1,20271216,1,20271217,1,20271220,1,20271221,1,20271222,1,20271223,1,20271224,1,20271227,1,20271228,1,20271229,1,20271230,1,20271231,1
'1443229',20261008,1,20261009,1,20261012,1,20261013,1,20261014,1,20261015,1,20261016,1,20261019,1,20261020,1,20261021,1,20261022,1,20261023,1,20261026,1,20261027,1,20261028,1,20261029,1,20261030,1,20261102,1,20261103,1,20261104,1,20261105,1,20261106,1,20261109,1,20261110,1,20261111,1,20261112,1,20261113,1,20261116,1,20261117,1,20261118,1,20261119,1,20261120,1,20261123,1,20261124,1,20261125,1,20261126,1,20261127,1,20261130,1,20261201,1,20261202,1,20261203,1,20261204,1,20261207,1,20261208,1,20261209,1,20261210,1,20261211,1,20261214,1,20261215,1,20261216,1,20261217,1,20261218,1,20261221,1,20261222,1,20261223,1,20261224,1,20261225,1,20261228,1,20261229,1,20261230,1,20261231,1,20270101,1,20270104,1,20270105,1,20270106,1,20270107,1,20270108,1,20270111,1,20270112,1,20270113,1,20270114,1,20270115,1,20270118,1,20270119,1,20270120,1,20270121,1,20270122,1,20270125,1,20270126,1,20270127,1,20270128,1,20270129,1,20270201,1,20270202,1,20270203,1,20270204,1,20270205,1,20270208,1,20270209,1,20270210,1,20270211,1,20270212,1,20270215,1,20270216,1,20270217,1,20270218,1,20270219,1,20270222,1,20270223,1,20270224,1,20270225,1,20270226,1,20270301,1,20270302,1,20270303,1,20270304,1,20270305,1,20270308,1,20270309,1,20270310,1,20270311,1,20270312,1,20270315,1,20270316,1,20270317,1,20270318,1,20270319,1,20270322,1,20270323,1,20270324,1,20270325,1,20270326,1,20270329,1,20270330,1,20270331,1,20270401,1,20270402,1,20270405,1,20270406,1,20270407,1,20270408,1,20270409,1,20270412,1,20270413,1,20270414,1,20270415,1,20270416,1,20270419,1,20270420,1,20270421,1,20270422,1,20270423,1,20270426,1,20270427,1,20270428,1,20270429,1,20270430,1,20270503,1,20270504,1,20270505,1,20270506,1,20270507,1,20270510,1,20270511,1,20270512,1,20270513,1,20270514,1,20270517,1,20270518,1,20270519,1,20270520,1,20270521,1,20270524,1,20270525,1,20270526,1,20270527,1,20270528,1,20270531,1,20270601,1,20270602,1,20270603,1,20270604,1,20270607,1,20270608,1,20270609,1,20270610,1,20270611,1,20270614,1,20270615,1,20270616,1,20270617,1,20270618,1,20270621,1,20270622,1,20270623,1,20270624,1,20270625,1,20270628,1,20270629,1,20270630,1,20270701,1,20270702,1,20270705,1,20270706,1,20270707,1,20270708,1,20270709,1,20270712,1,20270713,1,20270714,1,20270715,1,20270716,1,20270719,1,20270720,1,20270721,1,20270722,1,20270723,1,20270726,1,20270727,1,20270728,1,20270729,1,20270730,1,20270802,1,20270803,1,20270804,1,20270805,1,20270806,1,20270809,1,20270810,1,20270811,1,20270812,1,20270813,1,20270816,1,20270817,1,20270818,1,20270819,1,20270820,1,20270823,1,20270824,1,20270825,1,20270826,1,20270827,1,20270830,1,20270831,1,20270901,1,20270902,1,20270903,1,20270906,1,20270907,1,20270908,1,20270909,1,20270910,1,20270913,1,20270914,1,20270915,1,20270916,1,20270917,1,20270920,1,20270921,1,20270922,1,20270923,1,20270924,1,20270927,1,20270928,1,20270929,1,20270930,1,20271001,1,20271004,1,20271005,1,20271006,1,20271007,1,20271008,1,20271011,1,20271012,1,20271013,1,20271014,1,20271015,1,20271018,1,20271019,1,20271020,1,20271021,1,20271022,1,20271025,1,20271026,1,20271027,1,20271028,1,20271029,1,20271101,1,20271102,1,20271103,1,20271104,1,20271105,1,20271108,1,20271109,1,20271110,1,20271111,1,20271112,1,20271115,1,20271116,1,20271117,1,20271118,1,20271119,1,20271122,1,20271123,1,20271124,1,20271125,1,20271126,1,20271129,1,20271130,1,20271201,1,20271202,1,20271203,1,20271206,1,20271207,1,20271208,1,20271209,1,20271210,1,20271213,1,20271214,1,20271215,1,20271216,1,20271217,1,20271220,1,20271221,1,20271222,1,20271223,1,20271224,1,20271227,1,20271228,1,20271229,1,20271230,1,20271231,1
'1443234',20261008,1,20261009,1,20261012,1,20261013,1,20261014,1,20261015,1,20261016,1,20261019,1,20261020,1,20261021,1,20261022,1,20261023,1,20261026,1,20261027,1,20261028,1,20261029,1,20261030,1,20261102,1,20261103,1,20261104,1,20261105,1,20261106,1,20261109,1,20261110,1,20261111,1,20261112,1,20261113,1,20261116,1,20261117,1,20261118,1,20261119,1,20261120,1,20261123,1,20261124,1,20261125,1,20261126,1,20261127,1,20261130,1,20261201,1,20261202,1,20261203,1,20261204,1,20261207,1,20261208,1,20261209,1,20261210,1,20261211,1,20261214,1,20261215,1,20261216,1,20261217,1,20261218,1,20261221,1,20261222,1,20261223,1,20261224,1,20261225,1,20261228,1,20261229,1,20261230,1,20261231,1,20270101,1,20270104,1,20270105,1,20270106,1,20270107,1,20270108,1,20270111,1,20270112,1,20270113,1,20270114,1,20270115,1,20270118,1,20270119,1,20270120,1,20270121,1,20270122,1,20270125,1,20270126,1,20270127,1,20270128,1,20270129,1,20270201,1,20270202,1,20270203,1,20270204,1,20270205,1,20270208,1,20270209,1,20270210,1,20270211,1,20270212,1,20270215,1,20270216,1,20270217,1,20270218,1,20270219,1,20270222,1,20270223,1,20270224,1,20270225,1,20270226,1,20270301,1,20270302,1,20270303,1,20270304,1,20270305,1,20270308,1,20270309,1,20270310,1,20270311,1,20270312,1,20270315,1,20270316,1,20270317,1,20270318,1,20270319,1,20270322,1,20270323,1,20270324,1,20270325,1,20270326,1,20270329,1,20270330,1,20270331,1,20270401,1,20270402,1,20270405,1,20270406,1,20270407,1,20270408,1,20270409,1,20270412,1,20270413,1,20270414,1,20270415,1,20270416,1,20270419,1,20270420,1,20270421,1,20270422,1,20270423,1,20270426,1,20270427,1,20270428,1,20270429,1,20270430,1,20270503,1,20270504,1,20270505,1,20270506,1,20270507,1,20270510,1,20270511,1,20270512,1,20270513,1,20270514,1,20270517,1,20270518,1,20270519,1,20270520,1,20270521,1,20270524,1,20270525,1,20270526,1,20270527,1,20270528,1,20270531,1,20270601,1,20270602,1,20270603,1,20270604,1,20270607,1,20270608,1,20270609,1,20270610,1,20270611,1,20270614,1,20270615,1,20270616,1,20270617,1,20270618,1,20270621,1,20270622,1,20270623,1,20270624,1,20270625,1,20270628,1,20270629,1,20270630,1,20270701,1,20270702,1,20270705,1,20270706,1,20270707,1,20270708,1,20270709,1,20270712,1,20270713,1,20270714,1,20270715,1,20270716,1,20270719,1,20270720,1,20270721,1,20270722,1,20270723,1,20270726,1,20270727,1,20270728,1,20270729,1,20270730,1,20270802,1,20270803,1,20270804,1,20270805,1,20270806,1,20270809,1,20270810,1,20270811,1,20270812,1,20270813,1,20270816,1,20270817,1,20270818,1,20270819,1,20270820,1,20270823,1,20270824,1,20270825,1,20270826,1,20270827,1,20270830,1,20270831,1,20270901,1,20270902,1,20270903,1,20270906,1,20270907,1,20270908,1,20270909,1,20270910,1,20270913,1,20270914,1,20270915,1,20270916,1,20270917,1,20270920,1,20270921,1,20270922,1,20270923,1,20270924,1,20270927,1,20270928,1,20270929,1,20270930,1,20271001,1,20271004,1,20271005,1,20271006,1,20271007,1,20271008,1,20271011,1,20271012,1,20271013,1,20271014,1,20271015,1,20271018,1,20271019,1,20271020,1,20271021,1,20271022,1,20271025,1,20271026,1,20271027,1,20271028,1,20271029,1,20271101,1,20271102,1,20271103,1,20271104,1,20271105,1,20271108,1,20271109,1,20271110,1,20271111,1,20271112,1,20271115,1,20271116,1,20271117,1,20271118,1,20271119,1,20271122,1,20271123,1,20271124,1,20271125,1,20271126,1,20271129,1,20271130,1,20271201,1,20271202,1,20271203,1,20271206,1,20271207,1,20271208,1,20271209,1,20271210,1,20271213,1,20271214,1,20271215,1,20271216,1,20271217,1,20271220,1,20271221,1,20271222,1,20271223,1,20271224,1,20271227,1,20271228,1,20271229,1,20271230,1,20271231,1
'1443313',20261010,1,20261017,1,20261024,1,20261031,1,20261107,1,20261114,1,20261121,1,20261128,1,20261205,1,20261212,1,20261219,1,20261226,1,20270102,1,20270109,1,20270116,1,20270123,1,20270130,1,20270206,1,20270213,1,20270220,1,20270227,1,20270306,1,20270313,1,20270320,1,20270327,1,20270403,1,20270410,1,20270417,1,20270424,1,20270501,1,20270508,1,20270515,1,20270522,1,20270529,1,20270605,1,20270612,1,20270619,1,20270626,1,20270703,1,20270710,1,20270717,1,20270724,1,20270731,1,20270807,1,20270814,1,20270821,1,20270828,1,20270904,1,20270911,1,20270918,1,20270925,1,20271002,1,20271009,1,20271016,1,20271023,1,20271030,1,20271106,1,20271113,1,20271120,1,20271127,1,20271204,1,20271211,1,20271218,1,20271225,1,20280101,1
'1443345',20261008,1,20261009,1,20261012,1,20261013,1,20261014,1,20261015,1,20261016,1,20261019,1,20261020,1,20261021,1,20261022,1,20261023,1,20261026,1,20261027,1,20261028,1,20261029,1,20261030,1,20261102,1,20261103,1,20261104,1,20261105,1,20261106,1,20261109,1,20261110,1,20261111,1,20261112,1,20261113,1,20261116,1,20261117,1,20261118,1,20261119,1,20261120,1,20261123,1,20261124,1,20261125,1,20261126,1,20261127,1,20261130,1,20261201,1,20261202,1,20261203,1,20261204,1,20261207,1,20261208,1,20261209,1,20261210,1,20261211,1,20261214,1,20261215,1,20261216,1,20261217,1,20261218,1,20261221,1,20261222,1,20261223,1,20261224,1,20261225,1,20261228,1,20261229,1,20261230,1,20261231,1,20270101,1,20270104,1,20270105,1,20270106,1,20270107,1,20270108,1,20270111,1,20270112,1,20270113,1,20270114,1,20270115,1,20270118,1,20270119,1,20270120,1,20270121,1,20270122,1,20270125,1,20270126,1,20270127,1,20270128,1,20270129,1,20270201,1,20270202,1,20270203,1,20270204,1,20270205,1,20270208,1,20270209,1,20270210,1,20270211,1,20270212,1,20270215,1,20270216,1,20270217,1,20270218,1,20270219,1,20270222,1,20270223,1,20270224,1,20270225,1,20270226,1,20270301,1,20270302,1,20270303,1,20270304,1,20270305,1,20270308,1,20270309,1,20270310,1,20270311,1,20270312,1,20270315,1,20270316,1,20270317,1,20270318,1,20270319,1,20270322,1,20270323,1,20270324,1,20270325,1,20270326,1,20270329,1,20270330,1,20270331,1,20270401,1,20270402,1,20270405,1,20270406,1,20270407,1,20270408,1,20270409,1,20270412,1,20270413,1,20270414,1,20270415,1,20270416,1,20270419,1,20270420,1,20270421,1,20270422,1,20270423,1,20270426,1,20270427,1,20270428,1,20270429,1,20270430,1,20270503,1,20270504,1,20270505,1,20270506,1,20270507,1,20270510,1,20270511,1,20270512,1,20270513,1,20270514,1,20270517,1,20270518,1,20270519,1,20270520,1,20270521,1,20270524,1,20270525,1,20270526,1,20270527,1,20270528,1,20270531,1,20270601,1,20270602,1,20270603,1,20270604,1,20270607,1,20270608,1,20270609,1,20270610,1,20270611,1,20270614,1,20270615,1,20270616,1,20270617,1,20270618,1,20270621,1,20270622,1,20270623,1,20270624,1,20270625,1,20270628,1,20270629,1,20270630,1,20270701,1,20270702,1,20270705,1,20270706,1,20270707,1,20270708,1,20270709,1,20270712,1,20270713,1,20270714,1,20270715,1,20270716,1,20270719,1,20270720,1,20270721,1,20270722,1,20270723,1,20270726,1,20270727,1,20270728,1,20270729,1,20270730,1,20270802,1,20270803,1,20270804,1,20270805,1,20270806,1,20270809,1,20270810,1,20270811,1,20270812,1,20270813,1,20270816,1,20270817,1,20270818,1,20270819,1,20270820,1,20270823,1,20270824,1,20270825,1,20270826,1,20270827,1,20270830,1,20270831,1,20270901,1,20270902,1,20270903,1,20270906,1,20270907,1,20270908,1,20270909,1,20270910,1,20270913,1,20270914,1,20270915,1,20270916,1,20270917,1,20270920,1,20270921,1,20270922,1,20270923,1,20270924,1,20270927,1,20270928,1,20270929,1,20270930,1,20271001,1,20271004,1,20271005,1,20271006,1,20271007,1,20271008,1,20271011,1,20271012,1,20271013,1,20271014,1,20271015,1,20271018,1,20271019,1,20271020,1,20271021,1,20271022,1,20271025,1,20271026,1,20271027,1,20271028,1,20271029,1,20271101,1,20271102,1,20271103,1,20271104,1,20271105,1,20271108,1,20271109,1,20271110,1,20271111,1,20271112,1,20271115,1,20271116,1,20271117,1,20271118,1,20271119,1,20271122,1,20271123,1,20271124,1,20271125,1,20271126,1,20271129,1,20271130,1,20271201,1,20271202,1,20271203,1,20271206,1,20271207,1,20271208,1,20271209,1,20271210,1,20271213,1,20271214,1,20271215,1,20271216,1,20271217,1,20271220,1,20271221,1,20271222,1,20271223,1,20271224,1,20271227,1,20271228,1,20271229,1,20271230,1,20271231,1
'1443385',20261010,1,20261011,1,20261017,1,20261018,1,20261024,1,20261025,1,20261031,1,20261101,1,20261107,1,20261108,1,20261114,1,20261115,1,20261121,1,20261122,1,20261128,1,20261129,1,20261205,1,20261206,1,20261212,1,20261213,1,20261219,1,20261220,1,20261226,1,20261227,1,20270102,1,20270103,1,20270109,1,20270110,1,20270116,1,20270117,1,20270123,1,20270124,1,20270130,1,20270131,1,20270206,1,20270207,1,20270213,1,20270214,1,20270220,1,20270221,1,20270227,1,20270228,1,20270306,1,20270307,1,20270313,1,20270314,1,20270320,1,20270321,1,20270327,1,20270328,1,20270403,1,20270404,1,20270410,1,20270411,1,20270417,1,20270418,1,20270424,1,20270425,1,20270501,1,20270502,1,20270508,1,20270509,1,20270515,1,20270516,1,20270522,1,20270523,1,20270529,1,20270530,1,20270605,1,20270606,1,20270612,1,20270613,1,20270619,1,20270620,1,20270626,1,20270627,1,20270703,1,20270704,1,20270710,1,20270711,1,20270717,1,20270718,1,20270724,1,20270725,1,20270731,1,20270801,1,20270807,1,20270808,1,20270814,1,20270815,1,20270821,1,20270822,1,20270828,1,20270829,1,20270904,1,20270905,1,20270911,1,20270912,1,20270918,1,20270919,1,20270925,1,20270926,1,20271002,1,20271003,1,20271009,1,20271010,1,20271016,1,20271017,1,20271023,1,20271024,1,20271030,1,20271031,1,20271106,1,20271107,1,20271113,1,20271114,1,20271120,1,20271121,1,20271127,1,20271128,1,20271204,1,20271205,1,20271211,1,20271212,1,20271218,1,20271219,1,20271225,1,20271226,1,20280101,1
'1443404',20261008,1,20261009,1,20261012,1,20261013,1,20261014,1,20261015,1,20261016,1,20261019,1,20261020,1,20261021,1,20261022,1,20261023,1,20261026,1,20261027,1,20261028,1,20261029,1,20261030,1,20261102,1,20261103,1,20261104,1,20261105,1,20261106,1,20261109,1,20261110,1,20261111,1,20261112,1,20261113,1,20261116,1,20261117,1,20261118,1,20261119,1,20261120,1,20261123,1,20261124,1,20261125,1,20261126,1,20261127,1,20261130,1,20261201,1,20261202,1,20261203,1,20261204,1,20261207,1,20261208,1,20261209,1,20261210,1,20261211,1,20261214,1,20261215,1,20261216,1,20261217,1,20261218,1,20261221,1,20261222,1,20261223,1,20261224,1,20261225,1,20261228,1,20261229,1,20261230,1,20261231,1,20270101,1,20270104,1,20270105,1,20270106,1,20270107,1,20270108,1,20270111,1,20270112,1,20270113,1,20270114,1,20270115,1,20270118,1,20270119,1,20270120,1,20270121,1,20270122,1,20270125,1,20270126,1,20270127,1,20270128,1,20270129,1,20270201,1,20270202,1,20270203,1,20270204,1,20270205,1,20270208,1,20270209,1,20270210,1,20270211,1,20270212,1,20270215,1,20270216,1,20270217,1,20270218,1,20270219,1,20270222,1,20270223,1,20270224,1,20270225,1,20270226,1,20270301,1,20270302,1,20270303,1,20270304,1,20270305,1,20270308,1,20270309,1,20270310,1,20270311,1,20270312,1,20270315,1,20270316,1,20270317,1,20270318,1,20270319,1,20270322,1,20270323,1,20270324,1,20270325,1,20270326,1,20270329,1,20270330,1,20270331,1,20270401,1,20270402,1,20270405,1,20270406,1,20270407,1,20270408,1,20270409,1,20270412,1,20270413,1,20270414,1,20270415,1,20270416,1,20270419,1,20270420,1,20270421,1,20270422,1,20270423,1,20270426,1,20270427,1,20270428,1,20270429,1,20270430,1,20270503,1,20270504,1,20270505,1,20270506,1,20270507,1,20270510,1,20270511,1,20270512,1,20270513,1,20270514,1,20270517,1,20270518,1,20270519,1,20270520,1,20270521,1,20270524,1,20270525,1,20270526,1,20270527,1,20270528,1,20270531,1,20270601,1,20270602,1,20270603,1,20270604,1,20270607,1,20270608,1,20270609,1,20270610,1,20270611,1,20270614,1,20270615,1,20270616,1,20270617,1,20270618,1,20270621,1,20270622,1,20270623,1,20270624,1,20270625,1,20270628,1,20270629,1,20270630,1,20270701,1,20270702,1,20270705,1,20270706,1,20270707,1,20270708,1,20270709,1,20270712,1,20270713,1,20270714,1,20270715,1,20270716,1,20270719,1,20270720,1,20270721,1,20270722,1,20270723,1,20270726,1,20270727,1,20270728,1,20270729,1,20270730,1,20270802,1,20270803,1,20270804,1,20270805,1,20270806,1,20270809,1,20270810,1,20270811,1,20270812,1,20270813,1,20270816,1,20270817,1,20270818,1,20270819,1,20270820,1,20270823,1,20270824,1,20270825,1,20270826,1,20270827,1,20270830,1,20270831,1,20270901,1,20270902,1,20270903,1,20270906,1,20270907,1,20270908,1,20270909,1,20270910,1,20270913,1,20270914,1,20270915,1,20270916,1,20270917,1,20270920,1,20270921,1,20270922,1,20270923,1,20270924,1,20270927,1,20270928,1,20270929,1,20270930,1,20271001,1,20271004,1,20271005,1,20271006,1,20271007,1,20271008,1,20271011,1,20271012,1,20271013,1,20271014,1,20271015,1,20271018,1,20271019,1,20271020,1,20271021,1,20271022,1,20271025,1,20271026,1,20271027,1,20271028,1,20271029,1,20271101,1,20271102,1,20271103,1,20271104,1,20271105,1,20271108,1,20271109,1,20271110,1,20271111,1,20271112,1,20271115,1,20271116,1,20271117,1,20271118,1,20271119,1,20271122,1,20271123,1,20271124,1,20271125,1,20271126,1,20271129,1,20271130,1,20271201,1,20271202,1,20271203,1,20271206,1,20271207,1,20271208,1,20271209,1,20271210,1,20271213,1,20271214,1,20271215,1,20271216,1,20271217,1,20271220,1,20271221,1,20271222,1,20271223,1,20271224,1,20271227,1,20271228,1,20271229,1,20271230,1,20271231,1
'1443436',20261008,1,20261009,1,20261012,1,20261013,1,20261014,1,20261015,1,20261016,1,20261019,1,20261020,1,20261021,1,20261022,1,20261023,1,20261026,1,20261027,1,20261028,1,20261029,1,20261030,1,20261102,1,20261103,1,20261104,1,20261105,1,20261106,1,20261109,1,20261110,1,20261111,1,20261112,1,20261113,1,20261116,1,20261117,1,20261118,1,20261119,1,20261120,1,20261123,1,20261124,1,20261125,1,20261126,1,20261127,1,20261130,1,20261201,1,20261202,1,20261203,1,20261204,1,20261207,1,20261208,1,20261209,1,20261210,1,20261211,1,20261214,1,20261215,1,20261216,1,20261217,1,20261218,1,20261221,1,20261222,1,20261223,1,20261224,1,20261225,1,20261228,1,20261229,1,20261230,1,20261231,1,20270101,1,20270104,1,20270105,1,20270106,1,20270107,1,20270108,1,20270111,1,20270112,1,20270113,1,20270114,1,20270115,1,20270118,1,20270119,1,20270120,1,20270121,1,20270122,1,20270125,1,20270126,1,20270127,1,20270128,1,20270129,1,20270201,1,20270202,1,20270203,1,20270204,1,20270205,1,20270208,1,20270209,1,20270210,1,20270211,1,20270212,1,20270215,1,20270216,1,20270217,1,20270218,1,20270219,1,20270222,1,20270223,1,20270224,1,20270225,1,20270226,1,20270301,1,20270302,1,20270303,1,20270304,1,20270305,1,20270308,1,20270309,1,20270310,1,20270311,1,20270312,1,20270315,1,20270316,1,20270317,1,20270318,1,20270319,1,20270322,1,20270323,1,20270324,1,20270325,1,20270326,1,20270329,1,20270330,1,20270331,1,20270401,1,20270402,1,20270405,1,20270406,1,20270407,1,20270408,1,20270409,1,20270412,1,20270413,1,20270414,1,20270415,1,20270416,1,20270419,1,20270420,1,20270421,1,20270422,1,20270423,1,20270426,1,20270427,1,20270428,1,20270429,1,20270430,1,20270503,1,20270504,1,20270505,1,20270506,1,20270507,1,20270510,1,20270511,1,20270512,1,20270513,1,20270514,1,20270517,1,20270518,1,20270519,1,20270520,1,20270521,1,20270524,1,20270525,1,20270526,1,20270527,1,20270528,1,20270531,1,20270601,1,20270602,1,20270603,1,20270604,1,20270607,1,20270608,1,20270609,1,20270610,1,20270611,1,20270614,1,20270615,1,20270616,1,20270617,1,20270618,1,20270621,1,20270622,1,20270623,1,20270624,1,20270625,1,20270628,1,20270629,1,20270630,1,20270701,1,20270702,1,20270705,1,20270706,1,20270707,1,20270708,1,20270709,1,20270712,1,20270713,1,20270714,1,20270715,1,20270716,1,20270719,1,20270720,1,20270721,1,20270722,1,20270723,1,20270726,1,20270727,1,20270728,1,20270729,1,20270730,1,20270802,1,20270803,1,20270804,1,20270805,1,20270806,1,20270809,1,20270810,1,20270811,1,20270812,1,20270813,1,20270816,1,20270817,1,20270818,1,20270819,1,20270820,1,20270823,1,20270824,1,20270825,1,20270826,1,20270827,1,20270830,1,20270831,1,20270901,1,20270902,1,20270903,1,20270906,1,20270907,1,20270908,1,20270909,1,20270910,1,20270913,1,20270914,1,20270915,1,20270916,1,20270917,1,20270920,1,20270921,1,20270922,1,20270923,1,20270924,1,20270927,1,20270928,1,20270929,1,20270930,1,20271001,1,20271004,1,20271005,1,20271006,1,20271007,1,20271008,1,20271011,1,20271012,1,20271013,1,20271014,1,20271015,1,20271018,1,20271019,1,20271020,1,20271021,1,20271022,1,20271025,1,20271026,1,20271027,1,20271028,1,20271029,1,20271101,1,20271102,1,20271103,1,20271104,1,20271105,1,20271108,1,20271109,1,20271110,1,20271111,1,20271112,1,20271115,1,20271116,1,20271117,1,20271118,1,20271119,1,20271122,1,20271123,1,20271124,1,20271125,1,20271126,1,20271129,1,20271130,1,20271201,1,20271202,1,20271203,1,20271206,1,20271207,1,20271208,1,20271209,1,20271210,1,20271213,1,20271214,1,20271215,1,20271216,1,20271217,1,20271220,1,20271221,1,20271222,1,20271223,1,20271224,1,20271227,1,20271228,1,20271229,1,20271230,1,20271231,1
'1443475',20261010,1,20261017,1,20261024,1,20261031,1,20261107,1,20261114,1,20261121,1,20261128,1,20261205,1,20261212,1,20261219,1,20261226,1,20270102,1,20270109,1,20270116,1,20270123,1,20270130,1,20270206,1,20270213,1,20270220,1,20270227,1,20270306,1,20270313,1,20270320,1,20270327,1,20270403,1,20270410,1,20270417,1,20270424,1,20270501,1,20270508,1,20270515,1,20270522,1,20270529,1,20270605,1,20270612,1,20270619,1,20270626,1,20270703,1,20270710,1,20270717,1,20270724,1,20270731,1,20270807,1,20270814,1,20270821,1,20270828,1,20270904,1,20270911,1,20270918,1,20270925,1,20271002,1,20271009,1,20271016,1,20271023,1,20271030,1,20271106,1,20271113,1,20271120,1,20271127,1,20271204,1,20271211,1,20271218,1,20271225,1,20280101,1
'1443487',20261008,1,20261009,1,20261012,1,20261013,1,20261014,1,20261015,1,20261016,1,20261019,1,20261020,1,20261021,1,20261022,1,20261023,1,20261026,1,20261027,1,20261028,1,20261029,1,20261030,1,20261102,1,20261103,1,20261104,1,20261105,1,20261106,1,20261109,1,20261110,1,20261111,1,20261112,1,20261113,1,20261116,1,20261117,1,20261118,1,20261119,1,20261120,1,20261123,1,20261124,1,20261125,1,20261126,1,20261127,1,20261130,1,20261201,1,20261202,1,20261203,1,20261204,1,20261207,1,20261208,1,20261209,1,20261210,1,20261211,1,20261214,1,20261215,1,20261216,1,20261217,1,20261218,1,20261221,1,20261222,1,20261223,1,20261224,1,20261225,1,20261228,1,20261229,1,20261230,1,20261231,1,20270101,1,20270104,1,20270105,1,20270106,1,20270107,1,20270108,1,20270111,1,20270112,1,20270113,1,20270114,1,20270115,1,20270118,1,20270119,1,20270120,1,20270121,1,20270122,1,20270125,1,20270126,1,20270127,1,20270128,1,20270129,1,20270201,1,20270202,1,20270203,1,20270204,1,20270205,1,20270208,1,20270209,1,20270210,1,20270211,1,20270212,1,20270215,1,20270216,1,20270217,1,20270218,1,20270219,1,20270222,1,20270223,1,20270224,1,20270225,1,20270226,1,20270301,1,20270302,1,20270303,1,20270304,1,20270305,1,20270308,1,20270309,1,20270310,1,20270311,1,20270312,1,20270315,1,20270316,1,20270317,1,20270318,1,20270319,1,20270322,1,20270323,1,20270324,1,20270325,1,20270326,1,20270329,1,20270330,1,20270331,1,20270401,1,20270402,1,20270405,1,20270406,1,20270407,1,20270408,1,20270409,1,20270412,1,20270413,1,20270414,1,20270415,1,20270416,1,20270419,1,20270420,1,20270421,1,20270422,1,20270423,1,20270426,1,20270427,1,20270428,1,20270429,1,20270430,1,20270503,1,20270504,1,20270505,1,20270506,1,20270507,1,20270510,1,20270511,1,20270512,1,20270513,1,20270514,1,20270517,1,20270518,1,20270519,1,20270520,1,20270521,1,20270524,1,20270525,1,20270526,1,20270527,1,20270528,1,20270531,1,20270601,1,20270602,1,20270603,1,20270604,1,20270607,1,20270608,1,20270609,1,20270610,1,20270611,1,20270614,1,20270615,1,20270616,1,20270617,1,20270618,1,20270621,1,20270622,1,20270623,1,20270624,1,20270625,1,20270628,1,20270629,1,20270630,1,20270701,1,20270702,1,20270705,1,20270706,1,20270707,1,20270708,1,20270709,1,20270712,1,20270713,1,20270714,1,20270715,1,20270716,1,20270719,1,20270720,1,20270721,1,20270722,1,20270723,1,20270726,1,20270727,1,20270728,1,20270729,1,20270730,1,20270802,1,20270803,1,20270804,1,20270805,1,20270806,1,20270809,1,20270810,1,20270811,1,20270812,1,20270813,1,20270816,1,20270817,1,20270818,1,20270819,1,20270820,1,20270823,1,20270824,1,20270825,1,20270826,1,20270827,1,20270830,1,20270831,1,20270901,1,20270902,1,20270903,1,20270906,1,20270907,1,20270908,1,20270909,1,20270910,1,20270913,1,20270914,1,20270915,1,20270916,1,20270917,1,20270920,1,20270921,1,20270922,1,20270923,1,20270924,1,20270927,1,20270928,1,20270929,1,20270930,1,20271001,1,20271004,1,20271005,1,20271006,1,20271007,1,20271008,1,20271011,1,20271012,1,20271013,1,20271014,1,20271015,1,20271018,1,20271019,1,20271020,1,20271021,1,20271022,1,20271025,1,20271026,1,20271027,1,20271028,1,20271029,1,20271101,1,20271102,1,20271103,1,20271104,1,20271105,1,20271108,1,20271109,1,20271110,1,20271111,1,20271112,1,20271115,1,20271116,1,20271117,1,20271118,1,20271119,1,20271122,1,20271123,1,20271124,1,20271125,1,20271126,1,20271129,1,20271130,1,20271201,1,20271202,1,20271203,1,20271206,1,20271207,1,20271208,1,20271209,1,20271210,1,20271213,1,20271214,1,20271215,1,20271216,1,20271217,1,20271220,1,20271221,1,20271222,1,20271223,1,20271224,1,20271227,1,20271228,1,20271229,1,20271230,1,20271231,1
'1443501',20261010,1,20261011,1,20261017,1,20261018,1,20261024,1,20261025,1,20261031,1,20261101,1,20261107,1,20261108,1,20261114,1,20261115,1,20261121,1,20261122,1,20261128,1,20261129,1,20261205,1,20261206,1,20261212,1,20261213,1,20261219,1,20261220,1,20261226,1,20261227,1,20270102,1,20270103,1,20270109,1,20270110,1,20270116,1,20270117,1,20270123,1,20270124,1,20270130,1,20270131,1,20270206,1,20270207,1,20270213,1,20270214,1,20270220,1,20270221,1,20270227,1,20270228,1,20270306,1,20270307,1,20270313,1,20270314,1,20270320,1,20270321,1,20270327,1,20270328,1,20270403,1,20270404,1,20270410,1,20270411,1,20270417,1,20270418,1,20270424,1,20270425,1,20270501,1,20270502,1,20270508,1,20270509,1,20270515,1,20270516,1,20270522,1,20270523,1,20270529,1,20270530,1,20270605,1,20270606,1,20270612,1,20270613,1,20270619,1,20270620,1,20270626,1,20270627,1,20270703,1,20270704,1,20270710,1,20270711,1,20270717,1,20270718,1,20270724,1,20270725,1,20270731,1,20270801,1,20270807,1,20270808,1,20270814,1,20270815,1,20270821,1,20270822,1,20270828,1,20270829,1,20270904,1,20270905,1,20270911,1,20270912,1,20270918,1,20270919,1,20270925,1,20270926,1,20271002,1,20271003,1,20271009,1,20271010,1,20271016,1,20271017,1,20271023,1,20271024,1,20271030,1,20271031,1,20271106,1,20271107,1,20271113,1,20271114,1,20271120,1,20271121,1,20271127,1,20271128,1,20271204,1,20271205,1,20271211,1,20271212,1,20271218,1,20271219,1,20271225,1,20271226,1,20280101,1
'1443532',20261008,1,20261009,1,20261012,1,20261013,1,20261014,1,20261015,1,20261016,1,20261019,1,20261020,1,20261021,1,20261022,1,20261023,1,20261026,1,20261027,1,20261028,1,20261029,1,20261030,1,20261102,1,20261103,1,20261104,1,20261105,1,20261106,1,20261109,1,20261110,1,20261111,1,20261112,1,20261113,1,20261116,1,20261117,1,20261118,1,20261119,1,20261120,1,20261123,1,20261124,1,20261125,1,20261126,1,20261127,1,20261130,1,20261201,1,20261202,1,20261203,1,20261204,1,20261207,1,20261208,1,20261209,1,20261210,1,20261211,1,20261214,1,20261215,1,20261216,1,20261217,1,20261218,1,20261221,1,20261222,1,20261223,1,20261224,1,20261225,1,20261228,1,20261229,1,20261230,1,20261231,1,20270101,1,20270104,1,20270105,1,20270106,1,20270107,1,20270108,1,20270111,1,20270112,1,20270113,1,20270114,1,20270115,1,20270118,1,20270119,1,20270120,1,20270121,1,20270122,1,20270125,1,20270126,1,20270127,1,20270128,1,20270129,1,20270201,1,20270202,1,20270203,1,20270204,1,20270205,1,20270208,1,20270209,1,20270210,1,20270211,1,20270212,1,20270215,1,20270216,1,20270217,1,20270218,1,20270219,1,20270222,1,20270223,1,20270224,1,20270225,1,20270226,1,20270301,1,20270302,1,20270303,1,20270304,1,20270305,1,20270308,1,20270309,1,20270310,1,20270311,1,20270312,1,20270315,1,20270316,1,20270317,1,20270318,1,20270319,1,20270322,1,20270323,1,20270324,1,20270325,1,20270326,1,20270329,1,20270330,1,20270331,1,20270401,1,20270402,1,20270405,1,20270406,1,20270407,1,20270408,1,20270409,1,20270412,1,20270413,1,20270414,1,20270415,1,20270416,1,20270419,1,20270420,1,20270421,1,20270422,1,20270423,1,20270426,1,20270427,1,20270428,1,20270429,1,20270430,1,20270503,1,20270504,1,20270505,1,20270506,1,20270507,1,20270510,1,20270511,1,20270512,1,20270513,1,20270514,1,20270517,1,20270518,1,20270519,1,20270520,1,20270521,1,20270524,1,20270525,1,20270526,1,20270527,1,20270528,1,20270531,1,20270601,1,20270602,1,20270603,1,20270604,1,20270607,1,20270608,1,20270609,1,20270610,1,20270611,1,20270614,1,20270615,1,20270616,1,20270617,1,20270618,1,20270621,1,20270622,1,20270623,1,20270624,1,20270625,1,20270628,1,20270629,1,20270630,1,20270701,1,20270702,1,20270705,1,20270706,1,20270707,1,20270708,1,20270709,1,20270712,1,20270713,1,20270714,1,20270715,1,20270716,1,20270719,1,20270720,1,20270721,1,20270722,1,20270723,1,20270726,1,20270727,1,20270728,1,20270729,1,20270730,1,20270802,1,20270803,1,20270804,1,20270805,1,20270806,1,20270809,1,20270810,1,20270811,1,20270812,1,20270813,1,20270816,1,20270817,1,20270818,1,20270819,1,20270820,1,20270823,1,20270824,1,20270825,1,20270826,1,20270827,1,20270830,1,20270831,1,20270901,1,20270902,1,20270903,1,20270906,1,20270907,1,20270908,1,20270909,1,20270910,1,20270913,1,20270914,1,20270915,1,20270916,1,20270917,1,20270920,1,20270921,1,20270922,1,20270923,1,20270924,1,20270927,1,20270928,1,20270929,1,20270930,1,20271001,1,20271004,1,20271005,1,20271006,1,20271007,1,20271008,1,20271011,1,20271012,1,20271013,1,20271014,1,20271015,1,20271018,1,20271019,1,20271020,1,20271021,1,20271022,1,20271025,1,20271026,1,20271027,1,20271028,1,20271029,1,20271101,1,20271102,1,20271103,1,20271104,1,20271105,1,20271108,1,20271109,1,20271110,1,20271111,1,20271112,1,20271115,1,20271116,1,20271117,1,20271118,1,20271119,1,20271122,1,20271123,1,20271124,1,20271125,1,20271126,1,20271129,1,20271130,1,20271201,1,20271202,1,20271203,1,20271206,1,20271207,1,20271208,1,20271209,1,20271210,1,20271213,1,20271214,1,20271215,1,20271216,1,20271217,1,20271220,1,20271221,1,20271222,1,20271223,1,20271224,1,20271227,1,20271228,1,20271229,1,20271230,1,20271231,1
'1443541',20261008,1,20261009,1,20261012,1,20261013,1,20261014,1,20261015,1,20261016,1,20261019,1,20261020,1,20261021,1,20261022,1,20261023,1,20261026,1,20261027,1,20261028,1,20261029,1,20261030,1,20261102,1,20261103,1,20261104,1,20261105,1,20261106,1,20261109,1,20261110,1,20261111,1,20261112,1,20261113,1,20261116,1,20261117,1,20261118,1,20261119,1,20261120,1,20261123,1,20261124,1,20261125,1,20261126,1,20261127,1,20261130,1,20261201,1,20261202,1,20261203,1,20261204,1,20261207,1,20261208,1,20261209,1,20261210,1,20261211,1,20261214,1,20261215,1,20261216,1,20261217,1,20261218,1,20261221,1,20261222,1,20261223,1,20261224,1,20261225,1,20261228,1,20261229,1,20261230,1,20261231,1,20270101,1,20270104,1,20270105,1,20270106,1,20270107,1,20270108,1,20270111,1,20270112,1,20270113,1,20270114,1,20270115,1,20270118,1,20270119,1,20270120,1,20270121,1,20270122,1,20270125,1,20270126,1,20270127,1,20270128,1,20270129,1,20270201,1,20270202,1,20270203,1,20270204,1,20270205,1,20270208,1,20270209,1,20270210,1,20270211,1,20270212,1,20270215,1,20270216,1,20270217,1,20270218,1,20270219,1,20270222,1,20270223,1,20270224,1,20270225,1,20270226,1,20270301,1,20270302,1,20270303,1,20270304,1,20270305,1,20270308,1,20270309,1,20270310,1,20270311,1,20270312,1,20270315,1,20270316,1,20270317,1,20270318,1,20270319,1,20270322,1,20270323,1,20270324,1,20270325,1,20270326,1,20270329,1,20270330,1,20270331,1,20270401,1,20270402,1,20270405,1,20270406,1,20270407,1,20270408,1,20270409,1,20270412,1,20270413,1,20270414,1,20270415,1,20270416,1,20270419,1,20270420,1,20270421,1,20270422,1,20270423,1,20270426,1,20270427,1,20270428,1,20270429,1,20270430,1,20270503,1,20270504,1,20270505,1,20270506,1,20270507,1,20270510,1,20270511,1,20270512,1,20270513,1,20270514,1,20270517,1,20270518,1,20270519,1,20270520,1,20270521,1,20270524,1,20270525,1,20270526,1,20270527,1,20270528,1,20270531,1,20270601,1,20270602,1,20270603,1,20270604,1,20270607,1,20270608,1,20270609,1,20270610,1,20270611,1,20270614,1,20270615,1,20270616,1,20270617,1,20270618,1,20270621,1,20270622,1,20270623,1,20270624,1,20270625,1,20270628,1,20270629,1,20270630,1,20270701,1,20270702,1,20270705,1,20270706,1,20270707,1,20270708,1,20270709,1,20270712,1,20270713,1,20270714,1,20270715,1,20270716,1,20270719,1,20270720,1,20270721,1,20270722,1,20270723,1,20270726,1,20270727,1,20270728,1,20270729,1,20270730,1,20270802,1,20270803,1,20270804,1,20270805,1,20270806,1,20270809,1,20270810,1,20270811,1,20270812,1,20270813,1,20270816,1,20270817,1,20270818,1,20270819,1,20270820,1,20270823,1,20270824,1,20270825,1,20270826,1,20270827,1,20270830,1,20270831,1,20270901,1,20270902,1,20270903,1,20270906,1,20270907,1,20270908,1,20270909,1,20270910,1,20270913,1,20270914,1,20270915,1,20270916,1,20270917,1,20270920,1,20270921,1,20270922,1,20270923,1,20270924,1,20270927,1,20270928,1,20270929,1,20270930,1,20271001,1,20271004,1,20271005,1,20271006,1,20271007,1,20271008,1,20271011,1,20271012,1,20271013,1,20271014,1,20271015,1,20271018,1,20271019,1,20271020,1,20271021,1,20271022,1,20271025,1,20271026,1,20271027,1,20271028,1,20271029,1,20271101,1,20271102,1,20271103,1,20271104,1,20271105,1,20271108,1,20271109,1,20271110,1,20271111,1,20271112,1,20271115,1,20271116,1,20271117,1,20271118,1,20271119,1,20271122,1,20271123,1,20271124,1,20271125,1,20271126,1,20271129,1,20271130,1,20271201,1,20271202,1,20271203,1,20271206,1,20271207,1,20271208,1,20271209,1,20271210,1,20271213,1,20271214,1,20271215,1,20271216,1,20271217,1,20271220,1,20271221,1,20271222,1,20271223,1,20271224,1,20271227,1,20271228,1,20271229,1,20271230,1,20271231,1
'1443550',20261008,1,20261009,1,20261012,1,20261013,1,20261014,1,20261015,1,20261016,1,20261019,1,20261020,1,20261021,1,20261022,1,20261023,1,20261026,1,20261027,1,20261028,1,20261029,1,20261030,1,20261102,1,20261103,1,20261104,1,20261105,1,20261106,1,20261109,1,20261110,1,20261111,1,20261112,1,20261113,1,20261116,1,20261117,1,20261118,1,20261119,1,20261120,1,20261123,1,20261124,1,20261125,1,20261126,1,20261127,1,20261130,1,20261201,1,20261202,1,20261203,1,20261204,1,20261207,1,20261208,1,20261209,1,20261210,1,20261211,1,20261214,1,20261215,1,20261216,1,20261217,1,20261218,1,20261221,1,20261222,1,20261223,1,20261224,1,20261225,1,20261228,1,20261229,1,20261230,1,20261231,1,20270101,1,20270104,1,20270105,1,20270106,1,20270107,1,20270108,1,20270111,1,20270112,1,20270113,1,20270114,1,20270115,1,20270118,1,20270119,1,20270120,1,20270121,1,20270122,1,20270125,1,20270126,1,20270127,1,20270128,1,20270129,1,20270201,1,20270202,1,20270203,1,20270204,1,20270205,1,20270208,1,20270209,1,20270210,1,20270211,1,20270212,1,20270215,1,20270216,1,20270217,1,20270218,1,20270219,1,20270222,1,20270223,1,20270224,1,20270225,1,20270226,1,20270301,1,20270302,1,20270303,1,20270304,1,20270305,1,20270308,1,20270309,1,20270310,1,20270311,1,20270312,1,20270315,1,20270316,1,20270317,1,20270318,1,20270319,1,20270322,1,20270323,1,20270324,1,20270325,1,20270326,1,20270329,1,20270330,1,20270331,1,20270401,1,20270402,1,20270405,1,20270406,1,20270407,1,20270408,1,20270409,1,20270412,1,20270413,1,20270414,1,20270415,1,20270416,1,20270419,1,20270420,1,20270421,1,20270422,1,20270423,1,20270426,1,20270427,1,20270428,1,20270429,1,20270430,1,20270503,1,20270504,1,20270505,1,20270506,1,20270507,1,20270510,1,20270511,1,20270512,1,20270513,1,20270514,1,20270517,1,20270518,1,20270519,1,20270520,1,20270521,1,20270524,1,20270525,1,20270526,1,20270527,1,20270528,1,20270531,1,20270601,1,20270602,1,20270603,1,20270604,1,20270607,1,20270608,1,20270609,1,20270610,1,20270611,1,20270614,1,20270615,1,20270616,1,20270617,1,20270618,1,20270621,1,20270622,1,20270623,1,20270624,1,20270625,1,20270628,1,20270629,1,20270630,1,20270701,1,20270702,1,20270705,1,20270706,1,20270707,1,20270708,1,20270709,1,20270712,1,20270713,1,20270714,1,20270715,1,20270716,1,20270719,1,20270720,1,20270721,1,20270722,1,20270723,1,20270726,1,20270727,1,20270728,1,20270729,1,20270730,1,20270802,1,20270803,1,20270804,1,20270805,1,20270806,1,20270809,1,20270810,1,20270811,1,20270812,1,20270813,1,20270816,1,20270817,1,20270818,1,20270819,1,20270820,1,20270823,1,20270824,1,20270825,1,20270826,1,20270827,1,20270830,1,20270831,1,20270901,1,20270902,1,20270903,1,20270906,1,20270907,1,20270908,1,20270909,1,20270910,1,20270913,1,20270914,1,20270915,1,20270916,1,20270917,1,20270920,1,20270921,1,20270922,1,20270923,1,20270924,1,20270927,1,20270928,1,20270929,1,20270930,1,20271001,1,20271004,1,20271005,1,20271006,1,20271007,1,20271008,1,20271011,1,20271012,1,20271013,1,20271014,1,20271015,1,20271018,1,20271019,1,20271020,1,20271021,1,20271022,1,20271025,1,20271026,1,20271027,1,20271028,1,20271029,1,20271101,1,20271102,1,20271103,1,20271104,1,20271105,1,20271108,1,20271109,1,20271110,1,20271111,1,20271112,1,20271115,1,20271116,1,20271117,1,20271118,1,20271119,1,20271122,1,20271123,1,20271124,1,20271125,1,20271126,1,20271129,1,20271130,1,20271201,1,20271202,1,20271203,1,20271206,1,20271207,1,20271208,1,20271209,1,20271210,1,20271213,1,20271214,1,20271215,1,20271216,1,20271217,1,20271220,1,20271221,1,20271222,1,20271223,1,20271224,1,20271227,1,20271228,1,20271229,1,20271230,1,20271231,1
'1443573',20261008,1,20261009,1,20261012,1,20261013,1,20261014,1,20261015,1,20261016,1,20261019,1,20261020,1,20261021,1,20261022,1,20261023,1,20261026,1,20261027,1,20261028,1,20261029,1,20261030,1,20261102,1,20261103,1,20261104,1,20261105,1,20261106,1,20261109,1,20261110,1,20261111,1,20261112,1,20261113,1,20261116,1,20261117,1,20261118,1,20261119,1,20261120,1,20261123,1,20261124,1,20261125,1,20261126,1,20261127,1,20261130,1,20261201,1,20261202,1,20261203,1,20261204,1,20261207,1,20261208,1,20261209,1,20261210,1,20261211,1,20261214,1,20261215,1,20261216,1,20261217,1,20261218,1,20261221,1,20261222,1,20261223,1,20261224,1,20261225,1,20261228,1,20261229,1,20261230,1,20261231,1,20270101,1,20270104,1,20270105,1,20270106,1,20270107,1,20270108,1,20270111,1,20270112,1,20270113,1,20270114,1,20270115,1,20270118,1,20270119,1,20270120,1,20270121,1,20270122,1,20270125,1,20270126,1,20270127,1,20270128,1,20270129,1,20270201,1,20270202,1,20270203,1,20270204,1,20270205,1,20270208,1,20270209,1,20270210,1,20270211,1,20270212,1,20270215,1,20270216,1,20270217,1,20270218,1,20270219,1,20270222,1,20270223,1,20270224,1,20270225,1,20270226,1,20270301,1,20270302,1,20270303,1,20270304,1,20270305,1,20270308,1,20270309,1,20270310,1,20270311,1,20270312,1,20270315,1,20270316,1,20270317,1,20270318,1,20270319,1,20270322,1,20270323,1,20270324,1,20270325,1,20270326,1,20270329,1,20270330,1,20270331,1,20270401,1,20270402,1,20270405,1,20270406,1,20270407,1,20270408,1,20270409,1,20270412,1,20270413,1,20270414,1,20270415,1,20270416,1,20270419,1,20270420,1,20270421,1,20270422,1,20270423,1,20270426,1,20270427,1,20270428,1,20270429,1,20270430,1,20270503,1,20270504,1,20270505,1,20270506,1,20270507,1,20270510,1,20270511,1,20270512,1,20270513,1,20270514,1,20270517,1,20270518,1,20270519,1,20270520,1,20270521,1,20270524,1,20270525,1,20270526,1,20270527,1,20270528,1,20270531,1,20270601,1,20270602,1,20270603,1,20270604,1,20270607,1,20270608,1,20270609,1,20270610,1,20270611,1,20270614,1,20270615,1,20270616,1,20270617,1,20270618,1,20270621,1,20270622,1,20270623,1,20270624,1,20270625,1,20270628,1,20270629,1,20270630,1,20270701,1,20270702,1,20270705,1,20270706,1,20270707,1,20270708,1,20270709,1,20270712,1,20270713,1,20270714,1,20270715,1,20270716,1,20270719,1,20270720,1,20270721,1,20270722,1,20270723,1,20270726,1,20270727,1,20270728,1,20270729,1,20270730,1,20270802,1,20270803,1,20270804,1,20270805,1,20270806,1,20270809,1,20270810,1,20270811,1,20270812,1,20270813,1,20270816,1,20270817,1,20270818,1,20270819,1,20270820,1,20270823,1,20270824,1,20270825,1,20270826,1,20270827,1,20270830,1,20270831,1,20270901,1,20270902,1,20270903,1,20270906,1,20270907,1,20270908,1,20270909,1,20270910,1,20270913,1,20270914,1,20270915,1,20270916,1,20270917,1,20270920,1,20270921,1,20270922,1,20270923,1,20270924,1,20270927,1,20270928,1,20270929,1,20270930,1,20271001,1,20271004,1,20271005,1,20271006,1,20271007,1,20271008,1,20271011,1,20271012,1,20271013,1,20271014,1,20271015,1,20271018,1,20271019,1,20271020,1,20271021,1,20271022,1,20271025,1,20271026,1,20271027,1,20271028,1,20271029,1,20271101,1,20271102,1,20271103,1,20271104,1,20271105,1,20271108,1,20271109,1,20271110,1,20271111,1,20271112,1,20271115,1,20271116,1,20271117,1,20271118,1,20271119,1,20271122,1,20271123,1,20271124,1,20271125,1,20271126,1,20271129,1,20271130,1,20271201,1,20271202,1,20271203,1,20271206,1,20271207,1,20271208,1,20271209,1,20271210,1,20271213,1,20271214,1,20271215,1,20271216,1,20271217,1,20271220,1,20271221,1,20271222,1,20271223,1,20271224,1,20271227,1,20271228,1,20271229,1,20271230,1,20271231,1
'1443646',20261008,1,20261009,1,20261012,1,20261013,1,20261014,1,20261015,1,20261016,1,20261019,1,20261020,1,20261021,1,20261022,1,20261023,1,20261026,1,20261027,1,20261028,1,20261029,1,20261030,1,20261102,1,20261103,1,20261104,1,20261105,1,20261106,1,20261109,1,20261110,1,20261111,1,20261112,1,20261113,1,20261116,1,20261117,1,20261118,1,20261119,1,20261120,1,20261123,1,20261124,1,20261125,1,20261126,1,20261127,1,20261130,1,20261201,1,20261202,1,20261203,1,20261204,1,20261207,1,20261208,1,20261209,1,20261210,1,20261211,1,20261214,1,20261215,1,20261216,1,20261217,1,20261218,1,20261221,1,20261222,1,20261223,1,20261224,1,20261225,1,20261228,1,20261229,1,20261230,1,20261231,1,20270101,1,20270104,1,20270105,1,20270106,1,20270107,1,20270108,1,20270111,1,20270112,1,20270113,1,20270114,1,20270115,1,20270118,1,20270119,1,20270120,1,20270121,1,20270122,1,20270125,1,20270126,1,20270127,1,20270128,1,20270129,1,20270201,1,20270202,1,20270203,1,20270204,1,20270205,1,20270208,1,20270209,1,20270210,1,20270211,1,20270212,1,20270215,1,20270216,1,20270217,1,20270218,1,20270219,1,20270222,1,20270223,1,20270224,1,20270225,1,20270226,1,20270301,1,20270302,1,20270303,1,20270304,1,20270305,1,20270308,1,20270309,1,20270310,1,20270311,1,20270312,1,20270315,1,20270316,1,20270317,1,20270318,1,20270319,1,20270322,1,20270323,1,20270324,1,20270325,1,20270326,1,20270329,1,20270330,1,20270331,1,20270401,1,20270402,1,20270405,1,20270406,1,20270407,1,20270408,1,20270409,1,20270412,1,20270413,1,20270414,1,20270415,1,20270416,1,20270419,1,20270420,1,20270421,1,20270422,1,20270423,1,20270426,1,20270427,1,20270428,1,20270429,1,20270430,1,20270503,1,20270504,1,20270505,1,20270506,1,20270507,1,20270510,1,20270511,1,20270512,1,20270513,1,20270514,1,20270517,1,20270518,1,20270519,1,20270520,1,20270521,1,20270524,1,20270525,1,20270526,1,20270527,1,20270528,1,20270531,1,20270601,1,20270602,1,20270603,1,20270604,1,20270607,1,20270608,1,20270609,1,20270610,1,20270611,1,20270614,1,20270615,1,20270616,1,20270617,1,20270618,1,20270621,1,20270622,1,20270623,1,20270624,1,20270625,1,20270628,1,20270629,1,20270630,1,20270701,1,20270702,1,20270705,1,20270706,1,20270707,1,20270708,1,20270709,1,20270712,1,20270713,1,20270714,1,20270715,1,20270716,1,20270719,1,20270720,1,20270721,1,20270722,1,20270723,1,20270726,1,20270727,1,20270728,1,20270729,1,20270730,1,20270802,1,20270803,1,20270804,1,20270805,1,20270806,1,20270809,1,20270810,1,20270811,1,20270812,1,20270813,1,20270816,1,20270817,1,20270818,1,20270819,1,20270820,1,20270823,1,20270824,1,20270825,1,20270826,1,20270827,1,20270830,1,20270831,1,20270901,1,20270902,1,20270903,1,20270906,1,20270907,1,20270908,1,20270909,1,20270910,1,20270913,1,20270914,1,20270915,1,20270916,1,20270917,1,20270920,1,20270921,1,20270922,1,20270923,1,20270924,1,20270927,1,20270928,1,20270929,1,20270930,1,20271001,1,20271004,1,20271005,1,20271006,1,20271007,1,20271008,1,20271011,1,20271012,1,20271013,1,20271014,1,20271015,1,20271018,1,20271019,1,20271020,1,20271021,1,20271022,1,20271025,1,20271026,1,20271027,1,20271028,1,20271029,1,20271101,1,20271102,1,20271103,1,20271104,1,20271105,1,20271108,1,20271109,1,20271110,1,20271111,1,20271112,1,20271115,1,20271116,1,20271117,1,20271118,1,20271119,1,20271122,1,20271123,1,20271124,1,20271125,1,20271126,1,20271129,1,20271130,1,20271201,1,20271202,1,20271203,1,20271206,1,20271207,1,20271208,1,20271209,1,20271210,1,20271213,1,20271214,1,20271215,1,20271216,1,20271217,1,20271220,1,20271221,1,20271222,1,20271223,1,20271224,1,20271227,1,20271228,1,20271229,1,20271230,1,20271231,1
'1443663',20261008,1,20261009,1,20261012,1,20261013,1,20261014,1,20261015,1,20261016,1,20261019,1,20261020,1,20261021,1,20261022,1,20261023,1,20261026,1,20261027,1,20261028,1,20261029,1,20261030,1,20261102,1,20261103,1,20261104,1,20261105,1,20261106,1,20261109,1,20261110,1,20261111,1,20261112,1,20261113,1,20261116,1,20261117,1,20261118,1,20261119,1,20261120,1,20261123,1,20261124,1,20261125,1,20261126,1,20261127,1,20261130,1,20261201,1,20261202,1,20261203,1,20261204,1,20261207,1,20261208,1,20261209,1,20261210,1,20261211,1,20261214,1,20261215,1,20261216,1,20261217,1,20261218,1,20261221,1,20261222,1,20261223,1,20261224,1,20261225,1,20261228,1,20261229,1,20261230,1,20261231,1,20270101,1,20270104,1,20270105,1,20270106,1,20270107,1,20270108,1,20270111,1,20270112,1,20270113,1,20270114,1,20270115,1,20270118,1,20270119,1,20270120,1,20270121,1,20270122,1,20270125,1,20270126,1,20270127,1,20270128,1,20270129,1,20270201,1,20270202,1,20270203,1,20270204,1,20270205,1,20270208,1,20270209,1,20270210,1,20270211,1,20270212,1,20270215,1,20270216,1,20270217,1,20270218,1,20270219,1,20270222,1,20270223,1,20270224,1,20270225,1,20270226,1,20270301,1,20270302,1,20270303,1,20270304,1,20270305,1,20270308,1,20270309,1,20270310,1,20270311,1,20270312,1,20270315,1,20270316,1,20270317,1,20270318,1,20270319,1,20270322,1,20270323,1,20270324,1,20270325,1,20270326,1,20270329,1,20270330,1,20270331,1,20270401,1,20270402,1,20270405,1,20270406,1,20270407,1,20270408,1,20270409,1,20270412,1,20270413,1,20270414,1,20270415,1,20270416,1,20270419,1,20270420,1,20270421,1,20270422,1,20270423,1,20270426,1,20270427,1,20270428,1,20270429,1,20270430,1,20270503,1,20270504,1,20270505,1,20270506,1,20270507,1,20270510,1,20270511,1,20270512,1,20270513,1,20270514,1,20270517,1,20270518,1,20270519,1,20270520,1,20270521,1,20270524,1,20270525,1,20270526,1,20270527,1,20270528,1,20270531,1,20270601,1,20270602,1,20270603,1,20270604,1,20270607,1,20270608,1,20270609,1,20270610,1,20270611,1,20270614,1,20270615,1,20270616,1,20270617,1,20270618,1,20270621,1,20270622,1,20270623,1,20270624,1,20270625,1,20270628,1,20270629,1,20270630,1,20270701,1,20270702,1,20270705,1,20270706,1,20270707,1,20270708,1,20270709,1,20270712,1,20270713,1,20270714,1,20270715,1,20270716,1,20270719,1,20270720,1,20270721,1,20270722,1,20270723,1,20270726,1,20270727,1,20270728,1,20270729,1,20270730,1,20270802,1,20270803,1,20270804,1,20270805,1,20270806,1,20270809,1,20270810,1,20270811,1,20270812,1,20270813,1,20270816,1,20270817,1,20270818,1,20270819,1,20270820,1,20270823,1,20270824,1,20270825,1,20270826,1,20270827,1,20270830,1,20270831,1,20270901,1,20270902,1,20270903,1,20270906,1,20270907,1,20270908,1,20270909,1,20270910,1,20270913,1,20270914,1,20270915,1,20270916,1,20270917,1,20270920,1,20270921,1,20270922,1,20270923,1,20270924,1,20270927,1,20270928,1,20270929,1,20270930,1,20271001,1,20271004,1,20271005,1,20271006,1,20271007,1,20271008,1,20271011,1,20271012,1,20271013,1,20271014,1,20271015,1,20271018,1,20271019,1,20271020,1,20271021,1,20271022,1,20271025,1,20271026,1,20271027,1,20271028,1,20271029,1,20271101,1,20271102,1,20271103,1,20271104,1,20271105,1,20271108,1,20271109,1,20271110,1,20271111,1,20271112,1,20271115,1,20271116,1,20271117,1,20271118,1,20271119,1,20271122,1,20271123,1,20271124,1,20271125,1,20271126,1,20271129,1,20271130,1,20271201,1,20271202,1,20271203,1,20271206,1,20271207,1,20271208,1,20271209,1,20271210,1,20271213,1,20271214,1,20271215,1,20271216,1,20271217,1,20271220,1,20271221,1,20271222,1,20271223,1,20271224,1,20271227,1,20271228,1,20271229,1,20271230,1,20271231,1
'1443682',20261010,1,20261011,1,20261017,1,20261018,1,20261024,1,20261025,1,20261031,1,20261101,1,20261107,1,20261108,1,20261114,1,20261115,1,20261121,1,20261122,1,20261128,1,20261129,1,20261205,1,20261206,1,20261212,1,20261213,1,20261219,1,20261220,1,20261226,1,20261227,1,20270102,1,20270103,1,20270109,1,20270110,1,20270116,1,20270117,1,20270123,1,20270124,1,20270130,1,20270131,1,20270206,1,20270207,1,20270213,1,20270214,1,20270220,1,20270221,1,20270227,1,20270228,1,20270306,1,20270307,1,20270313,1,20270314,1,20270320,1,20270321,1,20270327,1,20270328,1,20270403,1,20270404,1,20270410,1,20270411,1,20270417,1,20270418,1,20270424,1,20270425,1,20270501,1,20270502,1,20270508,1,20270509,1,20270515,1,20270516,1,20270522,1,20270523,1,20270529,1,20270530,1,20270605,1,20270606,1,20270612,1,20270613,1,20270619,1,20270620,1,20270626,1,20270627,1,20270703,1,20270704,1,20270710,1,20270711,1,20270717,1,20270718,1,20270724,1,20270725,1,20270731,1,20270801,1,20270807,1,20270808,1,20270814,1,20270815,1,20270821,1,20270822,1,20270828,1,20270829,1,20270904,1,20270905,1,20270911,1,20270912,1,20270918,1,20270919,1,20270925,1,20270926,1,20271002,1,20271003,1,20271009,1,20271010,1,20271016,1,20271017,1,20271023,1,20271024,1,20271030,1,20271031,1,20271106,1,20271107,1,20271113,1,20271114,1,20271120,1,20271121,1,20271127,1,20271128,1,20271204,1,20271205,1,20271211,1,20271212,1,20271218,1,20271219,1,20271225,1,20271226,1,20280101,1
'1443691',20261008,1,20261009,1,20261012,1,20261013,1,20261014,1,20261015,1,20261016,1,20261019,1,20261020,1,20261021,1,20261022,1,20261023,1,20261026,1,20261027,1,20261028,1,20261029,1,20261030,1,20261102,1,20261103,1,20261104,1,20261105,1,20261106,1,20261109,1,20261110,1,20261111,1,20261112,1,20261113,1,20261116,1,20261117,1,20261118,1,20261119,1,20261120,1,20261123,1,20261124,1,20261125,1,20261126,1,20261127,1,20261130,1,20261201,1,20261202,1,20261203,1,20261204,1,20261207,1,20261208,1,20261209,1,20261210,1,20261211,1,20261214,1,20261215,1,20261216,1,20261217,1,20261218,1,20261221,1,20261222,1,20261223,1,20261224,1,20261225,1,20261228,1,20261229,1,20261230,1,20261231,1,20270101,1,20270104,1,20270105,1,20270106,1,20270107,1,20270108,1,20270111,1,20270112,1,20270113,1,20270114,1,20270115,1,20270118,1,20270119,1,20270120,1,20270121,1,20270122,1,20270125,1,20270126,1,20270127,1,20270128,1,20270129,1,20270201,1,20270202,1,20270203,1,20270204,1,20270205,1,20270208,1,20270209,1,20270210,1,20270211,1,20270212,1,20270215,1,20270216,1,20270217,1,20270218,1,20270219,1,20270222,1,20270223,1,20270224,1,20270225,1,20270226,1,20270301,1,20270302,1,20270303,1,20270304,1,20270305,1,20270308,1,20270309,1,20270310,1,20270311,1,20270312,1,20270315,1,20270316,1,20270317,1,20270318,1,20270319,1,20270322,1,20270323,1,20270324,1,20270325,1,20270326,1,20270329,1,20270330,1,20270331,1,20270401,1,20270402,1,20270405,1,20270406,1,20270407,1,20270408,1,20270409,1,20270412,1,20270413,1,20270414,1,20270415,1,20270416,1,20270419,1,20270420,1,20270421,1,20270422,1,20270423,1,20270426,1,20270427,1,20270428,1,20270429,1,20270430,1,20270503,1,20270504,1,20270505,1,20270506,1,20270507,1,20270510,1,20270511,1,20270512,1,20270513,1,20270514,1,20270517,1,20270518,1,20270519,1,20270520,1,20270521,1,20270524,1,20270525,1,20270526,1,20270527,1,20270528,1,20270531,1,20270601,1,20270602,1,20270603,1,20270604,1,20270607,1,20270608,1,20270609,1,20270610,1,20270611,1,20270614,1,20270615,1,20270616,1,20270617,1,20270618,1,20270621,1,20270622,1,20270623,1,20270624,1,20270625,1,20270628,1,20270629,1,20270630,1,20270701,1,20270702,1,20270705,1,20270706,1,20270707,1,20270708,1,20270709,1,20270712,1,20270713,1,20270714,1,20270715,1,20270716,1,20270719,1,20270720,1,20270721,1,20270722,1,20270723,1,20270726,1,20270727,1,20270728,1,20270729,1,20270730,1,20270802,1,20270803,1,20270804,1,20270805,1,20270806,1,20270809,1,20270810,1,20270811,1,20270812,1,20270813,1,20270816,1,20270817,1,20270818,1,20270819,1,20270820,1,20270823,1,20270824,1,20270825,1,20270826,1,20270827,1,20270830,1,20270831,1,20270901,1,20270902,1,20270903,1,20270906,1,20270907,1,20270908,1,20270909,1,20270910,1,20270913,1,20270914,1,20270915,1,20270916,1,20270917,1,20270920,1,20270921,1,20270922,1,20270923,1,20270924,1,20270927,1,20270928,1,20270929,1,20270930,1,20271001,1,20271004,1,20271005,1,20271006,1,20271007,1,20271008,1,20271011,1,20271012,1,20271013,1,20271014,1,20271015,1,20271018,1,20271019,1,20271020,1,20271021,1,20271022,1,20271025,1,20271026,1,20271027,1,20271028,1,20271029,1,20271101,1,20271102,1,20271103,1,20271104,1,20271105,1,20271108,1,20271109,1,20271110,1,20271111,1,20271112,1,20271115,1,20271116,1,20271117,1,20271118,1,20271119,1,20271122,1,20271123,1,20271124,1,20271125,1,20271126,1,20271129,1,20271130,1,20271201,1,20271202,1,20271203,1,20271206,1,20271207,1,20271208,1,20271209,1,20271210,1,20271213,1,20271214,1,20271215,1,20271216,1,20271217,1,20271220,1,20271221,1,20271222,1,20271223,1,20271224,1,20271227,1,20271228,1,20271229,1,20271230,1,20271231,1
'1443697',20261008,1,20261009,1,20261012,1,20261013,1,20261014,1,20261015,1,20261016,1,20261019,1,20261020,1,20261021,1,20261022,1,20261023,1,20261026,1,20261027,1,20261028,1,20261029,1,20261030,1,20261102,1,20261103,1,20261104,1,20261105,1,20261106,1,20261109,1,20261110,1,20261111,1,20261112,1,20261113,1,20261116,1,20261117,1,20261118,1,20261119,1,20261120,1,20261123,1,20261124,1,20261125,1,20261126,1,20261127,1,20261130,1,20261201,1,20261202,1,20261203,1,20261204,1,20261207,1,20261208,1,20261209,1,20261210,1,20261211,1,20261214,1,20261215,1,20261216,1,20261217,1,20261218,1,20261221,1,20261222,1,20261223,1,20261224,1,20261225,1,20261228,1,20261229,1,20261230,1,20261231,1,20270101,1,20270104,1,20270105,1,20270106,1,20270107,1,20270108,1,20270111,1,20270112,1,20270113,1,20270114,1,20270115,1,20270118,1,20270119,1,20270120,1,20270121,1,20270122,1,20270125,1,20270126,1,20270127,1,20270128,1,20270129,1,20270201,1,20270202,1,20270203,1,20270204,1,20270205,1,20270208,1,20270209,1,20270210,1,20270211,1,20270212,1,20270215,1,20270216,1,20270217,1,20270218,1,20270219,1,20270222,1,20270223,1,20270224,1,20270225,1,20270226,1,20270301,1,20270302,1,20270303,1,20270304,1,20270305,1,20270308,1,20270309,1,20270310,1,20270311,1,20270312,1,20270315,1,20270316,1,20270317,1,20270318,1,20270319,1,20270322,1,20270323,1,20270324,1,20270325,1,20270326,1,20270329,1,20270330,1,20270331,1,20270401,1,20270402,1,20270405,1,20270406,1,20270407,1,20270408,1,20270409,1,20270412,1,20270413,1,20270414,1,20270415,1,20270416,1,20270419,1,20270420,1,20270421,1,20270422,1,20270423,1,20270426,1,20270427,1,20270428,1,20270429,1,20270430,1,20270503,1,20270504,1,20270505,1,20270506,1,20270507,1,20270510,1,20270511,1,20270512,1,20270513,1,20270514,1,20270517,1,20270518,1,20270519,1,20270520,1,20270521,1,20270524,1,20270525,1,20270526,1,20270527,1,20270528,1,20270531,1,20270601,1,20270602,1,20270603,1,20270604,1,20270607,1,20270608,1,20270609,1,20270610,1,20270611,1,20270614,1,20270615,1,20270616,1,20270617,1,20270618,1,20270621,1,20270622,1,20270623,1,20270624,1,20270625,1,20270628,1,20270629,1,20270630,1,20270701,1,20270702,1,20270705,1,20270706,1,20270707,1,20270708,1,20270709,1,20270712,1,20270713,1,20270714,1,20270715,1,20270716,1,20270719,1,20270720,1,20270721,1,20270722,1,20270723,1,20270726,1,20270727,1,20270728,1,20270729,1,20270730,1,20270802,1,20270803,1,20270804,1,20270805,1,20270806,1,20270809,1,20270810,1,20270811,1,20270812,1,20270813,1,20270816,1,20270817,1,20270818,1,20270819,1,20270820,1,20270823,1,20270824,1,20270825,1,20270826,1,20270827,1,20270830,1,20270831,1,20270901,1,20270902,1,20270903,1,20270906,1,20270907,1,20270908,1,20270909,1,20270910,1,20270913,1,20270914,1,20270915,1,20270916,1,20270917,1,20270920,1,20270921,1,20270922,1,20270923,1,20270924,1,20270927,1,20270928,1,20270929,1,20270930,1,20271001,1,20271004,1,20271005,1,20271006,1,20271007,1,20271008,1,20271011,1,20271012,1,20271013,1,20271014,1,20271015,1,20271018,1,20271019,1,20271020,1,20271021,1,20271022,1,20271025,1,20271026,1,20271027,1,20271028,1,20271029,1,20271101,1,20271102,1,20271103,1,20271104,1,20271105,1,20271108,1,20271109,1,20271110,1,20271111,1,20271112,1,20271115,1,20271116,1,20271117,1,20271118,1,20271119,1,20271122,1,20271123,1,20271124,1,20271125,1,20271126,1,20271129,1,20271130,1,20271201,1,20271202,1,20271203,1,20271206,1,20271207,1,20271208,1,20271209,1,20271210,1,20271213,1,20271214,1,20271215,1,20271216,1,20271217,1,20271220,1,20271221,1,20271222,1,20271223,1,20271224,1,20271227,1,20271228,1,20271229,1,20271230,1,20271231,1
'1443868',20261008,1,20261009,1,20261012,1,20261013,1,20261014,1,20261015,1,20261016,1,20261019,1,20261020,1,20261021,1,20261022,1,20261023,1,20261026,1,20261027,1,20261028,1,20261029,1,20261030,1,20261102,1,20261103,1,20261104,1,20261105,1,20261106,1,20261109,1,20261110,1,20261111,1,20261112,1,20261113,1,20261116,1,20261117,1,20261118,1,20261119,1,20261120,1,20261123,1,20261124,1,20261125,1,20261126,1,20261127,1,20261130,1,20261201,1,20261202,1,20261203,1,20261204,1,20261207,1,20261208,1,20261209,1,20261210,1,20261211,1,20261214,1,20261215,1,20261216,1,20261217,1,20261218,1,20261221,1,20261222,1,20261223,1,20261224,1,20261225,1,20261228,1,20261229,1,20261230,1,20261231,1,20270101,1,20270104,1,20270105,1,20270106,1,20270107,1,20270108,1,20270111,1,20270112,1,20270113,1,20270114,1,20270115,1,20270118,1,20270119,1,20270120,1,20270121,1,20270122,1,20270125,1,20270126,1,20270127,1,20270128,1,20270129,1,20270201,1,20270202,1,20270203,1,20270204,1,20270205,1,20270208,1,20270209,1,20270210,1,20270211,1,20270212,1,20270215,1,20270216,1,20270217,1,20270218,1,20270219,1,20270222,1,20270223,1,20270224,1,20270225,1,20270226,1,20270301,1,20270302,1,20270303,1,20270304,1,20270305,1,20270308,1,20270309,1,20270310,1,20270311,1,20270312,1,20270315,1,20270316,1,20270317,1,20270318,1,20270319,1,20270322,1,20270323,1,20270324,1,20270325,1,20270326,1,20270329,1,20270330,1,20270331,1,20270401,1,20270402,1,20270405,1,20270406,1,20270407,1,20270408,1,20270409,1,20270412,1,20270413,1,20270414,1,20270415,1,20270416,1,20270419,1,20270420,1,20270421,1,20270422,1,20270423,1,20270426,1,20270427,1,20270428,1,20270429,1,20270430,1,20270503,1,20270504,1,20270505,1,20270506,1,20270507,1,20270510,1,20270511,1,20270512,1,20270513,1,20270514,1,20270517,1,20270518,1,20270519,1,20270520,1,20270521,1,20270524,1,20270525,1,20270526,1,20270527,1,20270528,1,20270531,1,20270601,1,20270602,1,20270603,1,20270604,1,20270607,1,20270608,1,20270609,1,20270610,1,20270611,1,20270614,1,20270615,1,20270616,1,20270617,1,20270618,1,20270621,1,20270622,1,20270623,1,20270624,1,20270625,1,20270628,1,20270629,1,20270630,1,20270701,1,20270702,1,20270705,1,20270706,1,20270707,1,20270708,1,20270709,1,20270712,1,20270713,1,20270714,1,20270715,1,20270716,1,20270719,1,20270720,1,20270721,1,20270722,1,20270723,1,20270726,1,20270727,1,20270728,1,20270729,1,20270730,1,20270802,1,20270803,1,20270804,1,20270805,1,20270806,1,20270809,1,20270810,1,20270811,1,20270812,1,20270813,1,20270816,1,20270817,1,20270818,1,20270819,1,20270820,1,20270823,1,20270824,1,20270825,1,20270826,1,20270827,1,20270830,1,20270831,1,20270901,1,20270902,1,20270903,1,20270906,1,20270907,1,20270908,1,20270909,1,20270910,1,20270913,1,20270914,1,20270915,1,20270916,1,20270917,1,20270920,1,20270921,1,20270922,1,20270923,1,20270924,1,20270927,1,20270928,1,20270929,1,20270930,1,20271001,1,20271004,1,20271005,1,20271006,1,20271007,1,20271008,1,20271011,1,20271012,1,20271013,1,20271014,1,20271015,1,20271018,1,20271019,1,20271020,1,20271021,1,20271022,1,20271025,1,20271026,1,20271027,1,20271028,1,20271029,1,20271101,1,20271102,1,20271103,1,20271104,1,20271105,1,20271108,1,20271109,1,20271110,1,20271111,1,20271112,1,20271115,1,20271116,1,20271117,1,20271118,1,20271119,1,20271122,1,20271123,1,20271124,1,20271125,1,20271126,1,20271129,1,20271130,1,20271201,1,20271202,1,20271203,1,20271206,1,20271207,1,20271208,1,20271209,1,20271210,1,20271213,1,20271214,1,20271215,1,20271216,1,20271217,1,20271220,1,20271221,1,20271222,1,20271223,1,20271224,1,20271227,1,20271228,1,20271229,1,20271230,1,20271231,1
'1443873',20261008,1,20261009,1,20261012,1,20261013,1,20261014,1,20261015,1,20261016,1,20261019,1,20261020,1,20261021,1,20261022,1,20261023,1,20261026,1,20261027,1,20261028,1,20261029,1,20261030,1,20261102,1,20261103,1,20261104,1,20261105,1,20261106,1,20261109,1,20261110,1,20261111,1,20261112,1,20261113,1,20261116,1,20261117,1,20261118,1,20261119,1,20261120,1,20261123,1,20261124,1,20261125,1,20261126,1,20261127,1,20261130,1,20261201,1,20261202,1,20261203,1,20261204,1,20261207,1,20261208,1,20261209,1,20261210,1,20261211,1,20261214,1,20261215,1,20261216,1,20261217,1,20261218,1,20261221,1,20261222,1,20261223,1,20261224,1,20261225,1,20261228,1,20261229,1,20261230,1,20261231,1,20270101,1,20270104,1,20270105,1,20270106,1,20270107,1,20270108,1,20270111,1,20270112,1,20270113,1,20270114,1,20270115,1,20270118,1,20270119,1,20270120,1,20270121,1,20270122,1,20270125,1,20270126,1,20270127,1,20270128,1,20270129,1,20270201,1,20270202,1,20270203,1,20270204,1,20270205,1,20270208,1,20270209,1,20270210,1,20270211,1,20270212,1,20270215,1,20270216,1,20270217,1,20270218,1,20270219,1,20270222,1,20270223,1,20270224,1,20270225,1,20270226,1,20270301,1,20270302,1,20270303,1,20270304,1,20270305,1,20270308,1,20270309,1,20270310,1,20270311,1,20270312,1,20270315,1,20270316,1,20270317,1,20270318,1,20270319,1,20270322,1,20270323,1,20270324,1,20270325,1,20270326,1,20270329,1,20270330,1,20270331,1,20270401,1,20270402,1,20270405,1,20270406,1,20270407,1,20270408,1,20270409,1,20270412,1,20270413,1,20270414,1,20270415,1,20270416,1,20270419,1,20270420,1,20270421,1,20270422,1,20270423,1,20270426,1,20270427,1,20270428,1,20270429,1,20270430,1,20270503,1,20270504,1,20270505,1,20270506,1,20270507,1,20270510,1,20270511,1,20270512,1,20270513,1,20270514,1,20270517,1,20270518,1,20270519,1,20270520,1,20270521,1,20270524,1,20270525,1,20270526,1,20270527,1,20270528,1,20270531,1,20270601,1,20270602,1,20270603,1,20270604,1,20270607,1,20270608,1,20270609,1,20270610,1,20270611,1,20270614,1,20270615,1,20270616,1,20270617,1,20270618,1,20270621,1,20270622,1,20270623,1,20270624,1,20270625,1,20270628,1,20270629,1,20270630,1,20270701,1,20270702,1,20270705,1,20270706,1,20270707,1,20270708,1,20270709,1,20270712,1,20270713,1,20270714,1,20270715,1,20270716,1,20270719,1,20270720,1,20270721,1,20270722,1,20270723,1,20270726,1,20270727,1,20270728,1,20270729,1,20270730,1,20270802,1,20270803,1,20270804,1,20270805,1,20270806,1,20270809,1,20270810,1,20270811,1,20270812,1,20270813,1,20270816,1,20270817,1,20270818,1,20270819,1,20270820,1,20270823,1,20270824,1,20270825,1,20270826,1,20270827,1,20270830,1,20270831,1,20270901,1,20270902,1,20270903,1,20270906,1,20270907,1,20270908,1,20270909,1,20270910,1,20270913,1,20270914,1,20270915,1,20270916,1,20270917,1,20270920,1,20270921,1,20270922,1,20270923,1,20270924,1,20270927,1,20270928,1,20270929,1,20270930,1,20271001,1,20271004,1,20271005,1,20271006,1,20271007,1,20271008,1,20271011,1,20271012,1,20271013,1,20271014,1,20271015,1,20271018,1,20271019,1,20271020,1,20271021,1,20271022,1,20271025,1,20271026,1,20271027,1,20271028,1,20271029,1,20271101,1,20271102,1,20271103,1,20271104,1,20271105,1,20271108,1,20271109,1,20271110,1,20271111,1,20271112,1,20271115,1,20271116,1,20271117,1,20271118,1,20271119,1,20271122,1,20271123,1,20271124,1,20271125,1,20271126,1,20271129,1,20271130,1,20271201,1,20271202,1,20271203,1,20271206,1,20271207,1,20271208,1,20271209,1,20271210,1,20271213,1,20271214,1,20271215,1,20271216,1,20271217,1,20271220,1,20271221,1,20271222,1,20271223,1,20271224,1,20271227,1,20271228,1,20271229,1,20271230,1,20271231,1
'1443914',20261008,1,20261009,1,20261012,1,20261013,1,20261014,1,20261015,1,20261016,1,20261019,1,20261020,1,20261021,1,20261022,1,20261023,1,20261026,1,20261027,1,20261028,1,20261029,1,20261030,1,20261102,1,20261103,1,20261104,1,20261105,1,20261106,1,20261109,1,20261110,1,20261111,1,20261112,1,20261113,1,20261116,1,20261117,1,20261118,1,20261119,1,20261120,1,20261123,1,20261124,1,20261125,1,20261126,1,20261127,1,20261130,1,20261201,1,20261202,1,20261203,1,20261204,1,20261207,1,20261208,1,20261209,1,20261210,1,20261211,1,20261214,1,20261215,1,20261216,1,20261217,1,20261218,1,20261221,1,20261222,1,20261223,1,20261224,1,20261225,1,20261228,1,20261229,1,20261230,1,20261231,1,20270101,1,20270104,1,20270105,1,20270106,1,20270107,1,20270108,1,20270111,1,20270112,1,20270113,1,20270114,1,20270115,1,20270118,1,20270119,1,20270120,1,20270121,1,20270122,1,20270125,1,20270126,1,20270127,1,20270128,1,20270129,1,20270201,1,20270202,1,20270203,1,20270204,1,20270205,1,20270208,1,20270209,1,20270210,1,20270211,1,20270212,1,20270215,1,20270216,1,20270217,1,20270218,1,20270219,1,20270222,1,20270223,1,20270224,1,20270225,1,20270226,1,20270301,1,20270302,1,20270303,1,20270304,1,20270305,1,20270308,1,20270309,1,20270310,1,20270311,1,20270312,1,20270315,1,20270316,1,20270317,1,20270318,1,20270319,1,20270322,1,20270323,1,20270324,1,20270325,1,20270326,1,20270329,1,20270330,1,20270331,1,20270401,1,20270402,1,20270405,1,20270406,1,20270407,1,20270408,1,20270409,1,20270412,1,20270413,1,20270414,1,20270415,1,20270416,1,20270419,1,20270420,1,20270421,1,20270422,1,20270423,1,20270426,1,20270427,1,20270428,1,20270429,1,20270430,1,20270503,1,20270504,1,20270505,1,20270506,1,20270507,1,20270510,1,20270511,1,20270512,1,20270513,1,20270514,1,20270517,1,20270518,1,20270519,1,20270520,1,20270521,1,20270524,1,20270525,1,20270526,1,20270527,1,20270528,1,20270531,1,20270601,1,20270602,1,20270603,1,20270604,1,20270607,1,20270608,1,20270609,1,20270610,1,20270611,1,20270614,1,20270615,1,20270616,1,20270617,1,20270618,1,20270621,1,20270622,1,20270623,1,20270624,1,20270625,1,20270628,1,20270629,1,20270630,1,20270701,1,20270702,1,20270705,1,20270706,1,20270707,1,20270708,1,20270709,1,20270712,1,20270713,1,20270714,1,20270715,1,20270716,1,20270719,1,20270720,1,20270721,1,20270722,1,20270723,1,20270726,1,20270727,1,20270728,1,20270729,1,20270730,1,20270802,1,20270803,1,20270804,1,20270805,1,20270806,1,20270809,1,20270810,1,20270811,1,20270812,1,20270813,1,20270816,1,20270817,1,20270818,1,20270819,1,20270820,1,20270823,1,20270824,1,20270825,1,20270826,1,20270827,1,20270830,1,20270831,1,20270901,1,20270902,1,20270903,1,20270906,1,20270907,1,20270908,1,20270909,1,20270910,1,20270913,1,20270914,1,20270915,1,20270916,1,20270917,1,20270920,1,20270921,1,20270922,1,20270923,1,20270924,1,20270927,1,20270928,1,20270929,1,20270930,1,20271001,1,20271004,1,20271005,1,20271006,1,20271007,1,20271008,1,20271011,1,20271012,1,20271013,1,20271014,1,20271015,1,20271018,1,20271019,1,20271020,1,20271021,1,20271022,1,20271025,1,20271026,1,20271027,1,20271028,1,20271029,1,20271101,1,20271102,1,20271103,1,20271104,1,20271105,1,20271108,1,20271109,1,20271110,1,20271111,1,20271112,1,20271115,1,20271116,1,20271117,1,20271118,1,20271119,1,20271122,1,20271123,1,20271124,1,20271125,1,20271126,1,20271129,1,20271130,1,20271201,1,20271202,1,20271203,1,20271206,1,20271207,1,20271208,1,20271209,1,20271210,1,20271213,1,20271214,1,20271215,1,20271216,1,20271217,1,20271220,1,20271221,1,20271222,1,20271223,1,20271224,1,20271227,1,20271228,1,20271229,1,20271230,1,20271231,1
'1443932',20261008,1,20261009,1,20261012,1,20261013,1,20261014,1,20261015,1,20261016,1,20261019,1,20261020,1,20261021,1,20261022,1,20261023,1,20261026,1,20261027,1,20261028,1,20261029,1,20261030,1,20261102,1,20261103,1,20261104,1,20261105,1,20261106,1,20261109,1,20261110,1,20261111,1,20261112,1,20261113,1,20261116,1,20261117,1,20261118,1,20261119,1,20261120,1,20261123,1,20261124,1,20261125,1,20261126,1,20261127,1,20261130,1,20261201,1,20261202,1,20261203,1,20261204,1,20261207,1,20261208,1,20261209,1,20261210,1,20261211,1,20261214,1,20261215,1,20261216,1,20261217,1,20261218,1,20261221,1,20261222,1,20261223,1,20261224,1,20261225,1,20261228,1,20261229,1,20261230,1,20261231,1,20270101,1,20270104,1,20270105,1,20270106,1,20270107,1,20270108,1,20270111,1,20270112,1,20270113,1,20270114,1,20270115,1,20270118,1,20270119,1,20270120,1,20270121,1,20270122,1,20270125,1,20270126,1,20270127,1,20270128,1,20270129,1,20270201,1,20270202,1,20270203,1,20270204,1,20270205,1,20270208,1,20270209,1,20270210,1,20270211,1,20270212,1,20270215,1,20270216,1,20270217,1,20270218,1,20270219,1,20270222,1,20270223,1,20270224,1,20270225,1,20270226,1,20270301,1,20270302,1,20270303,1,20270304,1,20270305,1,20270308,1,20270309,1,20270310,1,20270311,1,20270312,1,20270315,1,20270316,1,20270317,1,20270318,1,20270319,1,20270322,1,20270323,1,20270324,1,20270325,1,20270326,1,20270329,1,20270330,1,20270331,1,20270401,1,20270402,1,20270405,1,20270406,1,20270407,1,20270408,1,20270409,1,20270412,1,20270413,1,20270414,1,20270415,1,20270416,1,20270419,1,20270420,1,20270421,1,20270422,1,20270423,1,20270426,1,20270427,1,20270428,1,20270429,1,20270430,1,20270503,1,20270504,1,20270505,1,20270506,1,20270507,1,20270510,1,20270511,1,20270512,1,20270513,1,20270514,1,20270517,1,20270518,1,20270519,1,20270520,1,20270521,1,20270524,1,20270525,1,20270526,1,20270527,1,20270528,1,20270531,1,20270601,1,20270602,1,20270603,1,20270604,1,20270607,1,20270608,1,20270609,1,20270610,1,20270611,1,20270614,1,20270615,1,20270616,1,20270617,1,20270618,1,20270621,1,20270622,1,20270623,1,20270624,1,20270625,1,20270628,1,20270629,1,20270630,1,20270701,1,20270702,1,20270705,1,20270706,1,20270707,1,20270708,1,20270709,1,20270712,1,20270713,1,20270714,1,20270715,1,20270716,1,20270719,1,20270720,1,20270721,1,20270722,1,20270723,1,20270726,1,20270727,1,20270728,1,20270729,1,20270730,1,20270802,1,20270803,1,20270804,1,20270805,1,20270806,1,20270809,1,20270810,1,20270811,1,20270812,1,20270813,1,20270816,1,20270817,1,20270818,1,20270819,1,20270820,1,20270823,1,20270824,1,20270825,1,20270826,1,20270827,1,20270830,1,20270831,1,20270901,1,20270902,1,20270903,1,20270906,1,20270907,1,20270908,1,20270909,1,20270910,1,20270913,1,20270914,1,20270915,1,20270916,1,20270917,1,20270920,1,20270921,1,20270922,1,20270923,1,20270924,1,20270927,1,20270928,1,20270929,1,20270930,1,20271001,1,20271004,1,20271005,1,20271006,1,20271007,1,20271008,1,20271011,1,20271012,1,20271013,1,20271014,1,20271015,1,20271018,1,20271019,1,20271020,1,20271021,1,20271022,1,20271025,1,20271026,1,20271027,1,20271028,1,20271029,1,20271101,1,20271102,1,20271103,1,20271104,1,20271105,1,20271108,1,20271109,1,20271110,1,20271111,1,20271112,1,20271115,1,20271116,1,20271117,1,20271118,1,20271119,1,20271122,1,20271123,1,20271124,1,20271125,1,20271126,1,20271129,1,20271130,1,20271201,1,20271202,1,20271203,1,20271206,1,20271207,1,20271208,1,20271209,1,20271210,1,20271213,1,20271214,1,20271215,1,20271216,1,20271217,1,20271220,1,20271221,1,20271222,1,20271223,1,20271224,1,20271227,1,20271228,1,20271229,1,20271230,1,20271231,1
'1443959',20261008,1,20261009,1,20261012,1,20261013,1,20261014,1,20261015,1,20261016,1,20261019,1,20261020,1,20261021,1,20261022,1,20261023,1,20261026,1,20261027,1,20261028,1,20261029,1,20261030,1,20261102,1,20261103,1,20261104,1,20261105,1,20261106,1,20261109,1,20261110,1,20261111,1,20261112,1,20261113,1,20261116,1,20261117,1,20261118,1,20261119,1,20261120,1,20261123,1,20261124,1,20261125,1,20261126,1,20261127,1,20261130,1,20261201,1,20261202,1,20261203,1,20261204,1,20261207,1,20261208,1,20261209,1,20261210,1,20261211,1,20261214,1,20261215,1,20261216,1,20261217,1,20261218,1,20261221,1,20261222,1,20261223,1,20261224,1,20261225,1,20261228,1,20261229,1,20261230,1,20261231,1,20270101,1,20270104,1,20270105,1,20270106,1,20270107,1,20270108,1,20270111,1,20270112,1,20270113,1,20270114,1,20270115,1,20270118,1,20270119,1,20270120,1,20270121,1,20270122,1,20270125,1,20270126,1,20270127,1,20270128,1,20270129,1,20270201,1,20270202,1,20270203,1,20270204,1,20270205,1,20270208,1,20270209,1,20270210,1,20270211,1,20270212,1,20270215,1,20270216,1,20270217,1,20270218,1,20270219,1,20270222,1,20270223,1,20270224,1,20270225,1,20270226,1,20270301,1,20270302,1,20270303,1,20270304,1,20270305,1,20270308,1,20270309,1,20270310,1,20270311,1,20270312,1,20270315,1,20270316,1,20270317,1,20270318,1,20270319,1,20270322,1,20270323,1,20270324,1,20270325,1,20270326,1,20270329,1,20270330,1,20270331,1,20270401,1,20270402,1,20270405,1,20270406,1,20270407,1,20270408,1,20270409,1,20270412,1,20270413,1,20270414,1,20270415,1,20270416,1,20270419,1,20270420,1,20270421,1,20270422,1,20270423,1,20270426,1,20270427,1,20270428,1,20270429,1,20270430,1,20270503,1,20270504,1,20270505,1,20270506,1,20270507,1,20270510,1,20270511,1,20270512,1,20270513,1,20270514,1,20270517,1,20270518,1,20270519,1,20270520,1,20270521,1,20270524,1,20270525,1,20270526,1,20270527,1,20270528,1,20270531,1,20270601,1,20270602,1,20270603,1,20270604,1,20270607,1,20270608,1,20270609,1,20270610,1,20270611,1,20270614,1,20270615,1,20270616,1,20270617,1,20270618,1,20270621,1,20270622,1,20270623,1,20270624,1,20270625,1,20270628,1,20270629,1,20270630,1,20270701,1,20270702,1,20270705,1,20270706,1,20270707,1,20270708,1,20270709,1,20270712,1,20270713,1,20270714,1,20270715,1,20270716,1,20270719,1,20270720,1,20270721,1,20270722,1,20270723,1,20270726,1,20270727,1,20270728,1,20270729,1,20270730,1,20270802,1,20270803,1,20270804,1,20270805,1,20270806,1,20270809,1,20270810,1,20270811,1,20270812,1,20270813,1,20270816,1,20270817,1,20270818,1,20270819,1,20270820,1,20270823,1,20270824,1,20270825,1,20270826,1,20270827,1,20270830,1,20270831,1,20270901,1,20270902,1,20270903,1,20270906,1,20270907,1,20270908,1,20270909,1,20270910,1,20270913,1,20270914,1,20270915,1,20270916,1,20270917,1,20270920,1,20270921,1,20270922,1,20270923,1,20270924,1,20270927,1,20270928,1,20270929,1,20270930,1,20271001,1,20271004,1,20271005,1,20271006,1,20271007,1,20271008,1,20271011,1,20271012,1,20271013,1,20271014,1,20271015,1,20271018,1,20271019,1,20271020,1,20271021,1,20271022,1,20271025,1,20271026,1,20271027,1,20271028,1,20271029,1,20271101,1,20271102,1,20271103,1,20271104,1,20271105,1,20271108,1,20271109,1,20271110,1,20271111,1,20271112,1,20271115,1,20271116,1,20271117,1,20271118,1,20271119,1,20271122,1,20271123,1,20271124,1,20271125,1,20271126,1,20271129,1,20271130,1,20271201,1,20271202,1,20271203,1,20271206,1,20271207,1,20271208,1,20271209,1,20271210,1,20271213,1,20271214,1,20271215,1,20271216,1,20271217,1,20271220,1,20271221,1,20271222,1,20271223,1,20271224,1,20271227,1,20271228,1,20271229,1,20271230,1,20271231,1
'1443993',20261008,1,20261009,1,20261012,1,20261013,1,20261014,1,20261015,1,20261016,1,20261019,1,20261020,1,20261021,1,20261022,1,20261023,1,20261026,1,20261027,1,20261028,1,20261029,1,20261030,1,20261102,1,20261103,1,20261104,1,20261105,1,20261106,1,20261109,1,20261110,1,20261111,1,20261112,1,20261113,1,20261116,1,20261117,1,20261118,1,20261119,1,20261120,1,20261123,1,20261124,1,20261125,1,20261126,1,20261127,1,20261130,1,20261201,1,20261202,1,20261203,1,20261204,1,20261207,1,20261208,1,20261209,1,20261210,1,20261211,1,20261214,1,20261215,1,20261216,1,20261217,1,20261218,1,20261221,1,20261222,1,20261223,1,20261224,1,20261225,1,20261228,1,20261229,1,20261230,1,20261231,1,20270101,1,20270104,1,20270105,1,20270106,1,20270107,1,20270108,1,20270111,1,20270112,1,20270113,1,20270114,1,20270115,1,20270118,1,20270119,1,20270120,1,20270121,1,20270122,1,20270125,1,20270126,1,20270127,1,20270128,1,20270129,1,20270201,1,20270202,1,20270203,1,20270204,1,20270205,1,20270208,1,20270209,1,20270210,1,20270211,1,20270212,1,20270215,1,20270216,1,20270217,1,20270218,1,20270219,1,20270222,1,20270223,1,20270224,1,20270225,1,20270226,1,20270301,1,20270302,1,20270303,1,20270304,1,20270305,1,20270308,1,20270309,1,20270310,1,20270311,1,20270312,1,20270315,1,20270316,1,20270317,1,20270318,1,20270319,1,20270322,1,20270323,1,20270324,1,20270325,1,20270326,1,20270329,1,20270330,1,20270331,1,20270401,1,20270402,1,20270405,1,20270406,1,20270407,1,20270408,1,20270409,1,20270412,1,20270413,1,20270414,1,20270415,1,20270416,1,20270419,1,20270420,1,20270421,1,20270422,1,20270423,1,20270426,1,20270427,1,20270428,1,20270429,1,20270430,1,20270503,1,20270504,1,20270505,1,20270506,1,20270507,1,20270510,1,20270511,1,20270512,1,20270513,1,20270514,1,20270517,1,20270518,1,20270519,1,20270520,1,20270521,1,20270524,1,20270525,1,20270526,1,20270527,1,20270528,1,20270531,1,20270601,1,20270602,1,20270603,1,20270604,1,20270607,1,20270608,1,20270609,1,20270610,1,20270611,1,20270614,1,20270615,1,20270616,1,20270617,1,20270618,1,20270621,1,20270622,1,20270623,1,20270624,1,20270625,1,20270628,1,20270629,1,20270630,1,20270701,1,20270702,1,20270705,1,20270706,1,20270707,1,20270708,1,20270709,1,20270712,1,20270713,1,20270714,1,20270715,1,20270716,1,20270719,1,20270720,1,20270721,1,20270722,1,20270723,1,20270726,1,20270727,1,20270728,1,20270729,1,20270730,1,20270802,1,20270803,1,20270804,1,20270805,1,20270806,1,20270809,1,20270810,1,20270811,1,20270812,1,20270813,1,20270816,1,20270817,1,20270818,1,20270819,1,20270820,1,20270823,1,20270824,1,20270825,1,20270826,1,20270827,1,20270830,1,20270831,1,20270901,1,20270902,1,20270903,1,20270906,1,20270907,1,20270908,1,20270909,1,20270910,1,20270913,1,20270914,1,20270915,1,20270916,1,20270917,1,20270920,1,20270921,1,20270922,1,20270923,1,20270924,1,20270927,1,20270928,1,20270929,1,20270930,1,20271001,1,20271004,1,20271005,1,20271006,1,20271007,1,20271008,1,20271011,1,20271012,1,20271013,1,20271014,1,20271015,1,20271018,1,20271019,1,20271020,1,20271021,1,20271022,1,20271025,1,20271026,1,20271027,1,20271028,1,20271029,1,20271101,1,20271102,1,20271103,1,20271104,1,20271105,1,20271108,1,20271109,1,20271110,1,20271111,1,20271112,1,20271115,1,20271116,1,20271117,1,20271118,1,20271119,1,20271122,1,20271123,1,20271124,1,20271125,1,20271126,1,20271129,1,20271130,1,20271201,1,20271202,1,20271203,1,20271206,1,20271207,1,20271208,1,20271209,1,20271210,1,20271213,1,20271214,1,20271215,1,20271216,1,20271217,1,20271220,1,20271221,1,20271222,1,20271223,1,20271224,1,20271227,1,20271228,1,20271229,1,20271230,1,20271231,1
'1444023',20261008,1,20261009,1,20261012,1,20261013,1,20261014,1,20261015,1,20261016,1,20261019,1,20261020,1,20261021,1,20261022,1,20261023,1,20261026,1,20261027,1,20261028,1,20261029,1,20261030,1,20261102,1,20261103,1,20261104,1,20261105,1,20261106,1,20261109,1,20261110,1,20261111,1,20261112,1,20261113,1,20261116,1,20261117,1,20261118,1,20261119,1,20261120,1,20261123,1,20261124,1,20261125,1,20261126,1,20261127,1,20261130,1,20261201,1,20261202,1,20261203,1,20261204,1,20261207,1,20261208,1,20261209,1,20261210,1,20261211,1,20261214,1,20261215,1,20261216,1,20261217,1,20261218,1,20261221,1,20261222,1,20261223,1,20261224,1,20261225,1,20261228,1,20261229,1,20261230,1,20261231,1,20270101,1,20270104,1,20270105,1,20270106,1,20270107,1,20270108,1,20270111,1,20270112,1,20270113,1,20270114,1,20270115,1,20270118,1,20270119,1,20270120,1,20270121,1,20270122,1,20270125,1,20270126,1,20270127,1,20270128,1,20270129,1,20270201,1,20270202,1,20270203,1,20270204,1,20270205,1,20270208,1,20270209,1,20270210,1,20270211,1,20270212,1,20270215,1,20270216,1,20270217,1,20270218,1,20270219,1,20270222,1,20270223,1,20270224,1,20270225,1,20270226,1,20270301,1,20270302,1,20270303,1,20270304,1,20270305,1,20270308,1,20270309,1,20270310,1,20270311,1,20270312,1,20270315,1,20270316,1,20270317,1,20270318,1,20270319,1,20270322,1,20270323,1,20270324,1,20270325,1,20270326,1,20270329,1,20270330,1,20270331,1,20270401,1,20270402,1,20270405,1,20270406,1,20270407,1,20270408,1,20270409,1,20270412,1,20270413,1,20270414,1,20270415,1,20270416,1,20270419,1,20270420,1,20270421,1,20270422,1,20270423,1,20270426,1,20270427,1,20270428,1,20270429,1,20270430,1,20270503,1,20270504,1,20270505,1,20270506,1,20270507,1,20270510,1,20270511,1,20270512,1,20270513,1,20270514,1,20270517,1,20270518,1,20270519,1,20270520,1,20270521,1,20270524,1,20270525,1,20270526,1,20270527,1,20270528,1,20270531,1,20270601,1,20270602,1,20270603,1,20270604,1,20270607,1,20270608,1,20270609,1,20270610,1,20270611,1,20270614,1,20270615,1,20270616,1,20270617,1,20270618,1,20270621,1,20270622,1,20270623,1,20270624,1,20270625,1,20270628,1,20270629,1,20270630,1,20270701,1,20270702,1,20270705,1,20270706,1,20270707,1,20270708,1,20270709,1,20270712,1,20270713,1,20270714,1,20270715,1,20270716,1,20270719,1,20270720,1,20270721,1,20270722,1,20270723,1,20270726,1,20270727,1,20270728,1,20270729,1,20270730,1,20270802,1,20270803,1,20270804,1,20270805,1,20270806,1,20270809,1,20270810,1,20270811,1,20270812,1,20270813,1,20270816,1,20270817,1,20270818,1,20270819,1,20270820,1,20270823,1,20270824,1,20270825,1,20270826,1,20270827,1,20270830,1,20270831,1,20270901,1,20270902,1,20270903,1,20270906,1,20270907,1,20270908,1,20270909,1,20270910,1,20270913,1,20270914,1,20270915,1,20270916,1,20270917,1,20270920,1,20270921,1,20270922,1,20270923,1,20270924,1,20270927,1,20270928,1,20270929,1,20270930,1,20271001,1,20271004,1,20271005,1,20271006,1,20271007,1,20271008,1,20271011,1,20271012,1,20271013,1,20271014,1,20271015,1,20271018,1,20271019,1,20271020,1,20271021,1,20271022,1,20271025,1,20271026,1,20271027,1,20271028,1,20271029,1,20271101,1,20271102,1,20271103,1,20271104,1,20271105,1,20271108,1,20271109,1,20271110,1,20271111,1,20271112,1,20271115,1,20271116,1,20271117,1,20271118,1,20271119,1,20271122,1,20271123,1,20271124,1,20271125,1,20271126,1,20271129,1,20271130,1,20271201,1,20271202,1,20271203,1,20271206,1,20271207,1,20271208,1,20271209,1,20271210,1,20271213,1,20271214,1,20271215,1,20271216,1,20271217,1,20271220,1,20271221,1,20271222,1,20271223,1,20271224,1,20271227,1,20271228,1,20271229,1,20271230,1,20271231,1
'1444109',20261008,1,20261009,1,20261012,1,20261013,1,20261014,1,20261015,1,20261016,1,20261019,1,20261020,1,20261021,1,20261022,1,20261023,1,20261026,1,20261027,1,20261028,1,20261029,1,20261030,1,20261102,1,20261103,1,20261104,1,20261105,1,20261106,1,20261109,1,20261110,1,20261111,1,20261112,1,20261113,1,20261116,1,20261117,1,20261118,1,20261119,1,20261120,1,20261123,1,20261124,1,20261125,1,20261126,1,20261127,1,20261130,1,20261201,1,20261202,1,20261203,1,20261204,1,20261207,1,20261208,1,20261209,1,20261210,1,20261211,1,20261214,1,20261215,1,20261216,1,20261217,1,20261218,1,20261221,1,20261222,1,20261223,1,20261224,1,20261225,1,20261228,1,20261229,1,20261230,1,20261231,1,20270101,1,20270104,1,20270105,1,20270106,1,20270107,1,20270108,1,20270111,1,20270112,1,20270113,1,20270114,1,20270115,1,20270118,1,20270119,1,20270120,1,20270121,1,20270122,1,20270125,1,20270126,1,20270127,1,20270128,1,20270129,1,20270201,1,20270202,1,20270203,1,20270204,1,20270205,1,20270208,1,20270209,1,20270210,1,20270211,1,20270212,1,20270215,1,20270216,1,20270217,1,20270218,1,20270219,1,20270222,1,20270223,1,20270224,1,20270225,1,20270226,1,20270301,1,20270302,1,20270303,1,20270304,1,20270305,1,20270308,1,20270309,1,20270310,1,20270311,1,20270312,1,20270315,1,20270316,1,20270317,1,20270318,1,20270319,1,20270322,1,20270323,1,20270324,1,20270325,1,20270326,1,20270329,1,20270330,1,20270331,1,20270401,1,20270402,1,20270405,1,20270406,1,20270407,1,20270408,1,20270409,1,20270412,1,20270413,1,20270414,1,20270415,1,20270416,1,20270419,1,20270420,1,20270421,1,20270422,1,20270423,1,20270426,1,20270427,1,20270428,1,20270429,1,20270430,1,20270503,1,20270504,1,20270505,1,20270506,1,20270507,1,20270510,1,20270511,1,20270512,1,20270513,1,20270514,1,20270517,1,20270518,1,20270519,1,20270520,1,20270521,1,20270524,1,20270525,1,20270526,1,20270527,1,20270528,1,20270531,1,20270601,1,20270602,1,20270603,1,20270604,1,20270607,1,20270608,1,20270609,1,20270610,1,20270611,1,20270614,1,20270615,1,20270616,1,20270617,1,20270618,1,20270621,1,20270622,1,20270623,1,20270624,1,20270625,1,20270628,1,20270629,1,20270630,1,20270701,1,20270702,1,20270705,1,20270706,1,20270707,1,20270708,1,20270709,1,20270712,1,20270713,1,20270714,1,20270715,1,20270716,1,20270719,1,20270720,1,20270721,1,20270722,1,20270723,1,20270726,1,20270727,1,20270728,1,20270729,1,20270730,1,20270802,1,20270803,1,20270804,1,20270805,1,20270806,1,20270809,1,20270810,1,20270811,1,20270812,1,20270813,1,20270816,1,20270817,1,20270818,1,20270819,1,20270820,1,20270823,1,20270824,1,20270825,1,20270826,1,20270827,1,20270830,1,20270831,1,20270901,1,20270902,1,20270903,1,20270906,1,20270907,1,20270908,1,20270909,1,20270910,1,20270913,1,20270914,1,20270915,1,20270916,1,20270917,1,20270920,1,20270921,1,20270922,1,20270923,1,20270924,1,20270927,1,20270928,1,20270929,1,20270930,1,20271001,1,20271004,1,20271005,1,20271006,1,20271007,1,20271008,1,20271011,1,20271012,1,20271013,1,20271014,1,20271015,1,20271018,1,20271019,1,20271020,1,20271021,1,20271022,1,20271025,1,20271026,1,20271027,1,20271028,1,20271029,1,20271101,1,20271102,1,20271103,1,20271104,1,20271105,1,20271108,1,20271109,1,20271110,1,20271111,1,20271112,1,20271115,1,20271116,1,20271117,1,20271118,1,20271119,1,20271122,1,20271123,1,20271124,1,20271125,1,20271126,1,20271129,1,20271130,1,20271201,1,20271202,1,20271203,1,20271206,1,20271207,1,20271208,1,20271209,1,20271210,1,20271213,1,20271214,1,20271215,1,20271216,1,20271217,1,20271220,1,20271221,1,20271222,1,20271223,1,20271224,1,20271227,1,20271228,1,20271229,1,20271230,1,20271231,1
'1444126',20261008,1,20261009,1,20261012,1,20261013,1,20261014,1,20261015,1,20261016,1,20261019,1,20261020,1,20261021,1,20261022,1,20261023,1,20261026,1,20261027,1,20261028,1,20261029,1,20261030,1,20261102,1,20261103,1,20261104,1,20261105,1,20261106,1,20261109,1,20261110,1,20261111,1,20261112,1,20261113,1,20261116,1,20261117,1,20261118,1,20261119,1,20261120,1,20261123,1,20261124,1,20261125,1,20261126,1,20261127,1,20261130,1,20261201,1,20261202,1,20261203,1,20261204,1,20261207,1,20261208,1,20261209,1,20261210,1,20261211,1,20261214,1,20261215,1,20261216,1,20261217,1,20261218,1,20261221,1,20261222,1,20261223,1,20261224,1,20261225,1,20261228,1,20261229,1,20261230,1,20261231,1,20270101,1,20270104,1,20270105,1,20270106,1,20270107,1,20270108,1,20270111,1,20270112,1,20270113,1,20270114,1,20270115,1,20270118,1,20270119,1,20270120,1,20270121,1,20270122,1,20270125,1,20270126,1,20270127,1,20270128,1,20270129,1,20270201,1,20270202,1,20270203,1,20270204,1,20270205,1,20270208,1,20270209,1,20270210,1,20270211,1,20270212,1,20270215,1,20270216,1,20270217,1,20270218,1,20270219,1,20270222,1,20270223,1,20270224,1,20270225,1,20270226,1,20270301,1,20270302,1,20270303,1,20270304,1,20270305,1,20270308,1,20270309,1,20270310,1,20270311,1,20270312,1,20270315,1,20270316,1,20270317,1,20270318,1,20270319,1,20270322,1,20270323,1,20270324,1,20270325,1,20270326,1,20270329,1,20270330,1,20270331,1,20270401,1,20270402,1,20270405,1,20270406,1,20270407,1,20270408,1,20270409,1,20270412,1,20270413,1,20270414,1,20270415,1,20270416,1,20270419,1,20270420,1,20270421,1,20270422,1,20270423,1,20270426,1,20270427,1,20270428,1,20270429,1,20270430,1,20270503,1,20270504,1,20270505,1,20270506,1,20270507,1,20270510,1,20270511,1,20270512,1,20270513,1,20270514,1,20270517,1,20270518,1,20270519,1,20270520,1,20270521,1,20270524,1,20270525,1,20270526,1,20270527,1,20270528,1,20270531,1,20270601,1,20270602,1,20270603,1,20270604,1,20270607,1,20270608,1,20270609,1,20270610,1,20270611,1,20270614,1,20270615,1,20270616,1,20270617,1,20270618,1,20270621,1,20270622,1,20270623,1,20270624,1,20270625,1,20270628,1,20270629,1,20270630,1,20270701,1,20270702,1,20270705,1,20270706,1,20270707,1,20270708,1,20270709,1,20270712,1,20270713,1,20270714,1,20270715,1,20270716,1,20270719,1,20270720,1,20270721,1,20270722,1,20270723,1,20270726,1,20270727,1,20270728,1,20270729,1,20270730,1,20270802,1,20270803,1,20270804,1,20270805,1,20270806,1,20270809,1,20270810,1,20270811,1,20270812,1,20270813,1,20270816,1,20270817,1,20270818,1,20270819,1,20270820,1,20270823,1,20270824,1,20270825,1,20270826,1,20270827,1,20270830,1,20270831,1,20270901,1,20270902,1,20270903,1,20270906,1,20270907,1,20270908,1,20270909,1,20270910,1,20270913,1,20270914,1,20270915,1,20270916,1,20270917,1,20270920,1,20270921,1,20270922,1,20270923,1,20270924,1,20270927,1,20270928,1,20270929,1,20270930,1,20271001,1,20271004,1,20271005,1,20271006,1,20271007,1,20271008,1,20271011,1,20271012,1,20271013,1,20271014,1,20271015,1,20271018,1,20271019,1,20271020,1,20271021,1,20271022,1,20271025,1,20271026,1,20271027,1,20271028,1,20271029,1,20271101,1,20271102,1,20271103,1,20271104,1,20271105,1,20271108,1,20271109,1,20271110,1,20271111,1,20271112,1,20271115,1,20271116,1,20271117,1,20271118,1,20271119,1,20271122,1,20271123,1,20271124,1,20271125,1,20271126,1,20271129,1,20271130,1,20271201,1,20271202,1,20271203,1,20271206,1,20271207,1,20271208,1,20271209,1,20271210,1,20271213,1,20271214,1,20271215,1,20271216,1,20271217,1,20271220,1,20271221,1,20271222,1,20271223,1,20271224,1,20271227,1,20271228,1,20271229,1,20271230,1,20271231,1
'1444142',20261010,1,20261011,1,20261017,1,20261018,1,20261024,1,20261025,1,20261031,1,20261101,1,20261107,1,20261108,1,20261114,1,20261115,1,20261121,1,20261122,1,20261128,1,20261129,1,20261205,1,20261206,1,20261212,1,20261213,1,20261219,1,20261220,1,20261226,1,20261227,1,20270102,1,20270103,1,20270109,1,20270110,1,20270116,1,20270117,1,20270123,1,20270124,1,20270130,1,20270131,1,20270206,1,20270207,1,20270213,1,20270214,1,20270220,1,20270221,1,20270227,1,20270228,1,20270306,1,20270307,1,20270313,1,20270314,1,20270320,1,20270321,1,20270327,1,20270328,1,20270403,1,20270404,1,20270410,1,20270411,1,20270417,1,20270418,1,20270424,1,20270425,1,20270501,1,20270502,1,20270508,1,20270509,1,20270515,1,20270516,1,20270522,1,20270523,1,20270529,1,20270530,1,20270605,1,20270606,1,20270612,1,20270613,1,20270619,1,20270620,1,20270626,1,20270627,1,20270703,1,20270704,1,20270710,1,20270711,1,20270717,1,20270718,1,20270724,1,20270725,1,20270731,1,20270801,1,20270807,1,20270808,1,20270814,1,20270815,1,20270821,1,20270822,1,20270828,1,20270829,1,20270904,1,20270905,1,20270911,1,20270912,1,20270918,1,20270919,1,20270925,1,20270926,1,20271002,1,20271003,1,20271009,1,20271010,1,20271016,1,20271017,1,20271023,1,20271024,1,20271030,1,20271031,1,20271106,1,20271107,1,20271113,1,20271114,1,20271120,1,20271121,1,20271127,1,20271128,1,20271204,1,20271205,1,20271211,1,20271212,1,20271218,1,20271219,1,20271225,1,20271226,1,20280101,1
'1444167',20261008,1,20261009,1,20261012,1,20261013,1,20261014,1,20261015,1,20261016,1,20261019,1,20261020,1,20261021,1,20261022,1,20261023,1,20261026,1,20261027,1,20261028,1,20261029,1,20261030,1,20261102,1,20261103,1,20261104,1,20261105,1,20261106,1,20261109,1,20261110,1,20261111,1,20261112,1,20261113,1,20261116,1,20261117,1,20261118,1,20261119,1,20261120,1,20261123,1,20261124,1,20261125,1,20261126,1,20261127,1,20261130,1,20261201,1,20261202,1,20261203,1,20261204,1,20261207,1,20261208,1,20261209,1,20261210,1,20261211,1,20261214,1,20261215,1,20261216,1,20261217,1,20261218,1,20261221,1,20261222,1,20261223,1,20261224,1,20261225,1,20261228,1,20261229,1,20261230,1,20261231,1,20270101,1,20270104,1,20270105,1,20270106,1,20270107,1,20270108,1,20270111,1,20270112,1,20270113,1,20270114,1,20270115,1,20270118,1,20270119,1,20270120,1,20270121,1,20270122,1,20270125,1,20270126,1,20270127,1,20270128,1,20270129,1,20270201,1,20270202,1,20270203,1,20270204,1,20270205,1,20270208,1,20270209,1,20270210,1,20270211,1,20270212,1,20270215,1,20270216,1,20270217,1,20270218,1,20270219,1,20270222,1,20270223,1,20270224,1,20270225,1,20270226,1,20270301,1,20270302,1,20270303,1,20270304,1,20270305,1,20270308,1,20270309,1,20270310,1,20270311,1,20270312,1,20270315,1,20270316,1,20270317,1,20270318,1,20270319,1,20270322,1,20270323,1,20270324,1,20270325,1,20270326,1,20270329,1,20270330,1,20270331,1,20270401,1,20270402,1,20270405,1,20270406,1,20270407,1,20270408,1,20270409,1,20270412,1,20270413,1,20270414,1,20270415,1,20270416,1,20270419,1,20270420,1,20270421,1,20270422,1,20270423,1,20270426,1,20270427,1,20270428,1,20270429,1,20270430,1,20270503,1,20270504,1,20270505,1,20270506,1,20270507,1,20270510,1,20270511,1,20270512,1,20270513,1,20270514,1,20270517,1,20270518,1,20270519,1,20270520,1,20270521,1,20270524,1,20270525,1,20270526,1,20270527,1,20270528,1,20270531,1,20270601,1,20270602,1,20270603,1,20270604,1,20270607,1,20270608,1,20270609,1,20270610,1,20270611,1,20270614,1,20270615,1,20270616,1,20270617,1,20270618,1,20270621,1,20270622,1,20270623,1,20270624,1,20270625,1,20270628,1,20270629,1,20270630,1,20270701,1,20270702,1,20270705,1,20270706,1,20270707,1,20270708,1,20270709,1,20270712,1,20270713,1,20270714,1,20270715,1,20270716,1,20270719,1,20270720,1,20270721,1,20270722,1,20270723,1,20270726,1,20270727,1,20270728,1,20270729,1,20270730,1,20270802,1,20270803,1,20270804,1,20270805,1,20270806,1,20270809,1,20270810,1,20270811,1,20270812,1,20270813,1,20270816,1,20270817,1,20270818,1,20270819,1,20270820,1,20270823,1,20270824,1,20270825,1,20270826,1,20270827,1,20270830,1,20270831,1,20270901,1,20270902,1,20270903,1,20270906,1,20270907,1,20270908,1,20270909,1,20270910,1,20270913,1,20270914,1,20270915,1,20270916,1,20270917,1,20270920,1,20270921,1,20270922,1,20270923,1,20270924,1,20270927,1,20270928,1,20270929,1,20270930,1,20271001,1,20271004,1,20271005,1,20271006,1,20271007,1,20271008,1,20271011,1,20271012,1,20271013,1,20271014,1,20271015,1,20271018,1,20271019,1,20271020,1,20271021,1,20271022,1,20271025,1,20271026,1,20271027,1,20271028,1,20271029,1,20271101,1,20271102,1,20271103,1,20271104,1,20271105,1,20271108,1,20271109,1,20271110,1,20271111,1,20271112,1,20271115,1,20271116,1,20271117,1,20271118,1,20271119,1,20271122,1,20271123,1,20271124,1,20271125,1,20271126,1,20271129,1,20271130,1,20271201,1,20271202,1,20271203,1,20271206,1,20271207,1,20271208,1,20271209,1,20271210,1,20271213,1,20271214,1,20271215,1,20271216,1,20271217,1,20271220,1,20271221,1,20271222,1,20271223,1,20271224,1,20271227,1,20271228,1,20271229,1,20271230,1,20271231,1
'1444180',20261008,1,20261009,1,20261012,1,20261013,1,20261014,1,20261015,1,20261016,1,20261019,1,20261020,1,20261021,1,20261022,1,20261023,1,20261026,1,20261027,1,20261028,1,20261029,1,20261030,1,20261102,1,20261103,1,20261104,1,20261105,1,20261106,1,20261109,1,20261110,1,20261111,1,20261112,1,20261113,1,20261116,1,20261117,1,20261118,1,20261119,1,20261120,1,20261123,1,20261124,1,20261125,1,20261126,1,20261127,1,20261130,1,20261201,1,20261202,1,20261203,1,20261204,1,20261207,1,20261208,1,20261209,1,20261210,1,20261211,1,20261214,1,20261215,1,20261216,1,20261217,1,20261218,1,20261221,1,20261222,1,20261223,1,20261224,1,20261225,1,20261228,1,20261229,1,20261230,1,20261231,1,20270101,1,20270104,1,20270105,1,20270106,1,20270107,1,20270108,1,20270111,1,20270112,1,20270113,1,20270114,1,20270115,1,20270118,1,20270119,1,20270120,1,20270121,1,20270122,1,20270125,1,20270126,1,20270127,1,20270128,1,20270129,1,20270201,1,20270202,1,20270203,1,20270204,1,20270205,1,20270208,1,20270209,1,20270210,1,20270211,1,20270212,1,20270215,1,20270216,1,20270217,1,20270218,1,20270219,1,20270222,1,20270223,1,20270224,1,20270225,1,20270226,1,20270301,1,20270302,1,20270303,1,20270304,1,20270305,1,20270308,1,20270309,1,20270310,1,20270311,1,20270312,1,20270315,1,20270316,1,20270317,1,20270318,1,20270319,1,20270322,1,20270323,1,20270324,1,20270325,1,20270326,1,20270329,1,20270330,1,20270331,1,20270401,1,20270402,1,20270405,1,20270406,1,20270407,1,20270408,1,20270409,1,20270412,1,20270413,1,20270414,1,20270415,1,20270416,1,20270419,1,20270420,1,20270421,1,20270422,1,20270423,1,20270426,1,20270427,1,20270428,1,20270429,1,20270430,1,20270503,1,20270504,1,20270505,1,20270506,1,20270507,1,20270510,1,20270511,1,20270512,1,20270513,1,20270514,1,20270517,1,20270518,1,20270519,1,20270520,1,20270521,1,20270524,1,20270525,1,20270526,1,20270527,1,20270528,1,20270531,1,20270601,1,20270602,1,20270603,1,20270604,1,20270607,1,20270608,1,20270609,1,20270610,1,20270611,1,20270614,1,20270615,1,20270616,1,20270617,1,20270618,1,20270621,1,20270622,1,20270623,1,20270624,1,20270625,1,20270628,1,20270629,1,20270630,1,20270701,1,20270702,1,20270705,1,20270706,1,20270707,1,20270708,1,20270709,1,20270712,1,20270713,1,20270714,1,20270715,1,20270716,1,20270719,1,20270720,1,20270721,1,20270722,1,20270723,1,20270726,1,20270727,1,20270728,1,20270729,1,20270730,1,20270802,1,20270803,1,20270804,1,20270805,1,20270806,1,20270809,1,20270810,1,20270811,1,20270812,1,20270813,1,20270816,1,20270817,1,20270818,1,20270819,1,20270820,1,20270823,1,20270824,1,20270825,1,20270826,1,20270827,1,20270830,1,20270831,1,20270901,1,20270902,1,20270903,1,20270906,1,20270907,1,20270908,1,20270909,1,20270910,1,20270913,1,20270914,1,20270915,1,20270916,1,20270917,1,20270920,1,20270921,1,20270922,1,20270923,1,20270924,1,20270927,1,20270928,1,20270929,1,20270930,1,20271001,1,20271004,1,20271005,1,20271006,1,20271007,1,20271008,1,20271011,1,20271012,1,20271013,1,20271014,1,20271015,1,20271018,1,20271019,1,20271020,1,20271021,1,20271022,1,20271025,1,20271026,1,20271027,1,20271028,1,20271029,1,20271101,1,20271102,1,20271103,1,20271104,1,20271105,1,20271108,1,20271109,1,20271110,1,20271111,1,20271112,1,20271115,1,20271116,1,20271117,1,20271118,1,20271119,1,20271122,1,20271123,1,20271124,1,20271125,1,20271126,1,20271129,1,20271130,1,20271201,1,20271202,1,20271203,1,20271206,1,20271207,1,20271208,1,20271209,1,20271210,1,20271213,1,20271214,1,20271215,1,20271216,1,20271217,1,20271220,1,20271221,1,20271222,1,20271223,1,20271224,1,20271227,1,20271228,1,20271229,1,20271230,1,20271231,1
'1444230',20261008,1,20261009,1,20261012,1,20261013,1,20261014,1,20261015,1,20261016,1,20261019,1,20261020,1,20261021,1,20261022,1,20261023,1,20261026,1,20261027,1,20261028,1,20261029,1,20261030,1,20261102,1,20261103,1,20261104,1,20261105,1,20261106,1,20261109,1,20261110,1,20261111,1,20261112,1,20261113,1,20261116,1,20261117,1,20261118,1,20261119,1,20261120,1,20261123,1,20261124,1,20261125,1,20261126,1,20261127,1,20261130,1,20261201,1,20261202,1,20261203,1,20261204,1,20261207,1,20261208,1,20261209,1,20261210,1,20261211,1,20261214,1,20261215,1,20261216,1,20261217,1,20261218,1,20261221,1,20261222,1,20261223,1,20261224,1,20261225,1,20261228,1,20261229,1,20261230,1,20261231,1,20270101,1,20270104,1,20270105,1,20270106,1,20270107,1,20270108,1,20270111,1,20270112,1,20270113,1,20270114,1,20270115,1,20270118,1,20270119,1,20270120,1,20270121,1,20270122,1,20270125,1,20270126,1,20270127,1,20270128,1,20270129,1,20270201,1,20270202,1,20270203,1,20270204,1,20270205,1,20270208,1,20270209,1,20270210,1,20270211,1,20270212,1,20270215,1,20270216,1,20270217,1,20270218,1,20270219,1,20270222,1,20270223,1,20270224,1,20270225,1,20270226,1,20270301,1,20270302,1,20270303,1,20270304,1,20270305,1,20270308,1,20270309,1,20270310,1,20270311,1,20270312,1,20270315,1,20270316,1,20270317,1,20270318,1,20270319,1,20270322,1,20270323,1,20270324,1,20270325,1,20270326,1,20270329,1,20270330,1,20270331,1,20270401,1,20270402,1,20270405,1,20270406,1,20270407,1,20270408,1,20270409,1,20270412,1,20270413,1,20270414,1,20270415,1,20270416,1,20270419,1,20270420,1,20270421,1,20270422,1,20270423,1,20270426,1,20270427,1,20270428,1,20270429,1,20270430,1,20270503,1,20270504,1,20270505,1,20270506,1,20270507,1,20270510,1,20270511,1,20270512,1,20270513,1,20270514,1,20270517,1,20270518,1,20270519,1,20270520,1,20270521,1,20270524,1,20270525,1,20270526,1,20270527,1,20270528,1,20270531,1,20270601,1,20270602,1,20270603,1,20270604,1,20270607,1,20270608,1,20270609,1,20270610,1,20270611,1,20270614,1,20270615,1,20270616,1,20270617,1,20270618,1,20270621,1,20270622,1,20270623,1,20270624,1,20270625,1,20270628,1,20270629,1,20270630,1,20270701,1,20270702,1,20270705,1,20270706,1,20270707,1,20270708,1,20270709,1,20270712,1,20270713,1,20270714,1,20270715,1,20270716,1,20270719,1,20270720,1,20270721,1,20270722,1,20270723,1,20270726,1,20270727,1,20270728,1,20270729,1,20270730,1,20270802,1,20270803,1,20270804,1,20270805,1,20270806,1,20270809,1,20270810,1,20270811,1,20270812,1,20270813,1,20270816,1,20270817,1,20270818,1,20270819,1,20270820,1,20270823,1,20270824,1,20270825,1,20270826,1,20270827,1,20270830,1,20270831,1,20270901,1,20270902,1,20270903,1,20270906,1,20270907,1,20270908,1,20270909,1,20270910,1,20270913,1,20270914,1,20270915,1,20270916,1,20270917,1,20270920,1,20270921,1,20270922,1,20270923,1,20270924,1,20270927,1,20270928,1,20270929,1,20270930,1,20271001,1,20271004,1,20271005,1,20271006,1,20271007,1,20271008,1,20271011,1,20271012,1,20271013,1,20271014,1,20271015,1,20271018,1,20271019,1,20271020,1,20271021,1,20271022,1,20271025,1,20271026,1,20271027,1,20271028,1,20271029,1,20271101,1,20271102,1,20271103,1,20271104,1,20271105,1,20271108,1,20271109,1,20271110,1,20271111,1,20271112,1,20271115,1,20271116,1,20271117,1,20271118,1,20271119,1,20271122,1,20271123,1,20271124,1,20271125,1,20271126,1,20271129,1,20271130,1,20271201,1,20271202,1,20271203,1,20271206,1,20271207,1,20271208,1,20271209,1,20271210,1,20271213,1,20271214,1,20271215,1,20271216,1,20271217,1,20271220,1,20271221,1,20271222,1,20271223,1,20271224,1,20271227,1,20271228,1,20271229,1,20271230,1,20271231,1
'1444241',20261008,1,20261009,1,20261012,1,20261013,1,20261014,1,20261015,1,20261016,1,20261019,1,20261020,1,20261021,1,20261022,1,20261023,1,20261026,1,20261027,1,20261028,1,20261029,1,20261030,1,20261102,1,20261103,1,20261104,1,20261105,1,20261106,1,20261109,1,20261110,1,20261111,1,20261112,1,20261113,1,20261116,1,20261117,1,20261118,1,20261119,1,20261120,1,20261123,1,20261124,1,20261125,1,20261126,1,20261127,1,20261130,1,20261201,1,20261202,1,20261203,1,20261204,1,20261207,1,20261208,1,20261209,1,20261210,1,20261211,1,20261214,1,20261215,1,20261216,1,20261217,1,20261218,1,20261221,1,20261222,1,20261223,1,20261224,1,20261225,1,20261228,1,20261229,1,20261230,1,20261231,1,20270101,1,20270104,1,20270105,1,20270106,1,20270107,1,20270108,1,20270111,1,20270112,1,20270113,1,20270114,1,20270115,1,20270118,1,20270119,1,20270120,1,20270121,1,20270122,1,20270125,1,20270126,1,20270127,1,20270128,1,20270129,1,20270201,1,20270202,1,20270203,1,20270204,1,20270205,1,20270208,1,20270209,1,20270210,1,20270211,1,20270212,1,20270215,1,20270216,1,20270217,1,20270218,1,20270219,1,20270222,1,20270223,1,20270224,1,20270225,1,20270226,1,20270301,1,20270302,1,20270303,1,20270304,1,20270305,1,20270308,1,20270309,1,20270310,1,20270311,1,20270312,1,20270315,1,20270316,1,20270317,1,20270318,1,20270319,1,20270322,1,20270323,1,20270324,1,20270325,1,20270326,1,20270329,1,20270330,1,20270331,1,20270401,1,20270402,1,20270405,1,20270406,1,20270407,1,20270408,1,20270409,1,20270412,1,20270413,1,20270414,1,20270415,1,20270416,1,20270419,1,20270420,1,20270421,1,20270422,1,20270423,1,20270426,1,20270427,1,20270428,1,20270429,1,20270430,1,20270503,1,20270504,1,20270505,1,20270506,1,20270507,1,20270510,1,20270511,1,20270512,1,20270513,1,20270514,1,20270517,1,20270518,1,20270519,1,20270520,1,20270521,1,20270524,1,20270525,1,20270526,1,20270527,1,20270528,1,20270531,1,20270601,1,20270602,1,20270603,1,20270604,1,20270607,1,20270608,1,20270609,1,20270610,1,20270611,1,20270614,1,20270615,1,20270616,1,20270617,1,20270618,1,20270621,1,20270622,1,20270623,1,20270624,1,20270625,1,20270628,1,20270629,1,20270630,1,20270701,1,20270702,1,20270705,1,20270706,1,20270707,1,20270708,1,20270709,1,20270712,1,20270713,1,20270714,1,20270715,1,20270716,1,20270719,1,20270720,1,20270721,1,20270722,1,20270723,1,20270726,1,20270727,1,20270728,1,20270729,1,20270730,1,20270802,1,20270803,1,20270804,1,20270805,1,20270806,1,20270809,1,20270810,1,20270811,1,20270812,1,20270813,1,20270816,1,20270817,1,20270818,1,20270819,1,20270820,1,20270823,1,20270824,1,20270825,1,20270826,1,20270827,1,20270830,1,20270831,1,20270901,1,20270902,1,20270903,1,20270906,1,20270907,1,20270908,1,20270909,1,20270910,1,20270913,1,20270914,1,20270915,1,20270916,1,20270917,1,20270920,1,20270921,1,20270922,1,20270923,1,20270924,1,20270927,1,20270928,1,20270929,1,20270930,1,20271001,1,20271004,1,20271005,1,20271006,1,20271007,1,20271008,1,20271011,1,20271012,1,20271013,1,20271014,1,20271015,1,20271018,1,20271019,1,20271020,1,20271021,1,20271022,1,20271025,1,20271026,1,20271027,1,20271028,1,20271029,1,20271101,1,20271102,1,20271103,1,20271104,1,20271105,1,20271108,1,20271109,1,20271110,1,20271111,1,20271112,1,20271115,1,20271116,1,20271117,1,20271118,1,20271119,1,20271122,1,20271123,1,20271124,1,20271125,1,20271126,1,20271129,1,20271130,1,20271201,1,20271202,1,20271203,1,20271206,1,20271207,1,20271208,1,20271209,1,20271210,1,20271213,1,20271214,1,20271215,1,20271216,1,20271217,1,20271220,1,20271221,1,20271222,1,20271223,1,20271224,1,20271227,1,20271228,1,20271229,1,20271230,1,20271231,1
'1444339',20261008,1,20261009,1,20261012,1,20261013,1,20261014,1,20261015,1,20261016,1,20261019,1,20261020,1,20261021,1,20261022,1,20261023,1,20261026,1,20261027,1,20261028,1,20261029,1,20261030,1,20261102,1,20261103,1,20261104,1,20261105,1,20261106,1,20261109,1,20261110,1,20261111,1,20261112,1,20261113,1,20261116,1,20261117,1,20261118,1,20261119,1,20261120,1,20261123,1,20261124,1,20261125,1,20261126,1,20261127,1,20261130,1,20261201,1,20261202,1,20261203,1,20261204,1,20261207,1,20261208,1,20261209,1,20261210,1,20261211,1,20261214,1,20261215,1,20261216,1,20261217,1,20261218,1,20261221,1,20261222,1,20261223,1,20261224,1,20261225,1,20261228,1,20261229,1,20261230,1,20261231,1,20270101,1,20270104,1,20270105,1,20270106,1,20270107,1,20270108,1,20270111,1,20270112,1,20270113,1,20270114,1,20270115,1,20270118,1,20270119,1,20270120,1,20270121,1,20270122,1,20270125,1,20270126,1,20270127,1,20270128,1,20270129,1,20270201,1,20270202,1,20270203,1,20270204,1,20270205,1,20270208,1,20270209,1,20270210,1,20270211,1,20270212,1,20270215,1,20270216,1,20270217,1,20270218,1,20270219,1,20270222,1,20270223,1,20270224,1,20270225,1,20270226,1,20270301,1,20270302,1,20270303,1,20270304,1,20270305,1,20270308,1,20270309,1,20270310,1,20270311,1,20270312,1,20270315,1,20270316,1,20270317,1,20270318,1,20270319,1,20270322,1,20270323,1,20270324,1,20270325,1,20270326,1,20270329,1,20270330,1,20270331,1,20270401,1,20270402,1,20270405,1,20270406,1,20270407,1,20270408,1,20270409,1,20270412,1,20270413,1,20270414,1,20270415,1,20270416,1,20270419,1,20270420,1,20270421,1,20270422,1,20270423,1,20270426,1,20270427,1,20270428,1,20270429,1,20270430,1,20270503,1,20270504,1,20270505,1,20270506,1,20270507,1,20270510,1,20270511,1,20270512,1,20270513,1,20270514,1,20270517,1,20270518,1,20270519,1,20270520,1,20270521,1,20270524,1,20270525,1,20270526,1,20270527,1,20270528,1,20270531,1,20270601,1,20270602,1,20270603,1,20270604,1,20270607,1,20270608,1,20270609,1,20270610,1,20270611,1,20270614,1,20270615,1,20270616,1,20270617,1,20270618,1,20270621,1,20270622,1,20270623,1,20270624,1,20270625,1,20270628,1,20270629,1,20270630,1,20270701,1,20270702,1,20270705,1,20270706,1,20270707,1,20270708,1,20270709,1,20270712,1,20270713,1,20270714,1,20270715,1,20270716,1,20270719,1,20270720,1,20270721,1,20270722,1,20270723,1,20270726,1,20270727,1,20270728,1,20270729,1,20270730,1,20270802,1,20270803,1,20270804,1,20270805,1,20270806,1,20270809,1,20270810,1,20270811,1,20270812,1,20270813,1,20270816,1,20270817,1,20270818,1,20270819,1,20270820,1,20270823,1,20270824,1,20270825,1,20270826,1,20270827,1,20270830,1,20270831,1,20270901,1,20270902,1,20270903,1,20270906,1,20270907,1,20270908,1,20270909,1,20270910,1,20270913,1,20270914,1,20270915,1,20270916,1,20270917,1,20270920,1,20270921,1,20270922,1,20270923,1,20270924,1,20270927,1,20270928,1,20270929,1,20270930,1,20271001,1,20271004,1,20271005,1,20271006,1,20271007,1,20271008,1,20271011,1,20271012,1,20271013,1,20271014,1,20271015,1,20271018,1,20271019,1,20271020,1,20271021,1,20271022,1,20271025,1,20271026,1,20271027,1,20271028,1,20271029,1,20271101,1,20271102,1,20271103,1,20271104,1,20271105,1,20271108,1,20271109,1,20271110,1,20271111,1,20271112,1,20271115,1,20271116,1,20271117,1,20271118,1,20271119,1,20271122,1,20271123,1,20271124,1,20271125,1,20271126,1,20271129,1,20271130,1,20271201,1,20271202,1,20271203,1,20271206,1,20271207,1,20271208,1,20271209,1,20271210,1,20271213,1,20271214,1,20271215,1,20271216,1,20271217,1,20271220,1,20271221,1,20271222,1,20271223,1,20271224,1,20271227,1,20271228,1,20271229,1,20271230,1,20271231,1
'1444435',20261010,1,20261011,1,20261017,1,20261018,1,20261024,1,20261025,1,20261031,1,20261101,1,20261107,1,20261108,1,20261114,1,20261115,1,20261121,1,20261122,1,20261128,1,20261129,1,20261205,1,20261206,1,20261212,1,20261213,1,20261219,1,20261220,1,20261226,1,20261227,1,20270102,1,20270103,1,20270109,1,20270110,1,20270116,1,20270117,1,20270123,1,20270124,1,20270130,1,20270131,1,20270206,1,20270207,1,20270213,1,20270214,1,20270220,1,20270221,1,20270227,1,20270228,1,20270306,1,20270307,1,20270313,1,20270314,1,20270320,1,20270321,1,20270327,1,20270328,1,20270403,1,20270404,1,20270410,1,20270411,1,20270417,1,20270418,1,20270424,1,20270425,1,20270501,1,20270502,1,20270508,1,20270509,1,20270515,1,20270516,1,20270522,1,20270523,1,20270529,1,20270530,1,20270605,1,20270606,1,20270612,1,20270613,1,20270619,1,20270620,1,20270626,1,20270627,1,20270703,1,20270704,1,20270710,1,20270711,1,20270717,1,20270718,1,20270724,1,20270725,1,20270731,1,20270801,1,20270807,1,20270808,1,20270814,1,20270815,1,20270821,1,20270822,1,20270828,1,20270829,1,20270904,1,20270905,1,20270911,1,20270912,1,20270918,1,20270919,1,20270925,1,20270926,1,20271002,1,20271003,1,20271009,1,20271010,1,20271016,1,20271017,1,20271023,1,20271024,1,20271030,1,20271031,1,20271106,1,20271107,1,20271113,1,20271114,1,20271120,1,20271121,1,20271127,1,20271128,1,20271204,1,20271205,1,20271211,1,20271212,1,20271218,1,20271219,1,20271225,1,20271226,1,20280101,1
'1444467',20261008,1,20261009,1,20261012,1,20261013,1,20261014,1,20261015,1,20261016,1,20261019,1,20261020,1,20261021,1,20261022,1,20261023,1,20261026,1,20261027,1,20261028,1,20261029,1,20261030,1,20261102,1,20261103,1,20261104,1,20261105,1,20261106,1,20261109,1,20261110,1,20261111,1,20261112,1,20261113,1,20261116,1,20261117,1,20261118,1,20261119,1,20261120,1,20261123,1,20261124,1,20261125,1,20261126,1,20261127,1,20261130,1,20261201,1,20261202,1,20261203,1,20261204,1,20261207,1,20261208,1,20261209,1,20261210,1,20261211,1,20261214,1,20261215,1,20261216,1,20261217,1,20261218,1,20261221,1,20261222,1,20261223,1,20261224,1,20261225,1,20261228,1,20261229,1,20261230,1,20261231,1,20270101,1,20270104,1,20270105,1,20270106,1,20270107,1,20270108,1,20270111,1,20270112,1,20270113,1,20270114,1,20270115,1,20270118,1,20270119,1,20270120,1,20270121,1,20270122,1,20270125,1,20270126,1,20270127,1,20270128,1,20270129,1,20270201,1,20270202,1,20270203,1,20270204,1,20270205,1,20270208,1,20270209,1,20270210,1,20270211,1,20270212,1,20270215,1,20270216,1,20270217,1,20270218,1,20270219,1,20270222,1,20270223,1,20270224,1,20270225,1,20270226,1,20270301,1,20270302,1,20270303,1,20270304,1,20270305,1,20270308,1,20270309,1,20270310,1,20270311,1,20270312,1,20270315,1,20270316,1,20270317,1,20270318,1,20270319,1,20270322,1,20270323,1,20270324,1,20270325,1,20270326,1,20270329,1,20270330,1,20270331,1,20270401,1,20270402,1,20270405,1,20270406,1,20270407,1,20270408,1,20270409,1,20270412,1,20270413,1,20270414,1,20270415,1,20270416,1,20270419,1,20270420,1,20270421,1,20270422,1,20270423,1,20270426,1,20270427,1,20270428,1,20270429,1,20270430,1,20270503,1,20270504,1,20270505,1,20270506,1,20270507,1,20270510,1,20270511,1,20270512,1,20270513,1,20270514,1,20270517,1,20270518,1,20270519,1,20270520,1,20270521,1,20270524,1,20270525,1,20270526,1,20270527,1,20270528,1,20270531,1,20270601,1,20270602,1,20270603,1,20270604,1,20270607,1,20270608,1,20270609,1,20270610,1,20270611,1,20270614,1,20270615,1,20270616,1,20270617,1,20270618,1,20270621,1,20270622,1,20270623,1,20270624,1,20270625,1,20270628,1,20270629,1,20270630,1,20270701,1,20270702,1,20270705,1,20270706,1,20270707,1,20270708,1,20270709,1,20270712,1,20270713,1,20270714,1,20270715,1,20270716,1,20270719,1,20270720,1,20270721,1,20270722,1,20270723,1,20270726,1,20270727,1,20270728,1,20270729,1,20270730,1,20270802,1,20270803,1,20270804,1,20270805,1,20270806,1,20270809,1,20270810,1,20270811,1,20270812,1,20270813,1,20270816,1,20270817,1,20270818,1,20270819,1,20270820,1,20270823,1,20270824,1,20270825,1,20270826,1,20270827,1,20270830,1,20270831,1,20270901,1,20270902,1,20270903,1,20270906,1,20270907,1,20270908,1,20270909,1,20270910,1,20270913,1,20270914,1,20270915,1,20270916,1,20270917,1,20270920,1,20270921,1,20270922,1,20270923,1,20270924,1,20270927,1,20270928,1,20270929,1,20270930,1,20271001,1,20271004,1,20271005,1,20271006,1,20271007,1,20271008,1,20271011,1,20271012,1,20271013,1,20271014,1,20271015,1,20271018,1,20271019,1,20271020,1,20271021,1,20271022,1,20271025,1,20271026,1,20271027,1,20271028,1,20271029,1,20271101,1,20271102,1,20271103,1,20271104,1,20271105,1,20271108,1,20271109,1,20271110,1,20271111,1,20271112,1,20271115,1,20271116,1,20271117,1,20271118,1,20271119,1,20271122,1,20271123,1,20271124,1,20271125,1,20271126,1,20271129,1,20271130,1,20271201,1,20271202,1,20271203,1,20271206,1,20271207,1,20271208,1,20271209,1,20271210,1,20271213,1,20271214,1,20271215,1,20271216,1,20271217,1,20271220,1,20271221,1,20271222,1,20271223,1,20271224,1,20271227,1,20271228,1,20271229,1,20271230,1,20271231,1
'1444493',20261008,1,20261009,1,20261012,1,20261013,1,20261014,1,20261015,1,20261016,1,20261019,1,20261020,1,20261021,1,20261022,1,20261023,1,20261026,1,20261027,1,20261028,1,20261029,1,20261030,1,20261102,1,20261103,1,20261104,1,20261105,1,20261106,1,20261109,1,20261110,1,20261111,1,20261112,1,20261113,1,20261116,1,20261117,1,20261118,1,20261119,1,20261120,1,20261123,1,20261124,1,20261125,1,20261126,1,20261127,1,20261130,1,20261201,1,20261202,1,20261203,1,20261204,1,20261207,1,20261208,1,20261209,1,20261210,1,20261211,1,20261214,1,20261215,1,20261216,1,20261217,1,20261218,1,20261221,1,20261222,1,20261223,1,20261224,1,20261225,1,20261228,1,20261229,1,20261230,1,20261231,1,20270101,1,20270104,1,20270105,1,20270106,1,20270107,1,20270108,1,20270111,1,20270112,1,20270113,1,20270114,1,20270115,1,20270118,1,20270119,1,20270120,1,20270121,1,20270122,1,20270125,1,20270126,1,20270127,1,20270128,1,20270129,1,20270201,1,20270202,1,20270203,1,20270204,1,20270205,1,20270208,1,20270209,1,20270210,1,20270211,1,20270212,1,20270215,1,20270216,1,20270217,1,20270218,1,20270219,1,20270222,1,20270223,1,20270224,1,20270225,1,20270226,1,20270301,1,20270302,1,20270303,1,20270304,1,20270305,1,20270308,1,20270309,1,20270310,1,20270311,1,20270312,1,20270315,1,20270316,1,20270317,1,20270318,1,20270319,1,20270322,1,20270323,1,20270324,1,20270325,1,20270326,1,20270329,1,20270330,1,20270331,1,20270401,1,20270402,1,20270405,1,20270406,1,20270407,1,20270408,1,20270409,1,20270412,1,20270413,1,20270414,1,20270415,1,20270416,1,20270419,1,20270420,1,20270421,1,20270422,1,20270423,1,20270426,1,20270427,1,20270428,1,20270429,1,20270430,1,20270503,1,20270504,1,20270505,1,20270506,1,20270507,1,20270510,1,20270511,1,20270512,1,20270513,1,20270514,1,20270517,1,20270518,1,20270519,1,20270520,1,20270521,1,20270524,1,20270525,1,20270526,1,20270527,1,20270528,1,20270531,1,20270601,1,20270602,1,20270603,1,20270604,1,20270607,1,20270608,1,20270609,1,20270610,1,20270611,1,20270614,1,20270615,1,20270616,1,20270617,1,20270618,1,20270621,1,20270622,1,20270623,1,20270624,1,20270625,1,20270628,1,20270629,1,20270630,1,20270701,1,20270702,1,20270705,1,20270706,1,20270707,1,20270708,1,20270709,1,20270712,1,20270713,1,20270714,1,20270715,1,20270716,1,20270719,1,20270720,1,20270721,1,20270722,1,20270723,1,20270726,1,20270727,1,20270728,1,20270729,1,20270730,1,20270802,1,20270803,1,20270804,1,20270805,1,20270806,1,20270809,1,20270810,1,20270811,1,20270812,1,20270813,1,20270816,1,20270817,1,20270818,1,20270819,1,20270820,1,20270823,1,20270824,1,20270825,1,20270826,1,20270827,1,20270830,1,20270831,1,20270901,1,20270902,1,20270903,1,20270906,1,20270907,1,20270908,1,20270909,1,20270910,1,20270913,1,20270914,1,20270915,1,20270916,1,20270917,1,20270920,1,20270921,1,20270922,1,20270923,1,20270924,1,20270927,1,20270928,1,20270929,1,20270930,1,20271001,1,20271004,1,20271005,1,20271006,1,20271007,1,20271008,1,20271011,1,20271012,1,20271013,1,20271014,1,20271015,1,20271018,1,20271019,1,20271020,1,20271021,1,20271022,1,20271025,1,20271026,1,20271027,1,20271028,1,20271029,1,20271101,1,20271102,1,20271103,1,20271104,1,20271105,1,20271108,1,20271109,1,20271110,1,20271111,1,20271112,1,20271115,1,20271116,1,20271117,1,20271118,1,20271119,1,20271122,1,20271123,1,20271124,1,20271125,1,20271126,1,20271129,1,20271130,1,20271201,1,20271202,1,20271203,1,20271206,1,20271207,1,20271208,1,20271209,1,20271210,1,20271213,1,20271214,1,20271215,1,20271216,1,20271217,1,20271220,1,20271221,1,20271222,1,20271223,1,20271224,1,20271227,1,20271228,1,20271229,1,20271230,1,20271231,1
'1444530',20261008,1,20261009,1,20261012,1,20261013,1,20261014,1,20261015,1,20261016,1,20261019,1,20261020,1,20261021,1,20261022,1,20261023,1,20261026,1,20261027,1,20261028,1,20261029,1,20261030,1,20261102,1,20261103,1,20261104,1,20261105,1,20261106,1,20261109,1,20261110,1,20261111,1,20261112,1,20261113,1,20261116,1,20261117,1,20261118,1,20261119,1,20261120,1,20261123,1,20261124,1,20261125,1,20261126,1,20261127,1,20261130,1,20261201,1,20261202,1,20261203,1,20261204,1,20261207,1,20261208,1,20261209,1,20261210,1,20261211,1,20261214,1,20261215,1,20261216,1,20261217,1,20261218,1,20261221,1,20261222,1,20261223,1,20261224,1,20261225,1,20261228,1,20261229,1,20261230,1,20261231,1,20270101,1,20270104,1,20270105,1,20270106,1,20270107,1,20270108,1,20270111,1,20270112,1,20270113,1,20270114,1,20270115,1,20270118,1,20270119,1,20270120,1,20270121,1,20270122,1,20270125,1,20270126,1,20270127,1,20270128,1,20270129,1,20270201,1,20270202,1,20270203,1,20270204,1,20270205,1,20270208,1,20270209,1,20270210,1,20270211,1,20270212,1,20270215,1,20270216,1,20270217,1,20270218,1,20270219,1,20270222,1,20270223,1,20270224,1,20270225,1,20270226,1,20270301,1,20270302,1,20270303,1,20270304,1,20270305,1,20270308,1,20270309,1,20270310,1,20270311,1,20270312,1,20270315,1,20270316,1,20270317,1,20270318,1,20270319,1,20270322,1,20270323,1,20270324,1,20270325,1,20270326,1,20270329,1,20270330,1,20270331,1,20270401,1,20270402,1,20270405,1,20270406,1,20270407,1,20270408,1,20270409,1,20270412,1,20270413,1,20270414,1,20270415,1,20270416,1,20270419,1,20270420,1,20270421,1,20270422,1,20270423,1,20270426,1,20270427,1,20270428,1,20270429,1,20270430,1,20270503,1,20270504,1,20270505,1,20270506,1,20270507,1,20270510,1,20270511,1,20270512,1,20270513,1,20270514,1,20270517,1,20270518,1,20270519,1,20270520,1,20270521,1,20270524,1,20270525,1,20270526,1,20270527,1,20270528,1,20270531,1,20270601,1,20270602,1,20270603,1,20270604,1,20270607,1,20270608,1,20270609,1,20270610,1,20270611,1,20270614,1,20270615,1,20270616,1,20270617,1,20270618,1,20270621,1,20270622,1,20270623,1,20270624,1,20270625,1,20270628,1,20270629,1,20270630,1,20270701,1,20270702,1,20270705,1,20270706,1,20270707,1,20270708,1,20270709,1,20270712,1,20270713,1,20270714,1,20270715,1,20270716,1,20270719,1,20270720,1,20270721,1,20270722,1,20270723,1,20270726,1,20270727,1,20270728,1,20270729,1,20270730,1,20270802,1,20270803,1,20270804,1,20270805,1,20270806,1,20270809,1,20270810,1,20270811,1,20270812,1,20270813,1,20270816,1,20270817,1,20270818,1,20270819,1,20270820,1,20270823,1,20270824,1,20270825,1,20270826,1,20270827,1,20270830,1,20270831,1,20270901,1,20270902,1,20270903,1,20270906,1,20270907,1,20270908,1,20270909,1,20270910,1,20270913,1,20270914,1,20270915,1,20270916,1,20270917,1,20270920,1,20270921,1,20270922,1,20270923,1,20270924,1,20270927,1,20270928,1,20270929,1,20270930,1,20271001,1,20271004,1,20271005,1,20271006,1,20271007,1,20271008,1,20271011,1,20271012,1,20271013,1,20271014,1,20271015,1,20271018,1,20271019,1,20271020,1,20271021,1,20271022,1,20271025,1,20271026,1,20271027,1,20271028,1,20271029,1,20271101,1,20271102,1,20271103,1,20271104,1,20271105,1,20271108,1,20271109,1,20271110,1,20271111,1,20271112,1,20271115,1,20271116,1,20271117,1,20271118,1,20271119,1,20271122,1,20271123,1,20271124,1,20271125,1,20271126,1,20271129,1,20271130,1,20271201,1,20271202,1,20271203,1,20271206,1,20271207,1,20271208,1,20271209,1,20271210,1,20271213,1,20271214,1,20271215,1,20271216,1,20271217,1,20271220,1,20271221,1,20271222,1,20271223,1,20271224,1,20271227,1,20271228,1,20271229,1,20271230,1,20271231,1
'1444556',20261008,1,20261009,1,20261012,1,20261013,1,20261014,1,20261015,1,20261016,1,20261019,1,20261020,1,20261021,1,20261022,1,20261023,1,20261026,1,20261027,1,20261028,1,20261029,1,20261030,1,20261102,1,20261103,1,20261104,1,20261105,1,20261106,1,20261109,1,20261110,1,20261111,1,20261112,1,20261113,1,20261116,1,20261117,1,20261118,1,20261119,1,20261120,1,20261123,1,20261124,1,20261125,1,20261126,1,20261127,1,20261130,1,20261201,1,20261202,1,20261203,1,20261204,1,20261207,1,20261208,1,20261209,1,20261210,1,20261211,1,20261214,1,20261215,1,20261216,1,20261217,1,20261218,1,20261221,1,20261222,1,20261223,1,20261224,1,20261225,1,20261228,1,20261229,1,20261230,1,20261231,1,20270101,1,20270104,1,20270105,1,20270106,1,20270107,1,20270108,1,20270111,1,20270112,1,20270113,1,20270114,1,20270115,1,20270118,1,20270119,1,20270120,1,20270121,1,20270122,1,20270125,1,20270126,1,20270127,1,20270128,1,20270129,1,20270201,1,20270202,1,20270203,1,20270204,1,20270205,1,20270208,1,20270209,1,20270210,1,20270211,1,20270212,1,20270215,1,20270216,1,20270217,1,20270218,1,20270219,1,20270222,1,20270223,1,20270224,1,20270225,1,20270226,1,20270301,1,20270302,1,20270303,1,20270304,1,20270305,1,20270308,1,20270309,1,20270310,1,20270311,1,20270312,1,20270315,1,20270316,1,20270317,1,20270318,1,20270319,1,20270322,1,20270323,1,20270324,1,20270325,1,20270326,1,20270329,1,20270330,1,20270331,1,20270401,1,20270402,1,20270405,1,20270406,1,20270407,1,20270408,1,20270409,1,20270412,1,20270413,1,20270414,1,20270415,1,20270416,1,20270419,1,20270420,1,20270421,1,20270422,1,20270423,1,20270426,1,20270427,1,20270428,1,20270429,1,20270430,1,20270503,1,20270504,1,20270505,1,20270506,1,20270507,1,20270510,1,20270511,1,20270512,1,20270513,1,20270514,1,20270517,1,20270518,1,20270519,1,20270520,1,20270521,1,20270524,1,20270525,1,20270526,1,20270527,1,20270528,1,20270531,1,20270601,1,20270602,1,20270603,1,20270604,1,20270607,1,20270608,1,20270609,1,20270610,1,20270611,1,20270614,1,20270615,1,20270616,1,20270617,1,20270618,1,20270621,1,20270622,1,20270623,1,20270624,1,20270625,1,20270628,1,20270629,1,20270630,1,20270701,1,20270702,1,20270705,1,20270706,1,20270707,1,20270708,1,20270709,1,20270712,1,20270713,1,20270714,1,20270715,1,20270716,1,20270719,1,20270720,1,20270721,1,20270722,1,20270723,1,20270726,1,20270727,1,20270728,1,20270729,1,20270730,1,20270802,1,20270803,1,20270804,1,20270805,1,20270806,1,20270809,1,20270810,1,20270811,1,20270812,1,20270813,1,20270816,1,20270817,1,20270818,1,20270819,1,20270820,1,20270823,1,20270824,1,20270825,1,20270826,1,20270827,1,20270830,1,20270831,1,20270901,1,20270902,1,20270903,1,20270906,1,20270907,1,20270908,1,20270909,1,20270910,1,20270913,1,20270914,1,20270915,1,20270916,1,20270917,1,20270920,1,20270921,1,20270922,1,20270923,1,20270924,1,20270927,1,20270928,1,20270929,1,20270930,1,20271001,1,20271004,1,20271005,1,20271006,1,20271007,1,20271008,1,20271011,1,20271012,1,20271013,1,20271014,1,20271015,1,20271018,1,20271019,1,20271020,1,20271021,1,20271022,1,20271025,1,20271026,1,20271027,1,20271028,1,20271029,1,20271101,1,20271102,1,20271103,1,20271104,1,20271105,1,20271108,1,20271109,1,20271110,1,20271111,1,20271112,1,20271115,1,20271116,1,20271117,1,20271118,1,20271119,1,20271122,1,20271123,1,20271124,1,20271125,1,20271126,1,20271129,1,20271130,1,20271201,1,20271202,1,20271203,1,20271206,1,20271207,1,20271208,1,20271209,1,20271210,1,20271213,1,20271214,1,20271215,1,20271216,1,20271217,1,20271220,1,20271221,1,20271222,1,20271223,1,20271224,1,20271227,1,20271228,1,20271229,1,20271230,1,20271231,1
'1444662',20261008,1,20261009,1,20261012,1,20261013,1,20261014,1,20261015,1,20261016,1,20261019,1,20261020,1,20261021,1,20261022,1,20261023,1,20261026,1,20261027,1,20261028,1,20261029,1,20261030,1,20261102,1,20261103,1,20261104,1,20261105,1,20261106,1,20261109,1,20261110,1,20261111,1,20261112,1,20261113,1,20261116,1,20261117,1,20261118,1,20261119,1,20261120,1,20261123,1,20261124,1,20261125,1,20261126,1,20261127,1,20261130,1,20261201,1,20261202,1,20261203,1,20261204,1,20261207,1,20261208,1,20261209,1,20261210,1,20261211,1,20261214,1,20261215,1,20261216,1,20261217,1,20261218,1,20261221,1,20261222,1,20261223,1,20261224,1,20261225,1,20261228,1,20261229,1,20261230,1,20261231,1,20270101,1,20270104,1,20270105,1,20270106,1,20270107,1,20270108,1,20270111,1,20270112,1,20270113,1,20270114,1,20270115,1,20270118,1,20270119,1,20270120,1,20270121,1,20270122,1,20270125,1,20270126,1,20270127,1,20270128,1,20270129,1,20270201,1,20270202,1,20270203,1,20270204,1,20270205,1,20270208,1,20270209,1,20270210,1,20270211,1,20270212,1,20270215,1,20270216,1,20270217,1,20270218,1,20270219,1,20270222,1,20270223,1,20270224,1,20270225,1,20270226,1,20270301,1,20270302,1,20270303,1,20270304,1,20270305,1,20270308,1,20270309,1,20270310,1,20270311,1,20270312,1,20270315,1,20270316,1,20270317,1,20270318,1,20270319,1,20270322,1,20270323,1,20270324,1,20270325,1,20270326,1,20270329,1,20270330,1,20270331,1,20270401,1,20270402,1,20270405,1,20270406,1,20270407,1,20270408,1,20270409,1,20270412,1,20270413,1,20270414,1,20270415,1,20270416,1,20270419,1,20270420,1,20270421,1,20270422,1,20270423,1,20270426,1,20270427,1,20270428,1,20270429,1,20270430,1,20270503,1,20270504,1,20270505,1,20270506,1,20270507,1,20270510,1,20270511,1,20270512,1,20270513,1,20270514,1,20270517,1,20270518,1,20270519,1,20270520,1,20270521,1,20270524,1,20270525,1,20270526,1,20270527,1,20270528,1,20270531,1,20270601,1,20270602,1,20270603,1,20270604,1,20270607,1,20270608,1,20270609,1,20270610,1,20270611,1,20270614,1,20270615,1,20270616,1,20270617,1,20270618,1,20270621,1,20270622,1,20270623,1,20270624,1,20270625,1,20270628,1,20270629,1,20270630,1,20270701,1,20270702,1,20270705,1,20270706,1,20270707,1,20270708,1,20270709,1,20270712,1,20270713,1,20270714,1,20270715,1,20270716,1,20270719,1,20270720,1,20270721,1,20270722,1,20270723,1,20270726,1,20270727,1,20270728,1,20270729,1,20270730,1,20270802,1,20270803,1,20270804,1,20270805,1,20270806,1,20270809,1,20270810,1,20270811,1,20270812,1,20270813,1,20270816,1,20270817,1,20270818,1,20270819,1,20270820,1,20270823,1,20270824,1,20270825,1,20270826,1,20270827,1,20270830,1,20270831,1,20270901,1,20270902,1,20270903,1,20270906,1,20270907,1,20270908,1,20270909,1,20270910,1,20270913,1,20270914,1,20270915,1,20270916,1,20270917,1,20270920,1,20270921,1,20270922,1,20270923,1,20270924,1,20270927,1,20270928,1,20270929,1,20270930,1,20271001,1,20271004,1,20271005,1,20271006,1,20271007,1,20271008,1,20271011,1,20271012,1,20271013,1,20271014,1,20271015,1,20271018,1,20271019,1,20271020,1,20271021,1,20271022,1,20271025,1,20271026,1,20271027,1,20271028,1,20271029,1,20271101,1,20271102,1,20271103,1,20271104,1,20271105,1,20271108,1,20271109,1,20271110,1,20271111,1,20271112,1,20271115,1,20271116,1,20271117,1,20271118,1,20271119,1,20271122,1,20271123,1,20271124,1,20271125,1,20271126,1,20271129,1,20271130,1,20271201,1,20271202,1,20271203,1,20271206,1,20271207,1,20271208,1,20271209,1,20271210,1,20271213,1,20271214,1,20271215,1,20271216,1,20271217,1,20271220,1,20271221,1,20271222,1,20271223,1,20271224,1,20271227,1,20271228,1,20271229,1,20271230,1,20271231,1
'1444706',20261008,1,20261009,1,20261012,1,20261013,1,20261014,1,20261015,1,20261016,1,20261019,1,20261020,1,20261021,1,20261022,1,20261023,1,20261026,1,20261027,1,20261028,1,20261029,1,20261030,1,20261102,1,20261103,1,20261104,1,20261105,1,20261106,1,20261109,1,20261110,1,20261111,1,20261112,1,20261113,1,20261116,1,20261117,1,20261118,1,20261119,1,20261120,1,20261123,1,20261124,1,20261125,1,20261126,1,20261127,1,20261130,1,20261201,1,20261202,1,20261203,1,20261204,1,20261207,1,20261208,1,20261209,1,20261210,1,20261211,1,20261214,1,20261215,1,20261216,1,20261217,1,20261218,1,20261221,1,20261222,1,20261223,1,20261224,1,20261225,1,20261228,1,20261229,1,20261230,1,20261231,1,20270101,1,20270104,1,20270105,1,20270106,1,20270107,1,20270108,1,20270111,1,20270112,1,20270113,1,20270114,1,20270115,1,20270118,1,20270119,1,20270120,1,20270121,1,20270122,1,20270125,1,20270126,1,20270127,1,20270128,1,20270129,1,20270201,1,20270202,1,20270203,1,20270204,1,20270205,1,20270208,1,20270209,1,20270210,1,20270211,1,20270212,1,20270215,1,20270216,1,20270217,1,20270218,1,20270219,1,20270222,1,20270223,1,20270224,1,20270225,1,20270226,1,20270301,1,20270302,1,20270303,1,20270304,1,20270305,1,20270308,1,20270309,1,20270310,1,20270311,1,20270312,1,20270315,1,20270316,1,20270317,1,20270318,1,20270319,1,20270322,1,20270323,1,20270324,1,20270325,1,20270326,1,20270329,1,20270330,1,20270331,1,20270401,1,20270402,1,20270405,1,20270406,1,20270407,1,20270408,1,20270409,1,20270412,1,20270413,1,20270414,1,20270415,1,20270416,1,20270419,1,20270420,1,20270421,1,20270422,1,20270423,1,20270426,1,20270427,1,20270428,1,20270429,1,20270430,1,20270503,1,20270504,1,20270505,1,20270506,1,20270507,1,20270510,1,20270511,1,20270512,1,20270513,1,20270514,1,20270517,1,20270518,1,20270519,1,20270520,1,20270521,1,20270524,1,20270525,1,20270526,1,20270527,1,20270528,1,20270531,1,20270601,1,20270602,1,20270603,1,20270604,1,20270607,1,20270608,1,20270609,1,20270610,1,20270611,1,20270614,1,20270615,1,20270616,1,20270617,1,20270618,1,20270621,1,20270622,1,20270623,1,20270624,1,20270625,1,20270628,1,20270629,1,20270630,1,20270701,1,20270702,1,20270705,1,20270706,1,20270707,1,20270708,1,20270709,1,20270712,1,20270713,1,20270714,1,20270715,1,20270716,1,20270719,1,20270720,1,20270721,1,20270722,1,20270723,1,20270726,1,20270727,1,20270728,1,20270729,1,20270730,1,20270802,1,20270803,1,20270804,1,20270805,1,20270806,1,20270809,1,20270810,1,20270811,1,20270812,1,20270813,1,20270816,1,20270817,1,20270818,1,20270819,1,20270820,1,20270823,1,20270824,1,20270825,1,20270826,1,20270827,1,20270830,1,20270831,1,20270901,1,20270902,1,20270903,1,20270906,1,20270907,1,20270908,1,20270909,1,20270910,1,20270913,1,20270914,1,20270915,1,20270916,1,20270917,1,20270920,1,20270921,1,20270922,1,20270923,1,20270924,1,20270927,1,20270928,1,20270929,1,20270930,1,20271001,1,20271004,1,20271005,1,20271006,1,20271007,1,20271008,1,20271011,1,20271012,1,20271013,1,20271014,1,20271015,1,20271018,1,20271019,1,20271020,1,20271021,1,20271022,1,20271025,1,20271026,1,20271027,1,20271028,1,20271029,1,20271101,1,20271102,1,20271103,1,20271104,1,20271105,1,20271108,1,20271109,1,20271110,1,20271111,1,20271112,1,20271115,1,20271116,1,20271117,1,20271118,1,20271119,1,20271122,1,20271123,1,20271124,1,20271125,1,20271126,1,20271129,1,20271130,1,20271201,1,20271202,1,20271203,1,20271206,1,20271207,1,20271208,1,20271209,1,20271210,1,20271213,1,20271214,1,20271215,1,20271216,1,20271217,1,20271220,1,20271221,1,20271222,1,20271223,1,20271224,1,20271227,1,20271228,1,20271229,1,20271230,1,20271231,1
'1450170',20261010,1,20261011,1,20261017,1,20261018,1,20261024,1,20261025,1,20261031,1,20261101,1,20261107,1,20261108,1,20261114,1,20261115,1,20261121,1,20261122,1,20261128,1,20261129,1,20261205,1,20261206,1,20261212,1,20261213,1,20261219,1,20261220,1,20261226,1,20261227,1,20270102,1,20270103,1,20270109,1,20270110,1,20270116,1,20270117,1,20270123,1,20270124,1,20270130,1,20270131,1,20270206,1,20270207,1,20270213,1,20270214,1,20270220,1,20270221,1,20270227,1,20270228,1,20270306,1,20270307,1,20270313,1,20270314,1,20270320,1,20270321,1,20270327,1,20270328,1,20270403,1,20270404,1,20270410,1,20270411,1,20270417,1,20270418,1,20270424,1,20270425,1,20270501,1,20270502,1,20270508,1,20270509,1,20270515,1,20270516,1,20270522,1,20270523,1,20270529,1,20270530,1,20270605,1,20270606,1,20270612,1,20270613,1,20270619,1,20270620,1,20270626,1,20270627,1,20270703,1,20270704,1,20270710,1,20270711,1,20270717,1,20270718,1,20270724,1,20270725,1,20270731,1,20270801,1,20270807,1,20270808,1,20270814,1,20270815,1,20270821,1,20270822,1,20270828,1,20270829,1,20270904,1,20270905,1,20270911,1,20270912,1,20270918,1,20270919,1,20270925,1,20270926,1,20271002,1,20271003,1,20271009,1,20271010,1,20271016,1,20271017,1,20271023,1,20271024,1,20271030,1,20271031,1,20271106,1,20271107,1,20271113,1,20271114,1,20271120,1,20271121,1,20271127,1,20271128,1,20271204,1,20271205,1,20271211,1,20271212,1,20271218,1,20271219,1,20271225,1,20271226,1,20280101,1
'1450248',20261008,1,20261009,1,20261012,1,20261013,1,20261014,1,20261015,1,20261016,1,20261019,1,20261020,1,20261021,1,20261022,1,20261023,1,20261026,1,20261027,1,20261028,1,20261029,1,20261030,1,20261102,1,20261103,1,20261104,1,20261105,1,20261106,1,20261109,1,20261110,1,20261111,1,20261112,1,20261113,1,20261116,1,20261117,1,20261118,1,20261119,1,20261120,1,20261123,1,20261124,1,20261125,1,20261126,1,20261127,1,20261130,1,20261201,1,20261202,1,20261203,1,20261204,1,20261207,1,20261208,1,20261209,1,20261210,1,20261211,1,20261214,1,20261215,1,20261216,1,20261217,1,20261218,1,20261221,1,20261222,1,20261223,1,20261224,1,20261225,1,20261228,1,20261229,1,20261230,1,20261231,1,20270101,1,20270104,1,20270105,1,20270106,1,20270107,1,20270108,1,20270111,1,20270112,1,20270113,1,20270114,1,20270115,1,20270118,1,20270119,1,20270120,1,20270121,1,20270122,1,20270125,1,20270126,1,20270127,1,20270128,1,20270129,1,20270201,1,20270202,1,20270203,1,20270204,1,20270205,1,20270208,1,20270209,1,20270210,1,20270211,1,20270212,1,20270215,1,20270216,1,20270217,1,20270218,1,20270219,1,20270222,1,20270223,1,20270224,1,20270225,1,20270226,1,20270301,1,20270302,1,20270303,1,20270304,1,20270305,1,20270308,1,20270309,1,20270310,1,20270311,1,20270312,1,20270315,1,20270316,1,20270317,1,20270318,1,20270319,1,20270322,1,20270323,1,20270324,1,20270325,1,20270326,1,20270329,1,20270330,1,20270331,1,20270401,1,20270402,1,20270405,1,20270406,1,20270407,1,20270408,1,20270409,1,20270412,1,20270413,1,20270414,1,20270415,1,20270416,1,20270419,1,20270420,1,20270421,1,20270422,1,20270423,1,20270426,1,20270427,1,20270428,1,20270429,1,20270430,1,20270503,1,20270504,1,20270505,1,20270506,1,20270507,1,20270510,1,20270511,1,20270512,1,20270513,1,20270514,1,20270517,1,20270518,1,20270519,1,20270520,1,20270521,1,20270524,1,20270525,1,20270526,1,20270527,1,20270528,1,20270531,1,20270601,1,20270602,1,20270603,1,20270604,1,20270607,1,20270608,1,20270609,1,20270610,1,20270611,1,20270614,1,20270615,1,20270616,1,20270617,1,20270618,1,20270621,1,20270622,1,20270623,1,20270624,1,20270625,1,20270628,1,20270629,1,20270630,1,20270701,1,20270702,1,20270705,1,20270706,1,20270707,1,20270708,1,20270709,1,20270712,1,20270713,1,20270714,1,20270715,1,20270716,1,20270719,1,20270720,1,20270721,1,20270722,1,20270723,1,20270726,1,20270727,1,20270728,1,20270729,1,20270730,1,20270802,1,20270803,1,20270804,1,20270805,1,20270806,1,20270809,1,20270810,1,20270811,1,20270812,1,20270813,1,20270816,1,20270817,1,20270818,1,20270819,1,20270820,1,20270823,1,20270824,1,20270825,1,20270826,1,20270827,1,20270830,1,20270831,1,20270901,1,20270902,1,20270903,1,20270906,1,20270907,1,20270908,1,20270909,1,20270910,1,20270913,1,20270914,1,20270915,1,20270916,1,20270917,1,20270920,1,20270921,1,20270922,1,20270923,1,20270924,1,20270927,1,20270928,1,20270929,1,20270930,1,20271001,1,20271004,1,20271005,1,20271006,1,20271007,1,20271008,1,20271011,1,20271012,1,20271013,1,20271014,1,20271015,1,20271018,1,20271019,1,20271020,1,20271021,1,20271022,1,20271025,1,20271026,1,20271027,1,20271028,1,20271029,1,20271101,1,20271102,1,20271103,1,20271104,1,20271105,1,20271108,1,20271109,1,20271110,1,20271111,1,20271112,1,20271115,1,20271116,1,20271117,1,20271118,1,20271119,1,20271122,1,20271123,1,20271124,1,20271125,1,20271126,1,20271129,1,20271130,1,20271201,1,20271202,1,20271203,1,20271206,1,20271207,1,20271208,1,20271209,1,20271210,1,20271213,1,20271214,1,20271215,1,20271216,1,20271217,1,20271220,1,20271221,1,20271222,1,20271223,1,20271224,1,20271227,1,20271228,1,20271229,1,20271230,1,20271231,1
'1450249',20261008,1,20261009,1,20261012,1,20261013,1,20261014,1,20261015,1,20261016,1,20261019,1,20261020,1,20261021,1,20261022,1,20261023,1,20261026,1,20261027,1,20261028,1,20261029,1,20261030,1,20261102,1,20261103,1,20261104,1,20261105,1,20261106,1,20261109,1,20261110,1,20261111,1,20261112,1,20261113,1,20261116,1,20261117,1,20261118,1,20261119,1,20261120,1,20261123,1,20261124,1,20261125,1,20261126,1,20261127,1,20261130,1,20261201,1,20261202,1,20261203,1,20261204,1,20261207,1,20261208,1,20261209,1,20261210,1,20261211,1,20261214,1,20261215,1,20261216,1,20261217,1,20261218,1,20261221,1,20261222,1,20261223,1,20261224,1,20261225,1,20261228,1,20261229,1,20261230,1,20261231,1,20270101,1,20270104,1,20270105,1,20270106,1,20270107,1,20270108,1,20270111,1,20270112,1,20270113,1,20270114,1,20270115,1,20270118,1,20270119,1,20270120,1,20270121,1,20270122,1,20270125,1,20270126,1,20270127,1,20270128,1,20270129,1,20270201,1,20270202,1,20270203,1,20270204,1,20270205,1,20270208,1,20270209,1,20270210,1,20270211,1,20270212,1,20270215,1,20270216,1,20270217,1,20270218,1,20270219,1,20270222,1,20270223,1,20270224,1,20270225,1,20270226,1,20270301,1,20270302,1,20270303,1,20270304,1,20270305,1,20270308,1,20270309,1,20270310,1,20270311,1,20270312,1,20270315,1,20270316,1,20270317,1,20270318,1,20270319,1,20270322,1,20270323,1,20270324,1,20270325,1,20270326,1,20270329,1,20270330,1,20270331,1,20270401,1,20270402,1,20270405,1,20270406,1,20270407,1,20270408,1,20270409,1,20270412,1,20270413,1,20270414,1,20270415,1,20270416,1,20270419,1,20270420,1,20270421,1,20270422,1,20270423,1,20270426,1,20270427,1,20270428,1,20270429,1,20270430,1,20270503,1,20270504,1,20270505,1,20270506,1,20270507,1,20270510,1,20270511,1,20270512,1,20270513,1,20270514,1,20270517,1,20270518,1,20270519,1,20270520,1,20270521,1,20270524,1,20270525,1,20270526,1,20270527,1,20270528,1,20270531,1,20270601,1,20270602,1,20270603,1,20270604,1,20270607,1,20270608,1,20270609,1,20270610,1,20270611,1,20270614,1,20270615,1,20270616,1,20270617,1,20270618,1,20270621,1,20270622,1,20270623,1,20270624,1,20270625,1,20270628,1,20270629,1,20270630,1,20270701,1,20270702,1,20270705,1,20270706,1,20270707,1,20270708,1,20270709,1,20270712,1,20270713,1,20270714,1,20270715,1,20270716,1,20270719,1,20270720,1,20270721,1,20270722,1,20270723,1,20270726,1,20270727,1,20270728,1,20270729,1,20270730,1,20270802,1,20270803,1,20270804,1,20270805,1,20270806,1,20270809,1,20270810,1,20270811,1,20270812,1,20270813,1,20270816,1,20270817,1,20270818,1,20270819,1,20270820,1,20270823,1,20270824,1,20270825,1,20270826,1,20270827,1,20270830,1,20270831,1,20270901,1,20270902,1,20270903,1,20270906,1,20270907,1,20270908,1,20270909,1,20270910,1,20270913,1,20270914,1,20270915,1,20270916,1,20270917,1,20270920,1,20270921,1,20270922,1,20270923,1,20270924,1,20270927,1,20270928,1,20270929,1,20270930,1,20271001,1,20271004,1,20271005,1,20271006,1,20271007,1,20271008,1,20271011,1,20271012,1,20271013,1,20271014,1,20271015,1,20271018,1,20271019,1,20271020,1,20271021,1,20271022,1,20271025,1,20271026,1,20271027,1,20271028,1,20271029,1,20271101,1,20271102,1,20271103,1,20271104,1,20271105,1,20271108,1,20271109,1,20271110,1,20271111,1,20271112,1,20271115,1,20271116,1,20271117,1,20271118,1,20271119,1,20271122,1,20271123,1,20271124,1,20271125,1,20271126,1,20271129,1,20271130,1,20271201,1,20271202,1,20271203,1,20271206,1,20271207,1,20271208,1,20271209,1,20271210,1,20271213,1,20271214,1,20271215,1,20271216,1,20271217,1,20271220,1,20271221,1,20271222,1,20271223,1,20271224,1,20271227,1,20271228,1,20271229,1,20271230,1,20271231,1
'1450263',20261008,1,20261009,1,20261012,1,20261013,1,20261014,1,20261015,1,20261016,1,20261019,1,20261020,1,20261021,1,20261022,1,20261023,1,20261026,1,20261027,1,20261028,1,20261029,1,20261030,1,20261102,1,20261103,1,20261104,1,20261105,1,20261106,1,20261109,1,20261110,1,20261111,1,20261112,1,20261113,1,20261116,1,20261117,1,20261118,1,20261119,1,20261120,1,20261123,1,20261124,1,20261125,1,20261126,1,20261127,1,20261130,1,20261201,1,20261202,1,20261203,1,20261204,1,20261207,1,20261208,1,20261209,1,20261210,1,20261211,1,20261214,1,20261215,1,20261216,1,20261217,1,20261218,1,20261221,1,20261222,1,20261223,1,20261224,1,20261225,1,20261228,1,20261229,1,20261230,1,20261231,1,20270101,1,20270104,1,20270105,1,20270106,1,20270107,1,20270108,1,20270111,1,20270112,1,20270113,1,20270114,1,20270115,1,20270118,1,20270119,1,20270120,1,20270121,1,20270122,1,20270125,1,20270126,1,20270127,1,20270128,1,20270129,1,20270201,1,20270202,1,20270203,1,20270204,1,20270205,1,20270208,1,20270209,1,20270210,1,20270211,1,20270212,1,20270215,1,20270216,1,20270217,1,20270218,1,20270219,1,20270222,1,20270223,1,20270224,1,20270225,1,20270226,1,20270301,1,20270302,1,20270303,1,20270304,1,20270305,1,20270308,1,20270309,1,20270310,1,20270311,1,20270312,1,20270315,1,20270316,1,20270317,1,20270318,1,20270319,1,20270322,1,20270323,1,20270324,1,20270325,1,20270326,1,20270329,1,20270330,1,20270331,1,20270401,1,20270402,1,20270405,1,20270406,1,20270407,1,20270408,1,20270409,1,20270412,1,20270413,1,20270414,1,20270415,1,20270416,1,20270419,1,20270420,1,20270421,1,20270422,1,20270423,1,20270426,1,20270427,1,20270428,1,20270429,1,20270430,1,20270503,1,20270504,1,20270505,1,20270506,1,20270507,1,20270510,1,20270511,1,20270512,1,20270513,1,20270514,1,20270517,1,20270518,1,20270519,1,20270520,1,20270521,1,20270524,1,20270525,1,20270526,1,20270527,1,20270528,1,20270531,1,20270601,1,20270602,1,20270603,1,20270604,1,20270607,1,20270608,1,20270609,1,20270610,1,20270611,1,20270614,1,20270615,1,20270616,1,20270617,1,20270618,1,20270621,1,20270622,1,20270623,1,20270624,1,20270625,1,20270628,1,20270629,1,20270630,1,20270701,1,20270702,1,20270705,1,20270706,1,20270707,1,20270708,1,20270709,1,20270712,1,20270713,1,20270714,1,20270715,1,20270716,1,20270719,1,20270720,1,20270721,1,20270722,1,20270723,1,20270726,1,20270727,1,20270728,1,20270729,1,20270730,1,20270802,1,20270803,1,20270804,1,20270805,1,20270806,1,20270809,1,20270810,1,20270811,1,20270812,1,20270813,1,20270816,1,20270817,1,20270818,1,20270819,1,20270820,1,20270823,1,20270824,1,20270825,1,20270826,1,20270827,1,20270830,1,20270831,1,20270901,1,20270902,1,20270903,1,20270906,1,20270907,1,20270908,1,20270909,1,20270910,1,20270913,1,20270914,1,20270915,1,20270916,1,20270917,1,20270920,1,20270921,1,20270922,1,20270923,1,20270924,1,20270927,1,20270928,1,20270929,1,20270930,1,20271001,1,20271004,1,20271005,1,20271006,1,20271007,1,20271008,1,20271011,1,20271012,1,20271013,1,20271014,1,20271015,1,20271018,1,20271019,1,20271020,1,20271021,1,20271022,1,20271025,1,20271026,1,20271027,1,20271028,1,20271029,1,20271101,1,20271102,1,20271103,1,20271104,1,20271105,1,20271108,1,20271109,1,20271110,1,20271111,1,20271112,1,20271115,1,20271116,1,20271117,1,20271118,1,20271119,1,20271122,1,20271123,1,20271124,1,20271125,1,20271126,1,20271129,1,20271130,1,20271201,1,20271202,1,20271203,1,20271206,1,20271207,1,20271208,1,20271209,1,20271210,1,20271213,1,20271214,1,20271215,1,20271216,1,20271217,1,20271220,1,20271221,1,20271222,1,20271223,1,20271224,1,20271227,1,20271228,1,20271229,1,20271230,1,20271231,1
'1450293',20261010,1,20261011,1,20261017,1,20261018,1,20261024,1,20261025,1,20261031,1,20261101,1,20261107,1,20261108,1,20261114,1,20261115,1,20261121,1,20261122,1,20261128,1,20261129,1,20261205,1,20261206,1,20261212,1,20261213,1,20261219,1,20261220,1,20261226,1,20261227,1,20270102,1,20270103,1,20270109,1,20270110,1,20270116,1,20270117,1,20270123,1,20270124,1,20270130,1,20270131,1,20270206,1,20270207,1,20270213,1,20270214,1,20270220,1,20270221,1,20270227,1,20270228,1,20270306,1,20270307,1,20270313,1,20270314,1,20270320,1,20270321,1,20270327,1,20270328,1,20270403,1,20270404,1,20270410,1,20270411,1,20270417,1,20270418,1,20270424,1,20270425,1,20270501,1,20270502,1,20270508,1,20270509,1,20270515,1,20270516,1,20270522,1,20270523,1,20270529,1,20270530,1,20270605,1,20270606,1,20270612,1,20270613,1,20270619,1,20270620,1,20270626,1,20270627,1,20270703,1,20270704,1,20270710,1,20270711,1,20270717,1,20270718,1,20270724,1,20270725,1,20270731,1,20270801,1,20270807,1,20270808,1,20270814,1,20270815,1,20270821,1,20270822,1,20270828,1,20270829,1,20270904,1,20270905,1,20270911,1,20270912,1,20270918,1,20270919,1,20270925,1,20270926,1,20271002,1,20271003,1,20271009,1,20271010,1,20271016,1,20271017,1,20271023,1,20271024,1,20271030,1,20271031,1,20271106,1,20271107,1,20271113,1,20271114,1,20271120,1,20271121,1,20271127,1,20271128,1,20271204,1,20271205,1,20271211,1,20271212,1,20271218,1,20271219,1,20271225,1,20271226,1,20280101,1
'1450304',20261010,1,20261017,1,20261024,1,20261031,1,20261107,1,20261114,1,20261121,1,20261128,1,20261205,1,20261212,1,20261219,1,20261226,1,20270102,1,20270109,1,20270116,1,20270123,1,20270130,1,20270206,1,20270213,1,20270220,1,20270227,1,20270306,1,20270313,1,20270320,1,20270327,1,20270403,1,20270410,1,20270417,1,20270424,1,20270501,1,20270508,1,20270515,1,20270522,1,20270529,1,20270605,1,20270612,1,20270619,1,20270626,1,20270703,1,20270710,1,20270717,1,20270724,1,20270731,1,20270807,1,20270814,1,20270821,1,20270828,1,20270904,1,20270911,1,20270918,1,20270925,1,20271002,1,20271009,1,20271016,1,20271023,1,20271030,1,20271106,1,20271113,1,20271120,1,20271127,1,20271204,1,20271211,1,20271218,1,20271225,1,20280101,1
'1450315',20261010,1,20261011,1,20261017,1,20261018,1,20261024,1,20261025,1,20261031,1,20261101,1,20261107,1,20261108,1,20261114,1,20261115,1,20261121,1,20261122,1,20261128,1,20261129,1,20261205,1,20261206,1,20261212,1,20261213,1,20261219,1,20261220,1,20261226,1,20261227,1,20270102,1,20270103,1,20270109,1,20270110,1,20270116,1,20270117,1,20270123,1,20270124,1,20270130,1,20270131,1,20270206,1,20270207,1,20270213,1,20270214,1,20270220,1,20270221,1,20270227,1,20270228,1,20270306,1,20270307,1,20270313,1,20270314,1,20270320,1,20270321,1,20270327,1,20270328,1,20270403,1,20270404,1,20270410,1,20270411,1,20270417,1,20270418,1,20270424,1,20270425,1,20270501,1,20270502,1,20270508,1,20270509,1,20270515,1,20270516,1,20270522,1,20270523,1,20270529,1,20270530,1,20270605,1,20270606,1,20270612,1,20270613,1,20270619,1,20270620,1,20270626,1,20270627,1,20270703,1,20270704,1,20270710,1,20270711,1,20270717,1,20270718,1,20270724,1,20270725,1,20270731,1,20270801,1,20270807,1,20270808,1,20270814,1,20270815,1,20270821,1,20270822,1,20270828,1,20270829,1,20270904,1,20270905,1,20270911,1,20270912,1,20270918,1,20270919,1,20270925,1,20270926,1,20271002,1,20271003,1,20271009,1,20271010,1,20271016,1,20271017,1,20271023,1,20271024,1,20271030,1,20271031,1,20271106,1,20271107,1,20271113,1,20271114,1,20271120,1,20271121,1,20271127,1,20271128,1,20271204,1,20271205,1,20271211,1,20271212,1,20271218,1,20271219,1,20271225,1,20271226,1,20280101,1
'1450330',20261010,1,20261011,1,20261017,1,20261018,1,20261024,1,20261025,1,20261031,1,20261101,1,20261107,1,20261108,1,20261114,1,20261115,1,20261121,1,20261122,1,20261128,1,20261129,1,20261205,1,20261206,1,20261212,1,20261213,1,20261219,1,20261220,1,20261226,1,20261227,1,20270102,1,20270103,1,20270109,1,20270110,1,20270116,1,20270117,1,20270123,1,20270124,1,20270130,1,20270131,1,20270206,1,20270207,1,20270213,1,20270214,1,20270220,1,20270221,1,20270227,1,20270228,1,20270306,1,20270307,1,20270313,1,20270314,1,20270320,1,20270321,1,20270327,1,20270328,1,20270403,1,20270404,1,20270410,1,20270411,1,20270417,1,20270418,1,20270424,1,20270425,1,20270501,1,20270502,1,20270508,1,20270509,1,20270515,1,20270516,1,20270522,1,20270523,1,20270529,1,20270530,1,20270605,1,20270606,1,20270612,1,20270613,1,20270619,1,20270620,1,20270626,1,20270627,1,20270703,1,20270704,1,20270710,1,20270711,1,20270717,1,20270718,1,20270724,1,20270725,1,20270731,1,20270801,1,20270807,1,20270808,1,20270814,1,20270815,1,20270821,1,20270822,1,20270828,1,20270829,1,20270904,1,20270905,1,20270911,1,20270912,1,20270918,1,20270919,1,20270925,1,20270926,1,20271002,1,20271003,1,20271009,1,20271010,1,20271016,1,20271017,1,20271023,1,20271024,1,20271030,1,20271031,1,20271106,1,20271107,1,20271113,1,20271114,1,20271120,1,20271121,1,20271127,1,20271128,1,20271204,1,20271205,1,20271211,1,20271212,1,20271218,1,20271219,1,20271225,1,20271226,1,20280101,1
'1450347',20261010,1,20261017,1,20261024,1,20261031,1,20261107,1,20261114,1,20261121,1,20261128,1,20261205,1,20261212,1,20261219,1,20261226,1,20270102,1,20270109,1,20270116,1,20270123,1,20270130,1,20270206,1,20270213,1,20270220,1,20270227,1,20270306,1,20270313,1,20270320,1,20270327,1,20270403,1,20270410,1,20270417,1,20270424,1,20270501,1,20270508,1,20270515,1,20270522,1,20270529,1,20270605,1,20270612,1,20270619,1,20270626,1,20270703,1,20270710,1,20270717,1,20270724,1,20270731,1,20270807,1,20270814,1,20270821,1,20270828,1,20270904,1,20270911,1,20270918,1,20270925,1,20271002,1,20271009,1,20271016,1,20271023,1,20271030,1,20271106,1,20271113,1,20271120,1,20271127,1,20271204,1,20271211,1,20271218,1,20271225,1,20280101,1
'1450356',20261008,1,20261009,1,20261012,1,20261013,1,20261014,1,20261015,1,20261016,1,20261019,1,20261020,1,20261021,1,20261022,1,20261023,1,20261026,1,20261027,1,20261028,1,20261029,1,20261030,1,20261102,1,20261103,1,20261104,1,20261105,1,20261106,1,20261109,1,20261110,1,20261111,1,20261112,1,20261113,1,20261116,1,20261117,1,20261118,1,20261119,1,20261120,1,20261123,1,20261124,1,20261125,1,20261126,1,20261127,1,20261130,1,20261201,1,20261202,1,20261203,1,20261204,1,20261207,1,20261208,1,20261209,1,20261210,1,20261211,1,20261214,1,20261215,1,20261216,1,20261217,1,20261218,1,20261221,1,20261222,1,20261223,1,20261224,1,20261225,1,20261228,1,20261229,1,20261230,1,20261231,1,20270101,1,20270104,1,20270105,1,20270106,1,20270107,1,20270108,1,20270111,1,20270112,1,20270113,1,20270114,1,20270115,1,20270118,1,20270119,1,20270120,1,20270121,1,20270122,1,20270125,1,20270126,1,20270127,1,20270128,1,20270129,1,20270201,1,20270202,1,20270203,1,20270204,1,20270205,1,20270208,1,20270209,1,20270210,1,20270211,1,20270212,1,20270215,1,20270216,1,20270217,1,20270218,1,20270219,1,20270222,1,20270223,1,20270224,1,20270225,1,20270226,1,20270301,1,20270302,1,20270303,1,20270304,1,20270305,1,20270308,1,20270309,1,20270310,1,20270311,1,20270312,1,20270315,1,20270316,1,20270317,1,20270318,1,20270319,1,20270322,1,20270323,1,20270324,1,20270325,1,20270326,1,20270329,1,20270330,1,20270331,1,20270401,1,20270402,1,20270405,1,20270406,1,20270407,1,20270408,1,20270409,1,20270412,1,20270413,1,20270414,1,20270415,1,20270416,1,20270419,1,20270420,1,20270421,1,20270422,1,20270423,1,20270426,1,20270427,1,20270428,1,20270429,1,20270430,1,20270503,1,20270504,1,20270505,1,20270506,1,20270507,1,20270510,1,20270511,1,20270512,1,20270513,1,20270514,1,20270517,1,20270518,1,20270519,1,20270520,1,20270521,1,20270524,1,20270525,1,20270526,1,20270527,1,20270528,1,20270531,1,20270601,1,20270602,1,20270603,1,20270604,1,20270607,1,20270608,1,20270609,1,20270610,1,20270611,1,20270614,1,20270615,1,20270616,1,20270617,1,20270618,1,20270621,1,20270622,1,20270623,1,20270624,1,20270625,1,20270628,1,20270629,1,20270630,1,20270701,1,20270702,1,20270705,1,20270706,1,20270707,1,20270708,1,20270709,1,20270712,1,20270713,1,20270714,1,20270715,1,20270716,1,20270719,1,20270720,1,20270721,1,20270722,1,20270723,1,20270726,1,20270727,1,20270728,1,20270729,1,20270730,1,20270802,1,20270803,1,20270804,1,20270805,1,20270806,1,20270809,1,20270810,1,20270811,1,20270812,1,20270813,1,20270816,1,20270817,1,20270818,1,20270819,1,20270820,1,20270823,1,20270824,1,20270825,1,20270826,1,20270827,1,20270830,1,20270831,1,20270901,1,20270902,1,20270903,1,20270906,1,20270907,1,20270908,1,20270909,1,20270910,1,20270913,1,20270914,1,20270915,1,20270916,1,20270917,1,20270920,1,20270921,1,20270922,1,20270923,1,20270924,1,20270927,1,20270928,1,20270929,1,20270930,1,20271001,1,20271004,1,20271005,1,20271006,1,20271007,1,20271008,1,20271011,1,20271012,1,20271013,1,20271014,1,20271015,1,20271018,1,20271019,1,20271020,1,20271021,1,20271022,1,20271025,1,20271026,1,20271027,1,20271028,1,20271029,1,20271101,1,20271102,1,20271103,1,20271104,1,20271105,1,20271108,1,20271109,1,20271110,1,20271111,1,20271112,1,20271115,1,20271116,1,20271117,1,20271118,1,20271119,1,20271122,1,20271123,1,20271124,1,20271125,1,20271126,1,20271129,1,20271130,1,20271201,1,20271202,1,20271203,1,20271206,1,20271207,1,20271208,1,20271209,1,20271210,1,20271213,1,20271214,1,20271215,1,20271216,1,20271217,1,20271220,1,20271221,1,20271222,1,20271223,1,20271224,1,20271227,1,20271228,1,20271229,1,20271230,1,20271231,1
'1450379',20261008,1,20261009,1,20261012,1,20261013,1,20261014,1,20261015,1,20261016,1,20261019,1,20261020,1,20261021,1,20261022,1,20261023,1,20261026,1,20261027,1,20261028,1,20261029,1,20261030,1,20261102,1,20261103,1,20261104,1,20261105,1,20261106,1,20261109,1,20261110,1,20261111,1,20261112,1,20261113,1,20261116,1,20261117,1,20261118,1,20261119,1,20261120,1,20261123,1,20261124,1,20261125,1,20261126,1,20261127,1,20261130,1,20261201,1,20261202,1,20261203,1,20261204,1,20261207,1,20261208,1,20261209,1,20261210,1,20261211,1,20261214,1,20261215,1,20261216,1,20261217,1,20261218,1,20261221,1,20261222,1,20261223,1,20261224,1,20261225,1,20261228,1,20261229,1,20261230,1,20261231,1,20270101,1,20270104,1,20270105,1,20270106,1,20270107,1,20270108,1,20270111,1,20270112,1,20270113,1,20270114,1,20270115,1,20270118,1,20270119,1,20270120,1,20270121,1,20270122,1,20270125,1,20270126,1,20270127,1,20270128,1,20270129,1,20270201,1,20270202,1,20270203,1,20270204,1,20270205,1,20270208,1,20270209,1,20270210,1,20270211,1,20270212,1,20270215,1,20270216,1,20270217,1,20270218,1,20270219,1,20270222,1,20270223,1,20270224,1,20270225,1,20270226,1,20270301,1,20270302,1,20270303,1,20270304,1,20270305,1,20270308,1,20270309,1,20270310,1,20270311,1,20270312,1,20270315,1,20270316,1,20270317,1,20270318,1,20270319,1,20270322,1,20270323,1,20270324,1,20270325,1,20270326,1,20270329,1,20270330,1,20270331,1,20270401,1,20270402,1,20270405,1,20270406,1,20270407,1,20270408,1,20270409,1,20270412,1,20270413,1,20270414,1,20270415,1,20270416,1,20270419,1,20270420,1,20270421,1,20270422,1,20270423,1,20270426,1,20270427,1,20270428,1,20270429,1,20270430,1,20270503,1,20270504,1,20270505,1,20270506,1,20270507,1,20270510,1,20270511,1,20270512,1,20270513,1,20270514,1,20270517,1,20270518,1,20270519,1,20270520,1,20270521,1,20270524,1,20270525,1,20270526,1,20270527,1,20270528,1,20270531,1,20270601,1,20270602,1,20270603,1,20270604,1,20270607,1,20270608,1,20270609,1,20270610,1,20270611,1,20270614,1,20270615,1,20270616,1,20270617,1,20270618,1,20270621,1,20270622,1,20270623,1,20270624,1,20270625,1,20270628,1,20270629,1,20270630,1,20270701,1,20270702,1,20270705,1,20270706,1,20270707,1,20270708,1,20270709,1,20270712,1,20270713,1,20270714,1,20270715,1,20270716,1,20270719,1,20270720,1,20270721,1,20270722,1,20270723,1,20270726,1,20270727,1,20270728,1,20270729,1,20270730,1,20270802,1,20270803,1,20270804,1,20270805,1,20270806,1,20270809,1,20270810,1,20270811,1,20270812,1,20270813,1,20270816,1,20270817,1,20270818,1,20270819,1,20270820,1,20270823,1,20270824,1,20270825,1,20270826,1,20270827,1,20270830,1,20270831,1,20270901,1,20270902,1,20270903,1,20270906,1,20270907,1,20270908,1,20270909,1,20270910,1,20270913,1,20270914,1,20270915,1,20270916,1,20270917,1,20270920,1,20270921,1,20270922,1,20270923,1,20270924,1,20270927,1,20270928,1,20270929,1,20270930,1,20271001,1,20271004,1,20271005,1,20271006,1,20271007,1,20271008,1,20271011,1,20271012,1,20271013,1,20271014,1,20271015,1,20271018,1,20271019,1,20271020,1,20271021,1,20271022,1,20271025,1,20271026,1,20271027,1,20271028,1,20271029,1,20271101,1,20271102,1,20271103,1,20271104,1,20271105,1,20271108,1,20271109,1,20271110,1,20271111,1,20271112,1,20271115,1,20271116,1,20271117,1,20271118,1,20271119,1,20271122,1,20271123,1,20271124,1,20271125,1,20271126,1,20271129,1,20271130,1,20271201,1,20271202,1,20271203,1,20271206,1,20271207,1,20271208,1,20271209,1,20271210,1,20271213,1,20271214,1,20271215,1,20271216,1,20271217,1,20271220,1,20271221,1,20271222,1,20271223,1,20271224,1,20271227,1,20271228,1,20271229,1,20271230,1,20271231,1
'1450395',20261008,1,20261009,1,20261012,1,20261013,1,20261014,1,20261015,1,20261016,1,20261019,1,20261020,1,20261021,1,20261022,1,20261023,1,20261026,1,20261027,1,20261028,1,20261029,1,20261030,1,20261102,1,20261103,1,20261104,1,20261105,1,20261106,1,20261109,1,20261110,1,20261111,1,20261112,1,20261113,1,20261116,1,20261117,1,20261118,1,20261119,1,20261120,1,20261123,1,20261124,1,20261125,1,20261126,1,20261127,1,20261130,1,20261201,1,20261202,1,20261203,1,20261204,1,20261207,1,20261208,1,20261209,1,20261210,1,20261211,1,20261214,1,20261215,1,20261216,1,20261217,1,20261218,1,20261221,1,20261222,1,20261223,1,20261224,1,20261225,1,20261228,1,20261229,1,20261230,1,20261231,1,20270101,1,20270104,1,20270105,1,20270106,1,20270107,1,20270108,1,20270111,1,20270112,1,20270113,1,20270114,1,20270115,1,20270118,1,20270119,1,20270120,1,20270121,1,20270122,1,20270125,1,20270126,1,20270127,1,20270128,1,20270129,1,20270201,1,20270202,1,20270203,1,20270204,1,20270205,1,20270208,1,20270209,1,20270210,1,20270211,1,20270212,1,20270215,1,20270216,1,20270217,1,20270218,1,20270219,1,20270222,1,20270223,1,20270224,1,20270225,1,20270226,1,20270301,1,20270302,1,20270303,1,20270304,1,20270305,1,20270308,1,20270309,1,20270310,1,20270311,1,20270312,1,20270315,1,20270316,1,20270317,1,20270318,1,20270319,1,20270322,1,20270323,1,20270324,1,20270325,1,20270326,1,20270329,1,20270330,1,20270331,1,20270401,1,20270402,1,20270405,1,20270406,1,20270407,1,20270408,1,20270409,1,20270412,1,20270413,1,20270414,1,20270415,1,20270416,1,20270419,1,20270420,1,20270421,1,20270422,1,20270423,1,20270426,1,20270427,1,20270428,1,20270429,1,20270430,1,20270503,1,20270504,1,20270505,1,20270506,1,20270507,1,20270510,1,20270511,1,20270512,1,20270513,1,20270514,1,20270517,1,20270518,1,20270519,1,20270520,1,20270521,1,20270524,1,20270525,1,20270526,1,20270527,1,20270528,1,20270531,1,20270601,1,20270602,1,20270603,1,20270604,1,20270607,1,20270608,1,20270609,1,20270610,1,20270611,1,20270614,1,20270615,1,20270616,1,20270617,1,20270618,1,20270621,1,20270622,1,20270623,1,20270624,1,20270625,1,20270628,1,20270629,1,20270630,1,20270701,1,20270702,1,20270705,1,20270706,1,20270707,1,20270708,1,20270709,1,20270712,1,20270713,1,20270714,1,20270715,1,20270716,1,20270719,1,20270720,1,20270721,1,20270722,1,20270723,1,20270726,1,20270727,1,20270728,1,20270729,1,20270730,1,20270802,1,20270803,1,20270804,1,20270805,1,20270806,1,20270809,1,20270810,1,20270811,1,20270812,1,20270813,1,20270816,1,20270817,1,20270818,1,20270819,1,20270820,1,20270823,1,20270824,1,20270825,1,20270826,1,20270827,1,20270830,1,20270831,1,20270901,1,20270902,1,20270903,1,20270906,1,20270907,1,20270908,1,20270909,1,20270910,1,20270913,1,20270914,1,20270915,1,20270916,1,20270917,1,20270920,1,20270921,1,20270922,1,20270923,1,20270924,1,20270927,1,20270928,1,20270929,1,20270930,1,20271001,1,20271004,1,20271005,1,20271006,1,20271007,1,20271008,1,20271011,1,20271012,1,20271013,1,20271014,1,20271015,1,20271018,1,20271019,1,20271020,1,20271021,1,20271022,1,20271025,1,20271026,1,20271027,1,20271028,1,20271029,1,20271101,1,20271102,1,20271103,1,20271104,1,20271105,1,20271108,1,20271109,1,20271110,1,20271111,1,20271112,1,20271115,1,20271116,1,20271117,1,20271118,1,20271119,1,20271122,1,20271123,1,20271124,1,20271125,1,20271126,1,20271129,1,20271130,1,20271201,1,20271202,1,20271203,1,20271206,1,20271207,1,20271208,1,20271209,1,20271210,1,20271213,1,20271214,1,20271215,1,20271216,1,20271217,1,20271220,1,20271221,1,20271222,1,20271223,1,20271224,1,20271227,1,20271228,1,20271229,1,20271230,1,20271231,1
'1450412',20261008,1,20261009,1,20261012,1,20261013,1,20261014,1,20261015,1,20261016,1,20261019,1,20261020,1,20261021,1,20261022,1,20261023,1,20261026,1,20261027,1,20261028,1,20261029,1,20261030,1,20261102,1,20261103,1,20261104,1,20261105,1,20261106,1,20261109,1,20261110,1,20261111,1,20261112,1,20261113,1,20261116,1,20261117,1,20261118,1,20261119,1,20261120,1,20261123,1,20261124,1,20261125,1,20261126,1,20261127,1,20261130,1,20261201,1,20261202,1,20261203,1,20261204,1,20261207,1,20261208,1,20261209,1,20261210,1,20261211,1,20261214,1,20261215,1,20261216,1,20261217,1,20261218,1,20261221,1,20261222,1,20261223,1,20261224,1,20261225,1,20261228,1,20261229,1,20261230,1,20261231,1,20270101,1,20270104,1,20270105,1,20270106,1,20270107,1,20270108,1,20270111,1,20270112,1,20270113,1,20270114,1,20270115,1,20270118,1,20270119,1,20270120,1,20270121,1,20270122,1,20270125,1,20270126,1,20270127,1,20270128,1,20270129,1,20270201,1,20270202,1,20270203,1,20270204,1,20270205,1,20270208,1,20270209,1,20270210,1,20270211,1,20270212,1,20270215,1,20270216,1,20270217,1,20270218,1,20270219,1,20270222,1,20270223,1,20270224,1,20270225,1,20270226,1,20270301,1,20270302,1,20270303,1,20270304,1,20270305,1,20270308,1,20270309,1,20270310,1,20270311,1,20270312,1,20270315,1,20270316,1,20270317,1,20270318,1,20270319,1,20270322,1,20270323,1,20270324,1,20270325,1,20270326,1,20270329,1,20270330,1,20270331,1,20270401,1,20270402,1,20270405,1,20270406,1,20270407,1,20270408,1,20270409,1,20270412,1,20270413,1,20270414,1,20270415,1,20270416,1,20270419,1,20270420,1,20270421,1,20270422,1,20270423,1,20270426,1,20270427,1,20270428,1,20270429,1,20270430,1,20270503,1,20270504,1,20270505,1,20270506,1,20270507,1,20270510,1,20270511,1,20270512,1,20270513,1,20270514,1,20270517,1,20270518,1,20270519,1,20270520,1,20270521,1,20270524,1,20270525,1,20270526,1,20270527,1,20270528,1,20270531,1,20270601,1,20270602,1,20270603,1,20270604,1,20270607,1,20270608,1,20270609,1,20270610,1,20270611,1,20270614,1,20270615,1,20270616,1,20270617,1,20270618,1,20270621,1,20270622,1,20270623,1,20270624,1,20270625,1,20270628,1,20270629,1,20270630,1,20270701,1,20270702,1,20270705,1,20270706,1,20270707,1,20270708,1,20270709,1,20270712,1,20270713,1,20270714,1,20270715,1,20270716,1,20270719,1,20270720,1,20270721,1,20270722,1,20270723,1,20270726,1,20270727,1,20270728,1,20270729,1,20270730,1,20270802,1,20270803,1,20270804,1,20270805,1,20270806,1,20270809,1,20270810,1,20270811,1,20270812,1,20270813,1,20270816,1,20270817,1,20270818,1,20270819,1,20270820,1,20270823,1,20270824,1,20270825,1,20270826,1,20270827,1,20270830,1,20270831,1,20270901,1,20270902,1,20270903,1,20270906,1,20270907,1,20270908,1,20270909,1,20270910,1,20270913,1,20270914,1,20270915,1,20270916,1,20270917,1,20270920,1,20270921,1,20270922,1,20270923,1,20270924,1,20270927,1,20270928,1,20270929,1,20270930,1,20271001,1,20271004,1,20271005,1,20271006,1,20271007,1,20271008,1,20271011,1,20271012,1,20271013,1,20271014,1,20271015,1,20271018,1,20271019,1,20271020,1,20271021,1,20271022,1,20271025,1,20271026,1,20271027,1,20271028,1,20271029,1,20271101,1,20271102,1,20271103,1,20271104,1,20271105,1,20271108,1,20271109,1,20271110,1,20271111,1,20271112,1,20271115,1,20271116,1,20271117,1,20271118,1,20271119,1,20271122,1,20271123,1,20271124,1,20271125,1,20271126,1,20271129,1,20271130,1,20271201,1,20271202,1,20271203,1,20271206,1,20271207,1,20271208,1,20271209,1,20271210,1,20271213,1,20271214,1,20271215,1,20271216,1,20271217,1,20271220,1,20271221,1,20271222,1,20271223,1,20271224,1,20271227,1,20271228,1,20271229,1,20271230,1,20271231,1
'1450461',20261010,1,20261011,1,20261017,1,20261018,1,20261024,1,20261025,1,20261031,1,20261101,1,20261107,1,20261108,1,20261114,1,20261115,1,20261121,1,20261122,1,20261128,1,20261129,1,20261205,1,20261206,1,20261212,1,20261213,1,20261219,1,20261220,1,20261226,1,20261227,1,20270102,1,20270103,1,20270109,1,20270110,1,20270116,1,20270117,1,20270123,1,20270124,1,20270130,1,20270131,1,20270206,1,20270207,1,20270213,1,20270214,1,20270220,1,20270221,1,20270227,1,20270228,1,20270306,1,20270307,1,20270313,1,20270314,1,20270320,1,20270321,1,20270327,1,20270328,1,20270403,1,20270404,1,20270410,1,20270411,1,20270417,1,20270418,1,20270424,1,20270425,1,20270501,1,20270502,1,20270508,1,20270509,1,20270515,1,20270516,1,20270522,1,20270523,1,20270529,1,20270530,1,20270605,1,20270606,1,20270612,1,20270613,1,20270619,1,20270620,1,20270626,1,20270627,1,20270703,1,20270704,1,20270710,1,20270711,1,20270717,1,20270718,1,20270724,1,20270725,1,20270731,1,20270801,1,20270807,1,20270808,1,20270814,1,20270815,1,20270821,1,20270822,1,20270828,1,20270829,1,20270904,1,20270905,1,20270911,1,20270912,1,20270918,1,20270919,1,20270925,1,20270926,1,20271002,1,20271003,1,20271009,1,20271010,1,20271016,1,20271017,1,20271023,1,20271024,1,20271030,1,20271031,1,20271106,1,20271107,1,20271113,1,20271114,1,20271120,1,20271121,1,20271127,1,20271128,1,20271204,1,20271205,1,20271211,1,20271212,1,20271218,1,20271219,1,20271225,1,20271226,1,20280101,1
'1450470',20261008,1,20261009,1,20261012,1,20261013,1,20261014,1,20261015,1,20261016,1,20261019,1,20261020,1,20261021,1,20261022,1,20261023,1,20261026,1,20261027,1,20261028,1,20261029,1,20261030,1,20261102,1,20261103,1,20261104,1,20261105,1,20261106,1,20261109,1,20261110,1,20261111,1,20261112,1,20261113,1,20261116,1,20261117,1,20261118,1,20261119,1,20261120,1,20261123,1,20261124,1,20261125,1,20261126,1,20261127,1,20261130,1,20261201,1,20261202,1,20261203,1,20261204,1,20261207,1,20261208,1,20261209,1,20261210,1,20261211,1,20261214,1,20261215,1,20261216,1,20261217,1,20261218,1,20261221,1,20261222,1,20261223,1,20261224,1,20261225,1,20261228,1,20261229,1,20261230,1,20261231,1,20270101,1,20270104,1,20270105,1,20270106,1,20270107,1,20270108,1,20270111,1,20270112,1,20270113,1,20270114,1,20270115,1,20270118,1,20270119,1,20270120,1,20270121,1,20270122,1,20270125,1,20270126,1,20270127,1,20270128,1,20270129,1,20270201,1,20270202,1,20270203,1,20270204,1,20270205,1,20270208,1,20270209,1,20270210,1,20270211,1,20270212,1,20270215,1,20270216,1,20270217,1,20270218,1,20270219,1,20270222,1,20270223,1,20270224,1,20270225,1,20270226,1,20270301,1,20270302,1,20270303,1,20270304,1,20270305,1,20270308,1,20270309,1,20270310,1,20270311,1,20270312,1,20270315,1,20270316,1,20270317,1,20270318,1,20270319,1,20270322,1,20270323,1,20270324,1,20270325,1,20270326,1,20270329,1,20270330,1,20270331,1,20270401,1,20270402,1,20270405,1,20270406,1,20270407,1,20270408,1,20270409,1,20270412,1,20270413,1,20270414,1,20270415,1,20270416,1,20270419,1,20270420,1,20270421,1,20270422,1,20270423,1,20270426,1,20270427,1,20270428,1,20270429,1,20270430,1,20270503,1,20270504,1,20270505,1,20270506,1,20270507,1,20270510,1,20270511,1,20270512,1,20270513,1,20270514,1,20270517,1,20270518,1,20270519,1,20270520,1,20270521,1,20270524,1,20270525,1,20270526,1,20270527,1,20270528,1,20270531,1,20270601,1,20270602,1,20270603,1,20270604,1,20270607,1,20270608,1,20270609,1,20270610,1,20270611,1,20270614,1,20270615,1,20270616,1,20270617,1,20270618,1,20270621,1,20270622,1,20270623,1,20270624,1,20270625,1,20270628,1,20270629,1,20270630,1,20270701,1,20270702,1,20270705,1,20270706,1,20270707,1,20270708,1,20270709,1,20270712,1,20270713,1,20270714,1,20270715,1,20270716,1,20270719,1,20270720,1,20270721,1,20270722,1,20270723,1,20270726,1,20270727,1,20270728,1,20270729,1,20270730,1,20270802,1,20270803,1,20270804,1,20270805,1,20270806,1,20270809,1,20270810,1,20270811,1,20270812,1,20270813,1,20270816,1,20270817,1,20270818,1,20270819,1,20270820,1,20270823,1,20270824,1,20270825,1,20270826,1,20270827,1,20270830,1,20270831,1,20270901,1,20270902,1,20270903,1,20270906,1,20270907,1,20270908,1,20270909,1,20270910,1,20270913,1,20270914,1,20270915,1,20270916,1,20270917,1,20270920,1,20270921,1,20270922,1,20270923,1,20270924,1,20270927,1,20270928,1,20270929,1,20270930,1,20271001,1,20271004,1,20271005,1,20271006,1,20271007,1,20271008,1,20271011,1,20271012,1,20271013,1,20271014,1,20271015,1,20271018,1,20271019,1,20271020,1,20271021,1,20271022,1,20271025,1,20271026,1,20271027,1,20271028,1,20271029,1,20271101,1,20271102,1,20271103,1,20271104,1,20271105,1,20271108,1,20271109,1,20271110,1,20271111,1,20271112,1,20271115,1,20271116,1,20271117,1,20271118,1,20271119,1,20271122,1,20271123,1,20271124,1,20271125,1,20271126,1,20271129,1,20271130,1,20271201,1,20271202,1,20271203,1,20271206,1,20271207,1,20271208,1,20271209,1,20271210,1,20271213,1,20271214,1,20271215,1,20271216,1,20271217,1,20271220,1,20271221,1,20271222,1,20271223,1,20271224,1,20271227,1,20271228,1,20271229,1,20271230,1,20271231,1
'1450505',20261008,1,20261009,1,20261012,1,20261013,1,20261014,1,20261015,1,20261016,1,20261019,1,20261020,1,20261021,1,20261022,1,20261023,1,20261026,1,20261027,1,20261028,1,20261029,1,20261030,1,20261102,1,20261103,1,20261104,1,20261105,1,20261106,1,20261109,1,20261110,1,20261111,1,20261112,1,20261113,1,20261116,1,20261117,1,20261118,1,20261119,1,20261120,1,20261123,1,20261124,1,20261125,1,20261126,1,20261127,1,20261130,1,20261201,1,20261202,1,20261203,1,20261204,1,20261207,1,20261208,1,20261209,1,20261210,1,20261211,1,20261214,1,20261215,1,20261216,1,20261217,1,20261218,1,20261221,1,20261222,1,20261223,1,20261224,1,20261225,1,20261228,1,20261229,1,20261230,1,20261231,1,20270101,1,20270104,1,20270105,1,20270106,1,20270107,1,20270108,1,20270111,1,20270112,1,20270113,1,20270114,1,20270115,1,20270118,1,20270119,1,20270120,1,20270121,1,20270122,1,20270125,1,20270126,1,20270127,1,20270128,1,20270129,1,20270201,1,20270202,1,20270203,1,20270204,1,20270205,1,20270208,1,20270209,1,20270210,1,20270211,1,20270212,1,20270215,1,20270216,1,20270217,1,20270218,1,20270219,1,20270222,1,20270223,1,20270224,1,20270225,1,20270226,1,20270301,1,20270302,1,20270303,1,20270304,1,20270305,1,20270308,1,20270309,1,20270310,1,20270311,1,20270312,1,20270315,1,20270316,1,20270317,1,20270318,1,20270319,1,20270322,1,20270323,1,20270324,1,20270325,1,20270326,1,20270329,1,20270330,1,20270331,1,20270401,1,20270402,1,20270405,1,20270406,1,20270407,1,20270408,1,20270409,1,20270412,1,20270413,1,20270414,1,20270415,1,20270416,1,20270419,1,20270420,1,20270421,1,20270422,1,20270423,1,20270426,1,20270427,1,20270428,1,20270429,1,20270430,1,20270503,1,20270504,1,20270505,1,20270506,1,20270507,1,20270510,1,20270511,1,20270512,1,20270513,1,20270514,1,20270517,1,20270518,1,20270519,1,20270520,1,20270521,1,20270524,1,20270525,1,20270526,1,20270527,1,20270528,1,20270531,1,20270601,1,20270602,1,20270603,1,20270604,1,20270607,1,20270608,1,20270609,1,20270610,1,20270611,1,20270614,1,20270615,1,20270616,1,20270617,1,20270618,1,20270621,1,20270622,1,20270623,1,20270624,1,20270625,1,20270628,1,20270629,1,20270630,1,20270701,1,20270702,1,20270705,1,20270706,1,20270707,1,20270708,1,20270709,1,20270712,1,20270713,1,20270714,1,20270715,1,20270716,1,20270719,1,20270720,1,20270721,1,20270722,1,20270723,1,20270726,1,20270727,1,20270728,1,20270729,1,20270730,1,20270802,1,20270803,1,20270804,1,20270805,1,20270806,1,20270809,1,20270810,1,20270811,1,20270812,1,20270813,1,20270816,1,20270817,1,20270818,1,20270819,1,20270820,1,20270823,1,20270824,1,20270825,1,20270826,1,20270827,1,20270830,1,20270831,1,20270901,1,20270902,1,20270903,1,20270906,1,20270907,1,20270908,1,20270909,1,20270910,1,20270913,1,20270914,1,20270915,1,20270916,1,20270917,1,20270920,1,20270921,1,20270922,1,20270923,1,20270924,1,20270927,1,20270928,1,20270929,1,20270930,1,20271001,1,20271004,1,20271005,1,20271006,1,20271007,1,20271008,1,20271011,1,20271012,1,20271013,1,20271014,1,20271015,1,20271018,1,20271019,1,20271020,1,20271021,1,20271022,1,20271025,1,20271026,1,20271027,1,20271028,1,20271029,1,20271101,1,20271102,1,20271103,1,20271104,1,20271105,1,20271108,1,20271109,1,20271110,1,20271111,1,20271112,1,20271115,1,20271116,1,20271117,1,20271118,1,20271119,1,20271122,1,20271123,1,20271124,1,20271125,1,20271126,1,20271129,1,20271130,1,20271201,1,20271202,1,20271203,1,20271206,1,20271207,1,20271208,1,20271209,1,20271210,1,20271213,1,20271214,1,20271215,1,20271216,1,20271217,1,20271220,1,20271221,1,20271222,1,20271223,1,20271224,1,20271227,1,20271228,1,20271229,1,20271230,1,20271231,1
'1450545',20261008,1,20261009,1,20261012,1,20261013,1,20261014,1,20261015,1,20261016,1,20261019,1,20261020,1,20261021,1,20261022,1,20261023,1,20261026,1,20261027,1,20261028,1,20261029,1,20261030,1,20261102,1,20261103,1,20261104,1,20261105,1,20261106,1,20261109,1,20261110,1,20261111,1,20261112,1,20261113,1,20261116,1,20261117,1,20261118,1,20261119,1,20261120,1,20261123,1,20261124,1,20261125,1,20261126,1,20261127,1,20261130,1,20261201,1,20261202,1,20261203,1,20261204,1,20261207,1,20261208,1,20261209,1,20261210,1,20261211,1,20261214,1,20261215,1,20261216,1,20261217,1,20261218,1,20261221,1,20261222,1,20261223,1,20261224,1,20261225,1,20261228,1,20261229,1,20261230,1,20261231,1,20270101,1,20270104,1,20270105,1,20270106,1,20270107,1,20270108,1,20270111,1,20270112,1,20270113,1,20270114,1,20270115,1,20270118,1,20270119,1,20270120,1,20270121,1,20270122,1,20270125,1,20270126,1,20270127,1,20270128,1,20270129,1,20270201,1,20270202,1,20270203,1,20270204,1,20270205,1,20270208,1,20270209,1,20270210,1,20270211,1,20270212,1,20270215,1,20270216,1,20270217,1,20270218,1,20270219,1,20270222,1,20270223,1,20270224,1,20270225,1,20270226,1,20270301,1,20270302,1,20270303,1,20270304,1,20270305,1,20270308,1,20270309,1,20270310,1,20270311,1,20270312,1,20270315,1,20270316,1,20270317,1,20270318,1,20270319,1,20270322,1,20270323,1,20270324,1,20270325,1,20270326,1,20270329,1,20270330,1,20270331,1,20270401,1,20270402,1,20270405,1,20270406,1,20270407,1,20270408,1,20270409,1,20270412,1,20270413,1,20270414,1,20270415,1,20270416,1,20270419,1,20270420,1,20270421,1,20270422,1,20270423,1,20270426,1,20270427,1,20270428,1,20270429,1,20270430,1,20270503,1,20270504,1,20270505,1,20270506,1,20270507,1,20270510,1,20270511,1,20270512,1,20270513,1,20270514,1,20270517,1,20270518,1,20270519,1,20270520,1,20270521,1,20270524,1,20270525,1,20270526,1,20270527,1,20270528,1,20270531,1,20270601,1,20270602,1,20270603,1,20270604,1,20270607,1,20270608,1,20270609,1,20270610,1,20270611,1,20270614,1,20270615,1,20270616,1,20270617,1,20270618,1,20270621,1,20270622,1,20270623,1,20270624,1,20270625,1,20270628,1,20270629,1,20270630,1,20270701,1,20270702,1,20270705,1,20270706,1,20270707,1,20270708,1,20270709,1,20270712,1,20270713,1,20270714,1,20270715,1,20270716,1,20270719,1,20270720,1,20270721,1,20270722,1,20270723,1,20270726,1,20270727,1,20270728,1,20270729,1,20270730,1,20270802,1,20270803,1,20270804,1,20270805,1,20270806,1,20270809,1,20270810,1,20270811,1,20270812,1,20270813,1,20270816,1,20270817,1,20270818,1,20270819,1,20270820,1,20270823,1,20270824,1,20270825,1,20270826,1,20270827,1,20270830,1,20270831,1,20270901,1,20270902,1,20270903,1,20270906,1,20270907,1,20270908,1,20270909,1,20270910,1,20270913,1,20270914,1,20270915,1,20270916,1,20270917,1,20270920,1,20270921,1,20270922,1,20270923,1,20270924,1,20270927,1,20270928,1,20270929,1,20270930,1,20271001,1,20271004,1,20271005,1,20271006,1,20271007,1,20271008,1,20271011,1,20271012,1,20271013,1,20271014,1,20271015,1,20271018,1,20271019,1,20271020,1,20271021,1,20271022,1,20271025,1,20271026,1,20271027,1,20271028,1,20271029,1,20271101,1,20271102,1,20271103,1,20271104,1,20271105,1,20271108,1,20271109,1,20271110,1,20271111,1,20271112,1,20271115,1,20271116,1,20271117,1,20271118,1,20271119,1,20271122,1,20271123,1,20271124,1,20271125,1,20271126,1,20271129,1,20271130,1,20271201,1,20271202,1,20271203,1,20271206,1,20271207,1,20271208,1,20271209,1,20271210,1,20271213,1,20271214,1,20271215,1,20271216,1,20271217,1,20271220,1,20271221,1,20271222,1,20271223,1,20271224,1,20271227,1,20271228,1,20271229,1,20271230,1,20271231,1
'1450564',20261010,1,20261011,1,20261017,1,20261018,1,20261024,1,20261025,1,20261031,1,20261101,1,20261107,1,20261108,1,20261114,1,20261115,1,20261121,1,20261122,1,20261128,1,20261129,1,20261205,1,20261206,1,20261212,1,20261213,1,20261219,1,20261220,1,20261226,1,20261227,1,20270102,1,20270103,1,20270109,1,20270110,1,20270116,1,20270117,1,20270123,1,20270124,1,20270130,1,20270131,1,20270206,1,20270207,1,20270213,1,20270214,1,20270220,1,20270221,1,20270227,1,20270228,1,20270306,1,20270307,1,20270313,1,20270314,1,20270320,1,20270321,1,20270327,1,20270328,1,20270403,1,20270404,1,20270410,1,20270411,1,20270417,1,20270418,1,20270424,1,20270425,1,20270501,1,20270502,1,20270508,1,20270509,1,20270515,1,20270516,1,20270522,1,20270523,1,20270529,1,20270530,1,20270605,1,20270606,1,20270612,1,20270613,1,20270619,1,20270620,1,20270626,1,20270627,1,20270703,1,20270704,1,20270710,1,20270711,1,20270717,1,20270718,1,20270724,1,20270725,1,20270731,1,20270801,1,20270807,1,20270808,1,20270814,1,20270815,1,20270821,1,20270822,1,20270828,1,20270829,1,20270904,1,20270905,1,20270911,1,20270912,1,20270918,1,20270919,1,20270925,1,20270926,1,20271002,1,20271003,1,20271009,1,20271010,1,20271016,1,20271017,1,20271023,1,20271024,1,20271030,1,20271031,1,20271106,1,20271107,1,20271113,1,20271114,1,20271120,1,20271121,1,20271127,1,20271128,1,20271204,1,20271205,1,20271211,1,20271212,1,20271218,1,20271219,1,20271225,1,20271226,1,20280101,1
'1450589',20261010,1,20261011,1,20261017,1,20261018,1,20261024,1,20261025,1,20261031,1,20261101,1,20261107,1,20261108,1,20261114,1,20261115,1,20261121,1,20261122,1,20261128,1,20261129,1,20261205,1,20261206,1,20261212,1,20261213,1,20261219,1,20261220,1,20261226,1,20261227,1,20270102,1,20270103,1,20270109,1,20270110,1,20270116,1,20270117,1,20270123,1,20270124,1,20270130,1,20270131,1,20270206,1,20270207,1,20270213,1,20270214,1,20270220,1,20270221,1,20270227,1,20270228,1,20270306,1,20270307,1,20270313,1,20270314,1,20270320,1,20270321,1,20270327,1,20270328,1,20270403,1,20270404,1,20270410,1,20270411,1,20270417,1,20270418,1,20270424,1,20270425,1,20270501,1,20270502,1,20270508,1,20270509,1,20270515,1,20270516,1,20270522,1,20270523,1,20270529,1,20270530,1,20270605,1,20270606,1,20270612,1,20270613,1,20270619,1,20270620,1,20270626,1,20270627,1,20270703,1,20270704,1,20270710,1,20270711,1,20270717,1,20270718,1,20270724,1,20270725,1,20270731,1,20270801,1,20270807,1,20270808,1,20270814,1,20270815,1,20270821,1,20270822,1,20270828,1,20270829,1,20270904,1,20270905,1,20270911,1,20270912,1,20270918,1,20270919,1,20270925,1,20270926,1,20271002,1,20271003,1,20271009,1,20271010,1,20271016,1,20271017,1,20271023,1,20271024,1,20271030,1,20271031,1,20271106,1,20271107,1,20271113,1,20271114,1,20271120,1,20271121,1,20271127,1,20271128,1,20271204,1,20271205,1,20271211,1,20271212,1,20271218,1,20271219,1,20271225,1,20271226,1,20280101,1
'1450655',20261008,1,20261009,1,20261012,1,20261013,1,20261014,1,20261015,1,20261016,1,20261019,1,20261020,1,20261021,1,20261022,1,20261023,1,20261026,1,20261027,1,20261028,1,20261029,1,20261030,1,20261102,1,20261103,1,20261104,1,20261105,1,20261106,1,20261109,1,20261110,1,20261111,1,20261112,1,20261113,1,20261116,1,20261117,1,20261118,1,20261119,1,20261120,1,20261123,1,20261124,1,20261125,1,20261126,1,20261127,1,20261130,1,20261201,1,20261202,1,20261203,1,20261204,1,20261207,1,20261208,1,20261209,1,20261210,1,20261211,1,20261214,1,20261215,1,20261216,1,20261217,1,20261218,1,20261221,1,20261222,1,20261223,1,20261224,1,20261225,1,20261228,1,20261229,1,20261230,1,20261231,1,20270101,1,20270104,1,20270105,1,20270106,1,20270107,1,20270108,1,20270111,1,20270112,1,20270113,1,20270114,1,20270115,1,20270118,1,20270119,1,20270120,1,20270121,1,20270122,1,20270125,1,20270126,1,20270127,1,20270128,1,20270129,1,20270201,1,20270202,1,20270203,1,20270204,1,20270205,1,20270208,1,20270209,1,20270210,1,20270211,1,20270212,1,20270215,1,20270216,1,20270217,1,20270218,1,20270219,1,20270222,1,20270223,1,20270224,1,20270225,1,20270226,1,20270301,1,20270302,1,20270303,1,20270304,1,20270305,1,20270308,1,20270309,1,20270310,1,20270311,1,20270312,1,20270315,1,20270316,1,20270317,1,20270318,1,20270319,1,20270322,1,20270323,1,20270324,1,20270325,1,20270326,1,20270329,1,20270330,1,20270331,1,20270401,1,20270402,1,20270405,1,20270406,1,20270407,1,20270408,1,20270409,1,20270412,1,20270413,1,20270414,1,20270415,1,20270416,1,20270419,1,20270420,1,20270421,1,20270422,1,20270423,1,20270426,1,20270427,1,20270428,1,20270429,1,20270430,1,20270503,1,20270504,1,20270505,1,20270506,1,20270507,1,20270510,1,20270511,1,20270512,1,20270513,1,20270514,1,20270517,1,20270518,1,20270519,1,20270520,1,20270521,1,20270524,1,20270525,1,20270526,1,20270527,1,20270528,1,20270531,1,20270601,1,20270602,1,20270603,1,20270604,1,20270607,1,20270608,1,20270609,1,20270610,1,20270611,1,20270614,1,20270615,1,20270616,1,20270617,1,20270618,1,20270621,1,20270622,1,20270623,1,20270624,1,20270625,1,20270628,1,20270629,1,20270630,1,20270701,1,20270702,1,20270705,1,20270706,1,20270707,1,20270708,1,20270709,1,20270712,1,20270713,1,20270714,1,20270715,1,20270716,1,20270719,1,20270720,1,20270721,1,20270722,1,20270723,1,20270726,1,20270727,1,20270728,1,20270729,1,20270730,1,20270802,1,20270803,1,20270804,1,20270805,1,20270806,1,20270809,1,20270810,1,20270811,1,20270812,1,20270813,1,20270816,1,20270817,1,20270818,1,20270819,1,20270820,1,20270823,1,20270824,1,20270825,1,20270826,1,20270827,1,20270830,1,20270831,1,20270901,1,20270902,1,20270903,1,20270906,1,20270907,1,20270908,1,20270909,1,20270910,1,20270913,1,20270914,1,20270915,1,20270916,1,20270917,1,20270920,1,20270921,1,20270922,1,20270923,1,20270924,1,20270927,1,20270928,1,20270929,1,20270930,1,20271001,1,20271004,1,20271005,1,20271006,1,20271007,1,20271008,1,20271011,1,20271012,1,20271013,1,20271014,1,20271015,1,20271018,1,20271019,1,20271020,1,20271021,1,20271022,1,20271025,1,20271026,1,20271027,1,20271028,1,20271029,1,20271101,1,20271102,1,20271103,1,20271104,1,20271105,1,20271108,1,20271109,1,20271110,1,20271111,1,20271112,1,20271115,1,20271116,1,20271117,1,20271118,1,20271119,1,20271122,1,20271123,1,20271124,1,20271125,1,20271126,1,20271129,1,20271130,1,20271201,1,20271202,1,20271203,1,20271206,1,20271207,1,20271208,1,20271209,1,20271210,1,20271213,1,20271214,1,20271215,1,20271216,1,20271217,1,20271220,1,20271221,1,20271222,1,20271223,1,20271224,1,20271227,1,20271228,1,20271229,1,20271230,1,20271231,1
'1450679',20261008,1,20261009,1,20261012,1,20261013,1,20261014,1,20261015,1,20261016,1,20261019,1,20261020,1,20261021,1,20261022,1,20261023,1,20261026,1,20261027,1,20261028,1,20261029,1,20261030,1,20261102,1,20261103,1,20261104,1,20261105,1,20261106,1,20261109,1,20261110,1,20261111,1,20261112,1,20261113,1,20261116,1,20261117,1,20261118,1,20261119,1,20261120,1,20261123,1,20261124,1,20261125,1,20261126,1,20261127,1,20261130,1,20261201,1,20261202,1,20261203,1,20261204,1,20261207,1,20261208,1,20261209,1,20261210,1,20261211,1,20261214,1,20261215,1,20261216,1,20261217,1,20261218,1,20261221,1,20261222,1,20261223,1,20261224,1,20261225,1,20261228,1,20261229,1,20261230,1,20261231,1,20270101,1,20270104,1,20270105,1,20270106,1,20270107,1,20270108,1,20270111,1,20270112,1,20270113,1,20270114,1,20270115,1,20270118,1,20270119,1,20270120,1,20270121,1,20270122,1,20270125,1,20270126,1,20270127,1,20270128,1,20270129,1,20270201,1,20270202,1,20270203,1,20270204,1,20270205,1,20270208,1,20270209,1,20270210,1,20270211,1,20270212,1,20270215,1,20270216,1,20270217,1,20270218,1,20270219,1,20270222,1,20270223,1,20270224,1,20270225,1,20270226,1,20270301,1,20270302,1,20270303,1,20270304,1,20270305,1,20270308,1,20270309,1,20270310,1,20270311,1,20270312,1,20270315,1,20270316,1,20270317,1,20270318,1,20270319,1,20270322,1,20270323,1,20270324,1,20270325,1,20270326,1,20270329,1,20270330,1,20270331,1,20270401,1,20270402,1,20270405,1,20270406,1,20270407,1,20270408,1,20270409,1,20270412,1,20270413,1,20270414,1,20270415,1,20270416,1,20270419,1,20270420,1,20270421,1,20270422,1,20270423,1,20270426,1,20270427,1,20270428,1,20270429,1,20270430,1,20270503,1,20270504,1,20270505,1,20270506,1,20270507,1,20270510,1,20270511,1,20270512,1,20270513,1,20270514,1,20270517,1,20270518,1,20270519,1,20270520,1,20270521,1,20270524,1,20270525,1,20270526,1,20270527,1,20270528,1,20270531,1,20270601,1,20270602,1,20270603,1,20270604,1,20270607,1,20270608,1,20270609,1,20270610,1,20270611,1,20270614,1,20270615,1,20270616,1,20270617,1,20270618,1,20270621,1,20270622,1,20270623,1,20270624,1,20270625,1,20270628,1,20270629,1,20270630,1,20270701,1,20270702,1,20270705,1,20270706,1,20270707,1,20270708,1,20270709,1,20270712,1,20270713,1,20270714,1,20270715,1,20270716,1,20270719,1,20270720,1,20270721,1,20270722,1,20270723,1,20270726,1,20270727,1,20270728,1,20270729,1,20270730,1,20270802,1,20270803,1,20270804,1,20270805,1,20270806,1,20270809,1,20270810,1,20270811,1,20270812,1,20270813,1,20270816,1,20270817,1,20270818,1,20270819,1,20270820,1,20270823,1,20270824,1,20270825,1,20270826,1,20270827,1,20270830,1,20270831,1,20270901,1,20270902,1,20270903,1,20270906,1,20270907,1,20270908,1,20270909,1,20270910,1,20270913,1,20270914,1,20270915,1,20270916,1,20270917,1,20270920,1,20270921,1,20270922,1,20270923,1,20270924,1,20270927,1,20270928,1,20270929,1,20270930,1,20271001,1,20271004,1,20271005,1,20271006,1,20271007,1,20271008,1,20271011,1,20271012,1,20271013,1,20271014,1,20271015,1,20271018,1,20271019,1,20271020,1,20271021,1,20271022,1,20271025,1,20271026,1,20271027,1,20271028,1,20271029,1,20271101,1,20271102,1,20271103,1,20271104,1,20271105,1,20271108,1,20271109,1,20271110,1,20271111,1,20271112,1,20271115,1,20271116,1,20271117,1,20271118,1,20271119,1,20271122,1,20271123,1,20271124,1,20271125,1,20271126,1,20271129,1,20271130,1,20271201,1,20271202,1,20271203,1,20271206,1,20271207,1,20271208,1,20271209,1,20271210,1,20271213,1,20271214,1,20271215,1,20271216,1,20271217,1,20271220,1,20271221,1,20271222,1,20271223,1,20271224,1,20271227,1,20271228,1,20271229,1,20271230,1,20271231,1
'1450692',20261008,1,20261009,1,20261012,1,20261013,1,20261014,1,20261015,1,20261016,1,20261019,1,20261020,1,20261021,1,20261022,1,20261023,1,20261026,1,20261027,1,20261028,1,20261029,1,20261030,1,20261102,1,20261103,1,20261104,1,20261105,1,20261106,1,20261109,1,20261110,1,20261111,1,20261112,1,20261113,1,20261116,1,20261117,1,20261118,1,20261119,1,20261120,1,20261123,1,20261124,1,20261125,1,20261126,1,20261127,1,20261130,1,20261201,1,20261202,1,20261203,1,20261204,1,20261207,1,20261208,1,20261209,1,20261210,1,20261211,1,20261214,1,20261215,1,20261216,1,20261217,1,20261218,1,20261221,1,20261222,1,20261223,1,20261224,1,20261225,1,20261228,1,20261229,1,20261230,1,20261231,1,20270101,1,20270104,1,20270105,1,20270106,1,20270107,1,20270108,1,20270111,1,20270112,1,20270113,1,20270114,1,20270115,1,20270118,1,20270119,1,20270120,1,20270121,1,20270122,1,20270125,1,20270126,1,20270127,1,20270128,1,20270129,1,20270201,1,20270202,1,20270203,1,20270204,1,20270205,1,20270208,1,20270209,1,20270210,1,20270211,1,20270212,1,20270215,1,20270216,1,20270217,1,20270218,1,20270219,1,20270222,1,20270223,1,20270224,1,20270225,1,20270226,1,20270301,1,20270302,1,20270303,1,20270304,1,20270305,1,20270308,1,20270309,1,20270310,1,20270311,1,20270312,1,20270315,1,20270316,1,20270317,1,20270318,1,20270319,1,20270322,1,20270323,1,20270324,1,20270325,1,20270326,1,20270329,1,20270330,1,20270331,1,20270401,1,20270402,1,20270405,1,20270406,1,20270407,1,20270408,1,20270409,1,20270412,1,20270413,1,20270414,1,20270415,1,20270416,1,20270419,1,20270420,1,20270421,1,20270422,1,20270423,1,20270426,1,20270427,1,20270428,1,20270429,1,20270430,1,20270503,1,20270504,1,20270505,1,20270506,1,20270507,1,20270510,1,20270511,1,20270512,1,20270513,1,20270514,1,20270517,1,20270518,1,20270519,1,20270520,1,20270521,1,20270524,1,20270525,1,20270526,1,20270527,1,20270528,1,20270531,1,20270601,1,20270602,1,20270603,1,20270604,1,20270607,1,20270608,1,20270609,1,20270610,1,20270611,1,20270614,1,20270615,1,20270616,1,20270617,1,20270618,1,20270621,1,20270622,1,20270623,1,20270624,1,20270625,1,20270628,1,20270629,1,20270630,1,20270701,1,20270702,1,20270705,1,20270706,1,20270707,1,20270708,1,20270709,1,20270712,1,20270713,1,20270714,1,20270715,1,20270716,1,20270719,1,20270720,1,20270721,1,20270722,1,20270723,1,20270726,1,20270727,1,20270728,1,20270729,1,20270730,1,20270802,1,20270803,1,20270804,1,20270805,1,20270806,1,20270809,1,20270810,1,20270811,1,20270812,1,20270813,1,20270816,1,20270817,1,20270818,1,20270819,1,20270820,1,20270823,1,20270824,1,20270825,1,20270826,1,20270827,1,20270830,1,20270831,1,20270901,1,20270902,1,20270903,1,20270906,1,20270907,1,20270908,1,20270909,1,20270910,1,20270913,1,20270914,1,20270915,1,20270916,1,20270917,1,20270920,1,20270921,1,20270922,1,20270923,1,20270924,1,20270927,1,20270928,1,20270929,1,20270930,1,20271001,1,20271004,1,20271005,1,20271006,1,20271007,1,20271008,1,20271011,1,20271012,1,20271013,1,20271014,1,20271015,1,20271018,1,20271019,1,20271020,1,20271021,1,20271022,1,20271025,1,20271026,1,20271027,1,20271028,1,20271029,1,20271101,1,20271102,1,20271103,1,20271104,1,20271105,1,20271108,1,20271109,1,20271110,1,20271111,1,20271112,1,20271115,1,20271116,1,20271117,1,20271118,1,20271119,1,20271122,1,20271123,1,20271124,1,20271125,1,20271126,1,20271129,1,20271130,1,20271201,1,20271202,1,20271203,1,20271206,1,20271207,1,20271208,1,20271209,1,20271210,1,20271213,1,20271214,1,20271215,1,20271216,1,20271217,1,20271220,1,20271221,1,20271222,1,20271223,1,20271224,1,20271227,1,20271228,1,20271229,1,20271230,1,20271231,1
'1450715',20261008,1,20261009,1,20261012,1,20261013,1,20261014,1,20261015,1,20261016,1,20261019,1,20261020,1,20261021,1,20261022,1,20261023,1,20261026,1,20261027,1,20261028,1,20261029,1,20261030,1,20261102,1,20261103,1,20261104,1,20261105,1,20261106,1,20261109,1,20261110,1,20261111,1,20261112,1,20261113,1,20261116,1,20261117,1,20261118,1,20261119,1,20261120,1,20261123,1,20261124,1,20261125,1,20261126,1,20261127,1,20261130,1,20261201,1,20261202,1,20261203,1,20261204,1,20261207,1,20261208,1,20261209,1,20261210,1,20261211,1,20261214,1,20261215,1,20261216,1,20261217,1,20261218,1,20261221,1,20261222,1,20261223,1,20261224,1,20261225,1,20261228,1,20261229,1,20261230,1,20261231,1,20270101,1,20270104,1,20270105,1,20270106,1,20270107,1,20270108,1,20270111,1,20270112,1,20270113,1,20270114,1,20270115,1,20270118,1,20270119,1,20270120,1,20270121,1,20270122,1,20270125,1,20270126,1,20270127,1,20270128,1,20270129,1,20270201,1,20270202,1,20270203,1,20270204,1,20270205,1,20270208,1,20270209,1,20270210,1,20270211,1,20270212,1,20270215,1,20270216,1,20270217,1,20270218,1,20270219,1,20270222,1,20270223,1,20270224,1,20270225,1,20270226,1,20270301,1,20270302,1,20270303,1,20270304,1,20270305,1,20270308,1,20270309,1,20270310,1,20270311,1,20270312,1,20270315,1,20270316,1,20270317,1,20270318,1,20270319,1,20270322,1,20270323,1,20270324,1,20270325,1,20270326,1,20270329,1,20270330,1,20270331,1,20270401,1,20270402,1,20270405,1,20270406,1,20270407,1,20270408,1,20270409,1,20270412,1,20270413,1,20270414,1,20270415,1,20270416,1,20270419,1,20270420,1,20270421,1,20270422,1,20270423,1,20270426,1,20270427,1,20270428,1,20270429,1,20270430,1,20270503,1,20270504,1,20270505,1,20270506,1,20270507,1,20270510,1,20270511,1,20270512,1,20270513,1,20270514,1,20270517,1,20270518,1,20270519,1,20270520,1,20270521,1,20270524,1,20270525,1,20270526,1,20270527,1,20270528,1,20270531,1,20270601,1,20270602,1,20270603,1,20270604,1,20270607,1,20270608,1,20270609,1,20270610,1,20270611,1,20270614,1,20270615,1,20270616,1,20270617,1,20270618,1,20270621,1,20270622,1,20270623,1,20270624,1,20270625,1,20270628,1,20270629,1,20270630,1,20270701,1,20270702,1,20270705,1,20270706,1,20270707,1,20270708,1,20270709,1,20270712,1,20270713,1,20270714,1,20270715,1,20270716,1,20270719,1,20270720,1,20270721,1,20270722,1,20270723,1,20270726,1,20270727,1,20270728,1,20270729,1,20270730,1,20270802,1,20270803,1,20270804,1,20270805,1,20270806,1,20270809,1,20270810,1,20270811,1,20270812,1,20270813,1,20270816,1,20270817,1,20270818,1,20270819,1,20270820,1,20270823,1,20270824,1,20270825,1,20270826,1,20270827,1,20270830,1,20270831,1,20270901,1,20270902,1,20270903,1,20270906,1,20270907,1,20270908,1,20270909,1,20270910,1,20270913,1,20270914,1,20270915,1,20270916,1,20270917,1,20270920,1,20270921,1,20270922,1,20270923,1,20270924,1,20270927,1,20270928,1,20270929,1,20270930,1,20271001,1,20271004,1,20271005,1,20271006,1,20271007,1,20271008,1,20271011,1,20271012,1,20271013,1,20271014,1,20271015,1,20271018,1,20271019,1,20271020,1,20271021,1,20271022,1,20271025,1,20271026,1,20271027,1,20271028,1,20271029,1,20271101,1,20271102,1,20271103,1,20271104,1,20271105,1,20271108,1,20271109,1,20271110,1,20271111,1,20271112,1,20271115,1,20271116,1,20271117,1,20271118,1,20271119,1,20271122,1,20271123,1,20271124,1,20271125,1,20271126,1,20271129,1,20271130,1,20271201,1,20271202,1,20271203,1,20271206,1,20271207,1,20271208,1,20271209,1,20271210,1,20271213,1,20271214,1,20271215,1,20271216,1,20271217,1,20271220,1,20271221,1,20271222,1,20271223,1,20271224,1,20271227,1,20271228,1,20271229,1,20271230,1,20271231,1
'1450733',20261010,1,20261011,1,20261017,1,20261018,1,20261024,1,20261025,1,20261031,1,20261101,1,20261107,1,20261108,1,20261114,1,20261115,1,20261121,1,20261122,1,20261128,1,20261129,1,20261205,1,20261206,1,20261212,1,20261213,1,20261219,1,20261220,1,20261226,1,20261227,1,20270102,1,20270103,1,20270109,1,20270110,1,20270116,1,20270117,1,20270123,1,20270124,1,20270130,1,20270131,1,20270206,1,20270207,1,20270213,1,20270214,1,20270220,1,20270221,1,20270227,1,20270228,1,20270306,1,20270307,1,20270313,1,20270314,1,20270320,1,20270321,1,20270327,1,20270328,1,20270403,1,20270404,1,20270410,1,20270411,1,20270417,1,20270418,1,20270424,1,20270425,1,20270501,1,20270502,1,20270508,1,20270509,1,20270515,1,20270516,1,20270522,1,20270523,1,20270529,1,20270530,1,20270605,1,20270606,1,20270612,1,20270613,1,20270619,1,20270620,1,20270626,1,20270627,1,20270703,1,20270704,1,20270710,1,20270711,1,20270717,1,20270718,1,20270724,1,20270725,1,20270731,1,20270801,1,20270807,1,20270808,1,20270814,1,20270815,1,20270821,1,20270822,1,20270828,1,20270829,1,20270904,1,20270905,1,20270911,1,20270912,1,20270918,1,20270919,1,20270925,1,20270926,1,20271002,1,20271003,1,20271009,1,20271010,1,20271016,1,20271017,1,20271023,1,20271024,1,20271030,1,20271031,1,20271106,1,20271107,1,20271113,1,20271114,1,20271120,1,20271121,1,20271127,1,20271128,1,20271204,1,20271205,1,20271211,1,20271212,1,20271218,1,20271219,1,20271225,1,20271226,1,20280101,1
'1450757',20261008,1,20261009,1,20261012,1,20261013,1,20261014,1,20261015,1,20261016,1,20261019,1,20261020,1,20261021,1,20261022,1,20261023,1,20261026,1,20261027,1,20261028,1,20261029,1,20261030,1,20261102,1,20261103,1,20261104,1,20261105,1,20261106,1,20261109,1,20261110,1,20261111,1,20261112,1,20261113,1,20261116,1,20261117,1,20261118,1,20261119,1,20261120,1,20261123,1,20261124,1,20261125,1,20261126,1,20261127,1,20261130,1,20261201,1,20261202,1,20261203,1,20261204,1,20261207,1,20261208,1,20261209,1,20261210,1,20261211,1,20261214,1,20261215,1,20261216,1,20261217,1,20261218,1,20261221,1,20261222,1,20261223,1,20261224,1,20261225,1,20261228,1,20261229,1,20261230,1,20261231,1,20270101,1,20270104,1,20270105,1,20270106,1,20270107,1,20270108,1,20270111,1,20270112,1,20270113,1,20270114,1,20270115,1,20270118,1,20270119,1,20270120,1,20270121,1,20270122,1,20270125,1,20270126,1,20270127,1,20270128,1,20270129,1,20270201,1,20270202,1,20270203,1,20270204,1,20270205,1,20270208,1,20270209,1,20270210,1,20270211,1,20270212,1,20270215,1,20270216,1,20270217,1,20270218,1,20270219,1,20270222,1,20270223,1,20270224,1,20270225,1,20270226,1,20270301,1,20270302,1,20270303,1,20270304,1,20270305,1,20270308,1,20270309,1,20270310,1,20270311,1,20270312,1,20270315,1,20270316,1,20270317,1,20270318,1,20270319,1,20270322,1,20270323,1,20270324,1,20270325,1,20270326,1,20270329,1,20270330,1,20270331,1,20270401,1,20270402,1,20270405,1,20270406,1,20270407,1,20270408,1,20270409,1,20270412,1,20270413,1,20270414,1,20270415,1,20270416,1,20270419,1,20270420,1,20270421,1,20270422,1,20270423,1,20270426,1,20270427,1,20270428,1,20270429,1,20270430,1,20270503,1,20270504,1,20270505,1,20270506,1,20270507,1,20270510,1,20270511,1,20270512,1,20270513,1,20270514,1,20270517,1,20270518,1,20270519,1,20270520,1,20270521,1,20270524,1,20270525,1,20270526,1,20270527,1,20270528,1,20270531,1,20270601,1,20270602,1,20270603,1,20270604,1,20270607,1,20270608,1,20270609,1,20270610,1,20270611,1,20270614,1,20270615,1,20270616,1,20270617,1,20270618,1,20270621,1,20270622,1,20270623,1,20270624,1,20270625,1,20270628,1,20270629,1,20270630,1,20270701,1,20270702,1,20270705,1,20270706,1,20270707,1,20270708,1,20270709,1,20270712,1,20270713,1,20270714,1,20270715,1,20270716,1,20270719,1,20270720,1,20270721,1,20270722,1,20270723,1,20270726,1,20270727,1,20270728,1,20270729,1,20270730,1,20270802,1,20270803,1,20270804,1,20270805,1,20270806,1,20270809,1,20270810,1,20270811,1,20270812,1,20270813,1,20270816,1,20270817,1,20270818,1,20270819,1,20270820,1,20270823,1,20270824,1,20270825,1,20270826,1,20270827,1,20270830,1,20270831,1,20270901,1,20270902,1,20270903,1,20270906,1,20270907,1,20270908,1,20270909,1,20270910,1,20270913,1,20270914,1,20270915,1,20270916,1,20270917,1,20270920,1,20270921,1,20270922,1,20270923,1,20270924,1,20270927,1,20270928,1,20270929,1,20270930,1,20271001,1,20271004,1,20271005,1,20271006,1,20271007,1,20271008,1,20271011,1,20271012,1,20271013,1,20271014,1,20271015,1,20271018,1,20271019,1,20271020,1,20271021,1,20271022,1,20271025,1,20271026,1,20271027,1,20271028,1,20271029,1,20271101,1,20271102,1,20271103,1,20271104,1,20271105,1,20271108,1,20271109,1,20271110,1,20271111,1,20271112,1,20271115,1,20271116,1,20271117,1,20271118,1,20271119,1,20271122,1,20271123,1,20271124,1,20271125,1,20271126,1,20271129,1,20271130,1,20271201,1,20271202,1,20271203,1,20271206,1,20271207,1,20271208,1,20271209,1,20271210,1,20271213,1,20271214,1,20271215,1,20271216,1,20271217,1,20271220,1,20271221,1,20271222,1,20271223,1,20271224,1,20271227,1,20271228,1,20271229,1,20271230,1,20271231,1
'1450793',20261008,1,20261009,1,20261012,1,20261013,1,20261014,1,20261015,1,20261016,1,20261019,1,20261020,1,20261021,1,20261022,1,20261023,1,20261026,1,20261027,1,20261028,1,20261029,1,20261030,1,20261102,1,20261103,1,20261104,1,20261105,1,20261106,1,20261109,1,20261110,1,20261111,1,20261112,1,20261113,1,20261116,1,20261117,1,20261118,1,20261119,1,20261120,1,20261123,1,20261124,1,20261125,1,20261126,1,20261127,1,20261130,1,20261201,1,20261202,1,20261203,1,20261204,1,20261207,1,20261208,1,20261209,1,20261210,1,20261211,1,20261214,1,20261215,1,20261216,1,20261217,1,20261218,1,20261221,1,20261222,1,20261223,1,20261224,1,20261225,1,20261228,1,20261229,1,20261230,1,20261231,1,20270101,1,20270104,1,20270105,1,20270106,1,20270107,1,20270108,1,20270111,1,20270112,1,20270113,1,20270114,1,20270115,1,20270118,1,20270119,1,20270120,1,20270121,1,20270122,1,20270125,1,20270126,1,20270127,1,20270128,1,20270129,1,20270201,1,20270202,1,20270203,1,20270204,1,20270205,1,20270208,1,20270209,1,20270210,1,20270211,1,20270212,1,20270215,1,20270216,1,20270217,1,20270218,1,20270219,1,20270222,1,20270223,1,20270224,1,20270225,1,20270226,1,20270301,1,20270302,1,20270303,1,20270304,1,20270305,1,20270308,1,20270309,1,20270310,1,20270311,1,20270312,1,20270315,1,20270316,1,20270317,1,20270318,1,20270319,1,20270322,1,20270323,1,20270324,1,20270325,1,20270326,1,20270329,1,20270330,1,20270331,1,20270401,1,20270402,1,20270405,1,20270406,1,20270407,1,20270408,1,20270409,1,20270412,1,20270413,1,20270414,1,20270415,1,20270416,1,20270419,1,20270420,1,20270421,1,20270422,1,20270423,1,20270426,1,20270427,1,20270428,1,20270429,1,20270430,1,20270503,1,20270504,1,20270505,1,20270506,1,20270507,1,20270510,1,20270511,1,20270512,1,20270513,1,20270514,1,20270517,1,20270518,1,20270519,1,20270520,1,20270521,1,20270524,1,20270525,1,20270526,1,20270527,1,20270528,1,20270531,1,20270601,1,20270602,1,20270603,1,20270604,1,20270607,1,20270608,1,20270609,1,20270610,1,20270611,1,20270614,1,20270615,1,20270616,1,20270617,1,20270618,1,20270621,1,20270622,1,20270623,1,20270624,1,20270625,1,20270628,1,20270629,1,20270630,1,20270701,1,20270702,1,20270705,1,20270706,1,20270707,1,20270708,1,20270709,1,20270712,1,20270713,1,20270714,1,20270715,1,20270716,1,20270719,1,20270720,1,20270721,1,20270722,1,20270723,1,20270726,1,20270727,1,20270728,1,20270729,1,20270730,1,20270802,1,20270803,1,20270804,1,20270805,1,20270806,1,20270809,1,20270810,1,20270811,1,20270812,1,20270813,1,20270816,1,20270817,1,20270818,1,20270819,1,20270820,1,20270823,1,20270824,1,20270825,1,20270826,1,20270827,1,20270830,1,20270831,1,20270901,1,20270902,1,20270903,1,20270906,1,20270907,1,20270908,1,20270909,1,20270910,1,20270913,1,20270914,1,20270915,1,20270916,1,20270917,1,20270920,1,20270921,1,20270922,1,20270923,1,20270924,1,20270927,1,20270928,1,20270929,1,20270930,1,20271001,1,20271004,1,20271005,1,20271006,1,20271007,1,20271008,1,20271011,1,20271012,1,20271013,1,20271014,1,20271015,1,20271018,1,20271019,1,20271020,1,20271021,1,20271022,1,20271025,1,20271026,1,20271027,1,20271028,1,20271029,1,20271101,1,20271102,1,20271103,1,20271104,1,20271105,1,20271108,1,20271109,1,20271110,1,20271111,1,20271112,1,20271115,1,20271116,1,20271117,1,20271118,1,20271119,1,20271122,1,20271123,1,20271124,1,20271125,1,20271126,1,20271129,1,20271130,1,20271201,1,20271202,1,20271203,1,20271206,1,20271207,1,20271208,1,20271209,1,20271210,1,20271213,1,20271214,1,20271215,1,20271216,1,20271217,1,20271220,1,20271221,1,20271222,1,20271223,1,20271224,1,20271227,1,20271228,1,20271229,1,20271230,1,20271231,1
'1450872',20261010,1,20261017,1,20261024,1,20261031,1,20261107,1,20261114,1,20261121,1,20261128,1,20261205,1,20261212,1,20261219,1,20261226,1,20270102,1,20270109,1,20270116,1,20270123,1,20270130,1,20270206,1,20270213,1,20270220,1,20270227,1,20270306,1,20270313,1,20270320,1,20270327,1,20270403,1,20270410,1,20270417,1,20270424,1,20270501,1,20270508,1,20270515,1,20270522,1,20270529,1,20270605,1,20270612,1,20270619,1,20270626,1,20270703,1,20270710,1,20270717,1,20270724,1,20270731,1,20270807,1,20270814,1,20270821,1,20270828,1,20270904,1,20270911,1,20270918,1,20270925,1,20271002,1,20271009,1,20271016,1,20271023,1,20271030,1,20271106,1,20271113,1,20271120,1,20271127,1,20271204,1,20271211,1,20271218,1,20271225,1,20280101,1
'1450917',20261008,1,20261009,1,20261012,1,20261013,1,20261014,1,20261015,1,20261016,1,20261019,1,20261020,1,20261021,1,20261022,1,20261023,1,20261026,1,20261027,1,20261028,1,20261029,1,20261030,1,20261102,1,20261103,1,20261104,1,20261105,1,20261106,1,20261109,1,20261110,1,20261111,1,20261112,1,20261113,1,20261116,1,20261117,1,20261118,1,20261119,1,20261120,1,20261123,1,20261124,1,20261125,1,20261126,1,20261127,1,20261130,1,20261201,1,20261202,1,20261203,1,20261204,1,20261207,1,20261208,1,20261209,1,20261210,1,20261211,1,20261214,1,20261215,1,20261216,1,20261217,1,20261218,1,20261221,1,20261222,1,20261223,1,20261224,1,20261225,1,20261228,1,20261229,1,20261230,1,20261231,1,20270101,1,20270104,1,20270105,1,20270106,1,20270107,1,20270108,1,20270111,1,20270112,1,20270113,1,20270114,1,20270115,1,20270118,1,20270119,1,20270120,1,20270121,1,20270122,1,20270125,1,20270126,1,20270127,1,20270128,1,20270129,1,20270201,1,20270202,1,20270203,1,20270204,1,20270205,1,20270208,1,20270209,1,20270210,1,20270211,1,20270212,1,20270215,1,20270216,1,20270217,1,20270218,1,20270219,1,20270222,1,20270223,1,20270224,1,20270225,1,20270226,1,20270301,1,20270302,1,20270303,1,20270304,1,20270305,1,20270308,1,20270309,1,20270310,1,20270311,1,20270312,1,20270315,1,20270316,1,20270317,1,20270318,1,20270319,1,20270322,1,20270323,1,20270324,1,20270325,1,20270326,1,20270329,1,20270330,1,20270331,1,20270401,1,20270402,1,20270405,1,20270406,1,20270407,1,20270408,1,20270409,1,20270412,1,20270413,1,20270414,1,20270415,1,20270416,1,20270419,1,20270420,1,20270421,1,20270422,1,20270423,1,20270426,1,20270427,1,20270428,1,20270429,1,20270430,1,20270503,1,20270504,1,20270505,1,20270506,1,20270507,1,20270510,1,20270511,1,20270512,1,20270513,1,20270514,1,20270517,1,20270518,1,20270519,1,20270520,1,20270521,1,20270524,1,20270525,1,20270526,1,20270527,1,20270528,1,20270531,1,20270601,1,20270602,1,20270603,1,20270604,1,20270607,1,20270608,1,20270609,1,20270610,1,20270611,1,20270614,1,20270615,1,20270616,1,20270617,1,20270618,1,20270621,1,20270622,1,20270623,1,20270624,1,20270625,1,20270628,1,20270629,1,20270630,1,20270701,1,20270702,1,20270705,1,20270706,1,20270707,1,20270708,1,20270709,1,20270712,1,20270713,1,20270714,1,20270715,1,20270716,1,20270719,1,20270720,1,20270721,1,20270722,1,20270723,1,20270726,1,20270727,1,20270728,1,20270729,1,20270730,1,20270802,1,20270803,1,20270804,1,20270805,1,20270806,1,20270809,1,20270810,1,20270811,1,20270812,1,20270813,1,20270816,1,20270817,1,20270818,1,20270819,1,20270820,1,20270823,1,20270824,1,20270825,1,20270826,1,20270827,1,20270830,1,20270831,1,20270901,1,20270902,1,20270903,1,20270906,1,20270907,1,20270908,1,20270909,1,20270910,1,20270913,1,20270914,1,20270915,1,20270916,1,20270917,1,20270920,1,20270921,1,20270922,1,20270923,1,20270924,1,20270927,1,20270928,1,20270929,1,20270930,1,20271001,1,20271004,1,20271005,1,20271006,1,20271007,1,20271008,1,20271011,1,20271012,1,20271013,1,20271014,1,20271015,1,20271018,1,20271019,1,20271020,1,20271021,1,20271022,1,20271025,1,20271026,1,20271027,1,20271028,1,20271029,1,20271101,1,20271102,1,20271103,1,20271104,1,20271105,1,20271108,1,20271109,1,20271110,1,20271111,1,20271112,1,20271115,1,20271116,1,20271117,1,20271118,1,20271119,1,20271122,1,20271123,1,20271124,1,20271125,1,20271126,1,20271129,1,20271130,1,20271201,1,20271202,1,20271203,1,20271206,1,20271207,1,20271208,1,20271209,1,20271210,1,20271213,1,20271214,1,20271215,1,20271216,1,20271217,1,20271220,1,20271221,1,20271222,1,20271223,1,20271224,1,20271227,1,20271228,1,20271229,1,20271230,1,20271231,1
'1450918',20261008,1,20261009,1,20261012,1,20261013,1,20261014,1,20261015,1,20261016,1,20261019,1,20261020,1,20261021,1,20261022,1,20261023,1,20261026,1,20261027,1,20261028,1,20261029,1,20261030,1,20261102,1,20261103,1,20261104,1,20261105,1,20261106,1,20261109,1,20261110,1,20261111,1,20261112,1,20261113,1,20261116,1,20261117,1,20261118,1,20261119,1,20261120,1,20261123,1,20261124,1,20261125,1,20261126,1,20261127,1,20261130,1,20261201,1,20261202,1,20261203,1,20261204,1,20261207,1,20261208,1,20261209,1,20261210,1,20261211,1,20261214,1,20261215,1,20261216,1,20261217,1,20261218,1,20261221,1,20261222,1,20261223,1,20261224,1,20261225,1,20261228,1,20261229,1,20261230,1,20261231,1,20270101,1,20270104,1,20270105,1,20270106,1,20270107,1,20270108,1,20270111,1,20270112,1,20270113,1,20270114,1,20270115,1,20270118,1,20270119,1,20270120,1,20270121,1,20270122,1,20270125,1,20270126,1,20270127,1,20270128,1,20270129,1,20270201,1,20270202,1,20270203,1,20270204,1,20270205,1,20270208,1,20270209,1,20270210,1,20270211,1,20270212,1,20270215,1,20270216,1,20270217,1,20270218,1,20270219,1,20270222,1,20270223,1,20270224,1,20270225,1,20270226,1,20270301,1,20270302,1,20270303,1,20270304,1,20270305,1,20270308,1,20270309,1,20270310,1,20270311,1,20270312,1,20270315,1,20270316,1,20270317,1,20270318,1,20270319,1,20270322,1,20270323,1,20270324,1,20270325,1,20270326,1,20270329,1,20270330,1,20270331,1,20270401,1,20270402,1,20270405,1,20270406,1,20270407,1,20270408,1,20270409,1,20270412,1,20270413,1,20270414,1,20270415,1,20270416,1,20270419,1,20270420,1,20270421,1,20270422,1,20270423,1,20270426,1,20270427,1,20270428,1,20270429,1,20270430,1,20270503,1,20270504,1,20270505,1,20270506,1,20270507,1,20270510,1,20270511,1,20270512,1,20270513,1,20270514,1,20270517,1,20270518,1,20270519,1,20270520,1,20270521,1,20270524,1,20270525,1,20270526,1,20270527,1,20270528,1,20270531,1,20270601,1,20270602,1,20270603,1,20270604,1,20270607,1,20270608,1,20270609,1,20270610,1,20270611,1,20270614,1,20270615,1,20270616,1,20270617,1,20270618,1,20270621,1,20270622,1,20270623,1,20270624,1,20270625,1,20270628,1,20270629,1,20270630,1,20270701,1,20270702,1,20270705,1,20270706,1,20270707,1,20270708,1,20270709,1,20270712,1,20270713,1,20270714,1,20270715,1,20270716,1,20270719,1,20270720,1,20270721,1,20270722,1,20270723,1,20270726,1,20270727,1,20270728,1,20270729,1,20270730,1,20270802,1,20270803,1,20270804,1,20270805,1,20270806,1,20270809,1,20270810,1,20270811,1,20270812,1,20270813,1,20270816,1,20270817,1,20270818,1,20270819,1,20270820,1,20270823,1,20270824,1,20270825,1,20270826,1,20270827,1,20270830,1,20270831,1,20270901,1,20270902,1,20270903,1,20270906,1,20270907,1,20270908,1,20270909,1,20270910,1,20270913,1,20270914,1,20270915,1,20270916,1,20270917,1,20270920,1,20270921,1,20270922,1,20270923,1,20270924,1,20270927,1,20270928,1,20270929,1,20270930,1,20271001,1,20271004,1,20271005,1,20271006,1,20271007,1,20271008,1,20271011,1,20271012,1,20271013,1,20271014,1,20271015,1,20271018,1,20271019,1,20271020,1,20271021,1,20271022,1,20271025,1,20271026,1,20271027,1,20271028,1,20271029,1,20271101,1,20271102,1,20271103,1,20271104,1,20271105,1,20271108,1,20271109,1,20271110,1,20271111,1,20271112,1,20271115,1,20271116,1,20271117,1,20271118,1,20271119,1,20271122,1,20271123,1,20271124,1,20271125,1,20271126,1,20271129,1,20271130,1,20271201,1,20271202,1,20271203,1,20271206,1,20271207,1,20271208,1,20271209,1,20271210,1,20271213,1,20271214,1,20271215,1,20271216,1,20271217,1,20271220,1,20271221,1,20271222,1,20271223,1,20271224,1,20271227,1,20271228,1,20271229,1,20271230,1,20271231,1
'1450952',20261010,1,20261011,1,20261017,1,20261018,1,20261024,1,20261025,1,20261031,1,20261101,1,20261107,1,20261108,1,20261114,1,20261115,1,20261121,1,20261122,1,20261128,1,20261129,1,20261205,1,20261206,1,20261212,1,20261213,1,20261219,1,20261220,1,20261226,1,20261227,1,20270102,1,20270103,1,20270109,1,20270110,1,20270116,1,20270117,1,20270123,1,20270124,1,20270130,1,20270131,1,20270206,1,20270207,1,20270213,1,20270214,1,20270220,1,20270221,1,20270227,1,20270228,1,20270306,1,20270307,1,20270313,1,20270314,1,20270320,1,20270321,1,20270327,1,20270328,1,20270403,1,20270404,1,20270410,1,20270411,1,20270417,1,20270418,1,20270424,1,20270425,1,20270501,1,20270502,1,20270508,1,20270509,1,20270515,1,20270516,1,20270522,1,20270523,1,20270529,1,20270530,1,20270605,1,20270606,1,20270612,1,20270613,1,20270619,1,20270620,1,20270626,1,20270627,1,20270703,1,20270704,1,20270710,1,20270711,1,20270717,1,20270718,1,20270724,1,20270725,1,20270731,1,20270801,1,20270807,1,20270808,1,20270814,1,20270815,1,20270821,1,20270822,1,20270828,1,20270829,1,20270904,1,20270905,1,20270911,1,20270912,1,20270918,1,20270919,1,20270925,1,20270926,1,20271002,1,20271003,1,20271009,1,20271010,1,20271016,1,20271017,1,20271023,1,20271024,1,20271030,1,20271031,1,20271106,1,20271107,1,20271113,1,20271114,1,20271120,1,20271121,1,20271127,1,20271128,1,20271204,1,20271205,1,20271211,1,20271212,1,20271218,1,20271219,1,20271225,1,20271226,1,20280101,1
'1450964',20261008,1,20261009,1,20261012,1,20261013,1,20261014,1,20261015,1,20261016,1,20261019,1,20261020,1,20261021,1,20261022,1,20261023,1,20261026,1,20261027,1,20261028,1,20261029,1,20261030,1,20261102,1,20261103,1,20261104,1,20261105,1,20261106,1,20261109,1,20261110,1,20261111,1,20261112,1,20261113,1,20261116,1,20261117,1,20261118,1,20261119,1,20261120,1,20261123,1,20261124,1,20261125,1,20261126,1,20261127,1,20261130,1,20261201,1,20261202,1,20261203,1,20261204,1,20261207,1,20261208,1,20261209,1,20261210,1,20261211,1,20261214,1,20261215,1,20261216,1,20261217,1,20261218,1,20261221,1,20261222,1,20261223,1,20261224,1,20261225,1,20261228,1,20261229,1,20261230,1,20261231,1,20270101,1,20270104,1,20270105,1,20270106,1,20270107,1,20270108,1,20270111,1,20270112,1,20270113,1,20270114,1,20270115,1,20270118,1,20270119,1,20270120,1,20270121,1,20270122,1,20270125,1,20270126,1,20270127,1,20270128,1,20270129,1,20270201,1,20270202,1,20270203,1,20270204,1,20270205,1,20270208,1,20270209,1,20270210,1,20270211,1,20270212,1,20270215,1,20270216,1,20270217,1,20270218,1,20270219,1,20270222,1,20270223,1,20270224,1,20270225,1,20270226,1,20270301,1,20270302,1,20270303,1,20270304,1,20270305,1,20270308,1,20270309,1,20270310,1,20270311,1,20270312,1,20270315,1,20270316,1,20270317,1,20270318,1,20270319,1,20270322,1,20270323,1,20270324,1,20270325,1,20270326,1,20270329,1,20270330,1,20270331,1,20270401,1,20270402,1,20270405,1,20270406,1,20270407,1,20270408,1,20270409,1,20270412,1,20270413,1,20270414,1,20270415,1,20270416,1,20270419,1,20270420,1,20270421,1,20270422,1,20270423,1,20270426,1,20270427,1,20270428,1,20270429,1,20270430,1,20270503,1,20270504,1,20270505,1,20270506,1,20270507,1,20270510,1,20270511,1,20270512,1,20270513,1,20270514,1,20270517,1,20270518,1,20270519,1,20270520,1,20270521,1,20270524,1,20270525,1,20270526,1,20270527,1,20270528,1,20270531,1,20270601,1,20270602,1,20270603,1,20270604,1,20270607,1,20270608,1,20270609,1,20270610,1,20270611,1,20270614,1,20270615,1,20270616,1,20270617,1,20270618,1,20270621,1,20270622,1,20270623,1,20270624,1,20270625,1,20270628,1,20270629,1,20270630,1,20270701,1,20270702,1,20270705,1,20270706,1,20270707,1,20270708,1,20270709,1,20270712,1,20270713,1,20270714,1,20270715,1,20270716,1,20270719,1,20270720,1,20270721,1,20270722,1,20270723,1,20270726,1,20270727,1,20270728,1,20270729,1,20270730,1,20270802,1,20270803,1,20270804,1,20270805,1,20270806,1,20270809,1,20270810,1,20270811,1,20270812,1,20270813,1,20270816,1,20270817,1,20270818,1,20270819,1,20270820,1,20270823,1,20270824,1,20270825,1,20270826,1,20270827,1,20270830,1,20270831,1,20270901,1,20270902,1,20270903,1,20270906,1,20270907,1,20270908,1,20270909,1,20270910,1,20270913,1,20270914,1,20270915,1,20270916,1,20270917,1,20270920,1,20270921,1,20270922,1,20270923,1,20270924,1,20270927,1,20270928,1,20270929,1,20270930,1,20271001,1,20271004,1,20271005,1,20271006,1,20271007,1,20271008,1,20271011,1,20271012,1,20271013,1,20271014,1,20271015,1,20271018,1,20271019,1,20271020,1,20271021,1,20271022,1,20271025,1,20271026,1,20271027,1,20271028,1,20271029,1,20271101,1,20271102,1,20271103,1,20271104,1,20271105,1,20271108,1,20271109,1,20271110,1,20271111,1,20271112,1,20271115,1,20271116,1,20271117,1,20271118,1,20271119,1,20271122,1,20271123,1,20271124,1,20271125,1,20271126,1,20271129,1,20271130,1,20271201,1,20271202,1,20271203,1,20271206,1,20271207,1,20271208,1,20271209,1,20271210,1,20271213,1,20271214,1,20271215,1,20271216,1,20271217,1,20271220,1,20271221,1,20271222,1,20271223,1,20271224,1,20271227,1,20271228,1,20271229,1,20271230,1,20271231,1
'1450972',20261008,1,20261009,1,20261012,1,20261013,1,20261014,1,20261015,1,20261016,1,20261019,1,20261020,1,20261021,1,20261022,1,20261023,1,20261026,1,20261027,1,20261028,1,20261029,1,20261030,1,20261102,1,20261103,1,20261104,1,20261105,1,20261106,1,20261109,1,20261110,1,20261111,1,20261112,1,20261113,1,20261116,1,20261117,1,20261118,1,20261119,1,20261120,1,20261123,1,20261124,1,20261125,1,20261126,1,20261127,1,20261130,1,20261201,1,20261202,1,20261203,1,20261204,1,20261207,1,20261208,1,20261209,1,20261210,1,20261211,1,20261214,1,20261215,1,20261216,1,20261217,1,20261218,1,20261221,1,20261222,1,20261223,1,20261224,1,20261225,1,20261228,1,20261229,1,20261230,1,20261231,1,20270101,1,20270104,1,20270105,1,20270106,1,20270107,1,20270108,1,20270111,1,20270112,1,20270113,1,20270114,1,20270115,1,20270118,1,20270119,1,20270120,1,20270121,1,20270122,1,20270125,1,20270126,1,20270127,1,20270128,1,20270129,1,20270201,1,20270202,1,20270203,1,20270204,1,20270205,1,20270208,1,20270209,1,20270210,1,20270211,1,20270212,1,20270215,1,20270216,1,20270217,1,20270218,1,20270219,1,20270222,1,20270223,1,20270224,1,20270225,1,20270226,1,20270301,1,20270302,1,20270303,1,20270304,1,20270305,1,20270308,1,20270309,1,20270310,1,20270311,1,20270312,1,20270315,1,20270316,1,20270317,1,20270318,1,20270319,1,20270322,1,20270323,1,20270324,1,20270325,1,20270326,1,20270329,1,20270330,1,20270331,1,20270401,1,20270402,1,20270405,1,20270406,1,20270407,1,20270408,1,20270409,1,20270412,1,20270413,1,20270414,1,20270415,1,20270416,1,20270419,1,20270420,1,20270421,1,20270422,1,20270423,1,20270426,1,20270427,1,20270428,1,20270429,1,20270430,1,20270503,1,20270504,1,20270505,1,20270506,1,20270507,1,20270510,1,20270511,1,20270512,1,20270513,1,20270514,1,20270517,1,20270518,1,20270519,1,20270520,1,20270521,1,20270524,1,20270525,1,20270526,1,20270527,1,20270528,1,20270531,1,20270601,1,20270602,1,20270603,1,20270604,1,20270607,1,20270608,1,20270609,1,20270610,1,20270611,1,20270614,1,20270615,1,20270616,1,20270617,1,20270618,1,20270621,1,20270622,1,20270623,1,20270624,1,20270625,1,20270628,1,20270629,1,20270630,1,20270701,1,20270702,1,20270705,1,20270706,1,20270707,1,20270708,1,20270709,1,20270712,1,20270713,1,20270714,1,20270715,1,20270716,1,20270719,1,20270720,1,20270721,1,20270722,1,20270723,1,20270726,1,20270727,1,20270728,1,20270729,1,20270730,1,20270802,1,20270803,1,20270804,1,20270805,1,20270806,1,20270809,1,20270810,1,20270811,1,20270812,1,20270813,1,20270816,1,20270817,1,20270818,1,20270819,1,20270820,1,20270823,1,20270824,1,20270825,1,20270826,1,20270827,1,20270830,1,20270831,1,20270901,1,20270902,1,20270903,1,20270906,1,20270907,1,20270908,1,20270909,1,20270910,1,20270913,1,20270914,1,20270915,1,20270916,1,20270917,1,20270920,1,20270921,1,20270922,1,20270923,1,20270924,1,20270927,1,20270928,1,20270929,1,20270930,1,20271001,1,20271004,1,20271005,1,20271006,1,20271007,1,20271008,1,20271011,1,20271012,1,20271013,1,20271014,1,20271015,1,20271018,1,20271019,1,20271020,1,20271021,1,20271022,1,20271025,1,20271026,1,20271027,1,20271028,1,20271029,1,20271101,1,20271102,1,20271103,1,20271104,1,20271105,1,20271108,1,20271109,1,20271110,1,20271111,1,20271112,1,20271115,1,20271116,1,20271117,1,20271118,1,20271119,1,20271122,1,20271123,1,20271124,1,20271125,1,20271126,1,20271129,1,20271130,1,20271201,1,20271202,1,20271203,1,20271206,1,20271207,1,20271208,1,20271209,1,20271210,1,20271213,1,20271214,1,20271215,1,20271216,1,20271217,1,20271220,1,20271221,1,20271222,1,20271223,1,20271224,1,20271227,1,20271228,1,20271229,1,20271230,1,20271231,1
'1450985',20261008,1,20261009,1,20261012,1,20261013,1,20261014,1,20261015,1,20261016,1,20261019,1,20261020,1,20261021,1,20261022,1,20261023,1,20261026,1,20261027,1,20261028,1,20261029,1,20261030,1,20261102,1,20261103,1,20261104,1,20261105,1,20261106,1,20261109,1,20261110,1,20261111,1,20261112,1,20261113,1,20261116,1,20261117,1,20261118,1,20261119,1,20261120,1,20261123,1,20261124,1,20261125,1,20261126,1,20261127,1,20261130,1,20261201,1,20261202,1,20261203,1,20261204,1,20261207,1,20261208,1,20261209,1,20261210,1,20261211,1,20261214,1,20261215,1,20261216,1,20261217,1,20261218,1,20261221,1,20261222,1,20261223,1,20261224,1,20261225,1,20261228,1,20261229,1,20261230,1,20261231,1,20270101,1,20270104,1,20270105,1,20270106,1,20270107,1,20270108,1,20270111,1,20270112,1,20270113,1,20270114,1,20270115,1,20270118,1,20270119,1,20270120,1,20270121,1,20270122,1,20270125,1,20270126,1,20270127,1,20270128,1,20270129,1,20270201,1,20270202,1,20270203,1,20270204,1,20270205,1,20270208,1,20270209,1,20270210,1,20270211,1,20270212,1,20270215,1,20270216,1,20270217,1,20270218,1,20270219,1,20270222,1,20270223,1,20270224,1,20270225,1,20270226,1,20270301,1,20270302,1,20270303,1,20270304,1,20270305,1,20270308,1,20270309,1,20270310,1,20270311,1,20270312,1,20270315,1,20270316,1,20270317,1,20270318,1,20270319,1,20270322,1,20270323,1,20270324,1,20270325,1,20270326,1,20270329,1,20270330,1,20270331,1,20270401,1,20270402,1,20270405,1,20270406,1,20270407,1,20270408,1,20270409,1,20270412,1,20270413,1,20270414,1,20270415,1,20270416,1,20270419,1,20270420,1,20270421,1,20270422,1,20270423,1,20270426,1,20270427,1,20270428,1,20270429,1,20270430,1,20270503,1,20270504,1,20270505,1,20270506,1,20270507,1,20270510,1,20270511,1,20270512,1,20270513,1,20270514,1,20270517,1,20270518,1,20270519,1,20270520,1,20270521,1,20270524,1,20270525,1,20270526,1,20270527,1,20270528,1,20270531,1,20270601,1,20270602,1,20270603,1,20270604,1,20270607,1,20270608,1,20270609,1,20270610,1,20270611,1,20270614,1,20270615,1,20270616,1,20270617,1,20270618,1,20270621,1,20270622,1,20270623,1,20270624,1,20270625,1,20270628,1,20270629,1,20270630,1,20270701,1,20270702,1,20270705,1,20270706,1,20270707,1,20270708,1,20270709,1,20270712,1,20270713,1,20270714,1,20270715,1,20270716,1,20270719,1,20270720,1,20270721,1,20270722,1,20270723,1,20270726,1,20270727,1,20270728,1,20270729,1,20270730,1,20270802,1,20270803,1,20270804,1,20270805,1,20270806,1,20270809,1,20270810,1,20270811,1,20270812,1,20270813,1,20270816,1,20270817,1,20270818,1,20270819,1,20270820,1,20270823,1,20270824,1,20270825,1,20270826,1,20270827,1,20270830,1,20270831,1,20270901,1,20270902,1,20270903,1,20270906,1,20270907,1,20270908,1,20270909,1,20270910,1,20270913,1,20270914,1,20270915,1,20270916,1,20270917,1,20270920,1,20270921,1,20270922,1,20270923,1,20270924,1,20270927,1,20270928,1,20270929,1,20270930,1,20271001,1,20271004,1,20271005,1,20271006,1,20271007,1,20271008,1,20271011,1,20271012,1,20271013,1,20271014,1,20271015,1,20271018,1,20271019,1,20271020,1,20271021,1,20271022,1,20271025,1,20271026,1,20271027,1,20271028,1,20271029,1,20271101,1,20271102,1,20271103,1,20271104,1,20271105,1,20271108,1,20271109,1,20271110,1,20271111,1,20271112,1,20271115,1,20271116,1,20271117,1,20271118,1,20271119,1,20271122,1,20271123,1,20271124,1,20271125,1,20271126,1,20271129,1,20271130,1,20271201,1,20271202,1,20271203,1,20271206,1,20271207,1,20271208,1,20271209,1,20271210,1,20271213,1,20271214,1,20271215,1,20271216,1,20271217,1,20271220,1,20271221,1,20271222,1,20271223,1,20271224,1,20271227,1,20271228,1,20271229,1,20271230,1,20271231,1
'1450986',20261008,1,20261009,1,20261012,1,20261013,1,20261014,1,20261015,1,20261016,1,20261019,1,20261020,1,20261021,1,20261022,1,20261023,1,20261026,1,20261027,1,20261028,1,20261029,1,20261030,1,20261102,1,20261103,1,20261104,1,20261105,1,20261106,1,20261109,1,20261110,1,20261111,1,20261112,1,20261113,1,20261116,1,20261117,1,20261118,1,20261119,1,20261120,1,20261123,1,20261124,1,20261125,1,20261126,1,20261127,1,20261130,1,20261201,1,20261202,1,20261203,1,20261204,1,20261207,1,20261208,1,20261209,1,20261210,1,20261211,1,20261214,1,20261215,1,20261216,1,20261217,1,20261218,1,20261221,1,20261222,1,20261223,1,20261224,1,20261225,1,20261228,1,20261229,1,20261230,1,20261231,1,20270101,1,20270104,1,20270105,1,20270106,1,20270107,1,20270108,1,20270111,1,20270112,1,20270113,1,20270114,1,20270115,1,20270118,1,20270119,1,20270120,1,20270121,1,20270122,1,20270125,1,20270126,1,20270127,1,20270128,1,20270129,1,20270201,1,20270202,1,20270203,1,20270204,1,20270205,1,20270208,1,20270209,1,20270210,1,20270211,1,20270212,1,20270215,1,20270216,1,20270217,1,20270218,1,20270219,1,20270222,1,20270223,1,20270224,1,20270225,1,20270226,1,20270301,1,20270302,1,20270303,1,20270304,1,20270305,1,20270308,1,20270309,1,20270310,1,20270311,1,20270312,1,20270315,1,20270316,1,20270317,1,20270318,1,20270319,1,20270322,1,20270323,1,20270324,1,20270325,1,20270326,1,20270329,1,20270330,1,20270331,1,20270401,1,20270402,1,20270405,1,20270406,1,20270407,1,20270408,1,20270409,1,20270412,1,20270413,1,20270414,1,20270415,1,20270416,1,20270419,1,20270420,1,20270421,1,20270422,1,20270423,1,20270426,1,20270427,1,20270428,1,20270429,1,20270430,1,20270503,1,20270504,1,20270505,1,20270506,1,20270507,1,20270510,1,20270511,1,20270512,1,20270513,1,20270514,1,20270517,1,20270518,1,20270519,1,20270520,1,20270521,1,20270524,1,20270525,1,20270526,1,20270527,1,20270528,1,20270531,1,20270601,1,20270602,1,20270603,1,20270604,1,20270607,1,20270608,1,20270609,1,20270610,1,20270611,1,20270614,1,20270615,1,20270616,1,20270617,1,20270618,1,20270621,1,20270622,1,20270623,1,20270624,1,20270625,1,20270628,1,20270629,1,20270630,1,20270701,1,20270702,1,20270705,1,20270706,1,20270707,1,20270708,1,20270709,1,20270712,1,20270713,1,20270714,1,20270715,1,20270716,1,20270719,1,20270720,1,20270721,1,20270722,1,20270723,1,20270726,1,20270727,1,20270728,1,20270729,1,20270730,1,20270802,1,20270803,1,20270804,1,20270805,1,20270806,1,20270809,1,20270810,1,20270811,1,20270812,1,20270813,1,20270816,1,20270817,1,20270818,1,20270819,1,20270820,1,20270823,1,20270824,1,20270825,1,20270826,1,20270827,1,20270830,1,20270831,1,20270901,1,20270902,1,20270903,1,20270906,1,20270907,1,20270908,1,20270909,1,20270910,1,20270913,1,20270914,1,20270915,1,20270916,1,20270917,1,20270920,1,20270921,1,20270922,1,20270923,1,20270924,1,20270927,1,20270928,1,20270929,1,20270930,1,20271001,1,20271004,1,20271005,1,20271006,1,20271007,1,20271008,1,20271011,1,20271012,1,20271013,1,20271014,1,20271015,1,20271018,1,20271019,1,20271020,1,20271021,1,20271022,1,20271025,1,20271026,1,20271027,1,20271028,1,20271029,1,20271101,1,20271102,1,20271103,1,20271104,1,20271105,1,20271108,1,20271109,1,20271110,1,20271111,1,20271112,1,20271115,1,20271116,1,20271117,1,20271118,1,20271119,1,20271122,1,20271123,1,20271124,1,20271125,1,20271126,1,20271129,1,20271130,1,20271201,1,20271202,1,20271203,1,20271206,1,20271207,1,20271208,1,20271209,1,20271210,1,20271213,1,20271214,1,20271215,1,20271216,1,20271217,1,20271220,1,20271221,1,20271222,1,20271223,1,20271224,1,20271227,1,20271228,1,20271229,1,20271230,1,20271231,1
'1451005',20261008,1,20261009,1,20261012,1,20261013,1,20261014,1,20261015,1,20261016,1,20261019,1,20261020,1,20261021,1,20261022,1,20261023,1,20261026,1,20261027,1,20261028,1,20261029,1,20261030,1,20261102,1,20261103,1,20261104,1,20261105,1,20261106,1,20261109,1,20261110,1,20261111,1,20261112,1,20261113,1,20261116,1,20261117,1,20261118,1,20261119,1,20261120,1,20261123,1,20261124,1,20261125,1,20261126,1,20261127,1,20261130,1,20261201,1,20261202,1,20261203,1,20261204,1,20261207,1,20261208,1,20261209,1,20261210,1,20261211,1,20261214,1,20261215,1,20261216,1,20261217,1,20261218,1,20261221,1,20261222,1,20261223,1,20261224,1,20261225,1,20261228,1,20261229,1,20261230,1,20261231,1,20270101,1,20270104,1,20270105,1,20270106,1,20270107,1,20270108,1,20270111,1,20270112,1,20270113,1,20270114,1,20270115,1,20270118,1,20270119,1,20270120,1,20270121,1,20270122,1,20270125,1,20270126,1,20270127,1,20270128,1,20270129,1,20270201,1,20270202,1,20270203,1,20270204,1,20270205,1,20270208,1,20270209,1,20270210,1,20270211,1,20270212,1,20270215,1,20270216,1,20270217,1,20270218,1,20270219,1,20270222,1,20270223,1,20270224,1,20270225,1,20270226,1,20270301,1,20270302,1,20270303,1,20270304,1,20270305,1,20270308,1,20270309,1,20270310,1,20270311,1,20270312,1,20270315,1,20270316,1,20270317,1,20270318,1,20270319,1,20270322,1,20270323,1,20270324,1,20270325,1,20270326,1,20270329,1,20270330,1,20270331,1,20270401,1,20270402,1,20270405,1,20270406,1,20270407,1,20270408,1,20270409,1,20270412,1,20270413,1,20270414,1,20270415,1,20270416,1,20270419,1,20270420,1,20270421,1,20270422,1,20270423,1,20270426,1,20270427,1,20270428,1,20270429,1,20270430,1,20270503,1,20270504,1,20270505,1,20270506,1,20270507,1,20270510,1,20270511,1,20270512,1,20270513,1,20270514,1,20270517,1,20270518,1,20270519,1,20270520,1,20270521,1,20270524,1,20270525,1,20270526,1,20270527,1,20270528,1,20270531,1,20270601,1,20270602,1,20270603,1,20270604,1,20270607,1,20270608,1,20270609,1,20270610,1,20270611,1,20270614,1,20270615,1,20270616,1,20270617,1,20270618,1,20270621,1,20270622,1,20270623,1,20270624,1,20270625,1,20270628,1,20270629,1,20270630,1,20270701,1,20270702,1,20270705,1,20270706,1,20270707,1,20270708,1,20270709,1,20270712,1,20270713,1,20270714,1,20270715,1,20270716,1,20270719,1,20270720,1,20270721,1,20270722,1,20270723,1,20270726,1,20270727,1,20270728,1,20270729,1,20270730,1,20270802,1,20270803,1,20270804,1,20270805,1,20270806,1,20270809,1,20270810,1,20270811,1,20270812,1,20270813,1,20270816,1,20270817,1,20270818,1,20270819,1,20270820,1,20270823,1,20270824,1,20270825,1,20270826,1,20270827,1,20270830,1,20270831,1,20270901,1,20270902,1,20270903,1,20270906,1,20270907,1,20270908,1,20270909,1,20270910,1,20270913,1,20270914,1,20270915,1,20270916,1,20270917,1,20270920,1,20270921,1,20270922,1,20270923,1,20270924,1,20270927,1,20270928,1,20270929,1,20270930,1,20271001,1,20271004,1,20271005,1,20271006,1,20271007,1,20271008,1,20271011,1,20271012,1,20271013,1,20271014,1,20271015,1,20271018,1,20271019,1,20271020,1,20271021,1,20271022,1,20271025,1,20271026,1,20271027,1,20271028,1,20271029,1,20271101,1,20271102,1,20271103,1,20271104,1,20271105,1,20271108,1,20271109,1,20271110,1,20271111,1,20271112,1,20271115,1,20271116,1,20271117,1,20271118,1,20271119,1,20271122,1,20271123,1,20271124,1,20271125,1,20271126,1,20271129,1,20271130,1,20271201,1,20271202,1,20271203,1,20271206,1,20271207,1,20271208,1,20271209,1,20271210,1,20271213,1,20271214,1,20271215,1,20271216,1,20271217,1,20271220,1,20271221,1,20271222,1,20271223,1,20271224,1,20271227,1,20271228,1,20271229,1,20271230,1,20271231,1
'1451006',20261008,1,20261009,1,20261012,1,20261013,1,20261014,1,20261015,1,20261016,1,20261019,1,20261020,1,20261021,1,20261022,1,20261023,1,20261026,1,20261027,1,20261028,1,20261029,1,20261030,1,20261102,1,20261103,1,20261104,1,20261105,1,20261106,1,20261109,1,20261110,1,20261111,1,20261112,1,20261113,1,20261116,1,20261117,1,20261118,1,20261119,1,20261120,1,20261123,1,20261124,1,20261125,1,20261126,1,20261127,1,20261130,1,20261201,1,20261202,1,20261203,1,20261204,1,20261207,1,20261208,1,20261209,1,20261210,1,20261211,1,20261214,1,20261215,1,20261216,1,20261217,1,20261218,1,20261221,1,20261222,1,20261223,1,20261224,1,20261225,1,20261228,1,20261229,1,20261230,1,20261231,1,20270101,1,20270104,1,20270105,1,20270106,1,20270107,1,20270108,1,20270111,1,20270112,1,20270113,1,20270114,1,20270115,1,20270118,1,20270119,1,20270120,1,20270121,1,20270122,1,20270125,1,20270126,1,20270127,1,20270128,1,20270129,1,20270201,1,20270202,1,20270203,1,20270204,1,20270205,1,20270208,1,20270209,1,20270210,1,20270211,1,20270212,1,20270215,1,20270216,1,20270217,1,20270218,1,20270219,1,20270222,1,20270223,1,20270224,1,20270225,1,20270226,1,20270301,1,20270302,1,20270303,1,20270304,1,20270305,1,20270308,1,20270309,1,20270310,1,20270311,1,20270312,1,20270315,1,20270316,1,20270317,1,20270318,1,20270319,1,20270322,1,20270323,1,20270324,1,20270325,1,20270326,1,20270329,1,20270330,1,20270331,1,20270401,1,20270402,1,20270405,1,20270406,1,20270407,1,20270408,1,20270409,1,20270412,1,20270413,1,20270414,1,20270415,1,20270416,1,20270419,1,20270420,1,20270421,1,20270422,1,20270423,1,20270426,1,20270427,1,20270428,1,20270429,1,20270430,1,20270503,1,20270504,1,20270505,1,20270506,1,20270507,1,20270510,1,20270511,1,20270512,1,20270513,1,20270514,1,20270517,1,20270518,1,20270519,1,20270520,1,20270521,1,20270524,1,20270525,1,20270526,1,20270527,1,20270528,1,20270531,1,20270601,1,20270602,1,20270603,1,20270604,1,20270607,1,20270608,1,20270609,1,20270610,1,20270611,1,20270614,1,20270615,1,20270616,1,20270617,1,20270618,1,20270621,1,20270622,1,20270623,1,20270624,1,20270625,1,20270628,1,20270629,1,20270630,1,20270701,1,20270702,1,20270705,1,20270706,1,20270707,1,20270708,1,20270709,1,20270712,1,20270713,1,20270714,1,20270715,1,20270716,1,20270719,1,20270720,1,20270721,1,20270722,1,20270723,1,20270726,1,20270727,1,20270728,1,20270729,1,20270730,1,20270802,1,20270803,1,20270804,1,20270805,1,20270806,1,20270809,1,20270810,1,20270811,1,20270812,1,20270813,1,20270816,1,20270817,1,20270818,1,20270819,1,20270820,1,20270823,1,20270824,1,20270825,1,20270826,1,20270827,1,20270830,1,20270831,1,20270901,1,20270902,1,20270903,1,20270906,1,20270907,1,20270908,1,20270909,1,20270910,1,20270913,1,20270914,1,20270915,1,20270916,1,20270917,1,20270920,1,20270921,1,20270922,1,20270923,1,20270924,1,20270927,1,20270928,1,20270929,1,20270930,1,20271001,1,20271004,1,20271005,1,20271006,1,20271007,1,20271008,1,20271011,1,20271012,1,20271013,1,20271014,1,20271015,1,20271018,1,20271019,1,20271020,1,20271021,1,20271022,1,20271025,1,20271026,1,20271027,1,20271028,1,20271029,1,20271101,1,20271102,1,20271103,1,20271104,1,20271105,1,20271108,1,20271109,1,20271110,1,20271111,1,20271112,1,20271115,1,20271116,1,20271117,1,20271118,1,20271119,1,20271122,1,20271123,1,20271124,1,20271125,1,20271126,1,20271129,1,20271130,1,20271201,1,20271202,1,20271203,1,20271206,1,20271207,1,20271208,1,20271209,1,20271210,1,20271213,1,20271214,1,20271215,1,20271216,1,20271217,1,20271220,1,20271221,1,20271222,1,20271223,1,20271224,1,20271227,1,20271228,1,20271229,1,20271230,1,20271231,1
'1451058',20261008,1,20261009,1,20261012,1,20261013,1,20261014,1,20261015,1,20261016,1,20261019,1,20261020,1,20261021,1,20261022,1,20261023,1,20261026,1,20261027,1,20261028,1,20261029,1,20261030,1,20261102,1,20261103,1,20261104,1,20261105,1,20261106,1,20261109,1,20261110,1,20261111,1,20261112,1,20261113,1,20261116,1,20261117,1,20261118,1,20261119,1,20261120,1,20261123,1,20261124,1,20261125,1,20261126,1,20261127,1,20261130,1,20261201,1,20261202,1,20261203,1,20261204,1,20261207,1,20261208,1,20261209,1,20261210,1,20261211,1,20261214,1,20261215,1,20261216,1,20261217,1,20261218,1,20261221,1,20261222,1,20261223,1,20261224,1,20261225,1,20261228,1,20261229,1,20261230,1,20261231,1,20270101,1,20270104,1,20270105,1,20270106,1,20270107,1,20270108,1,20270111,1,20270112,1,20270113,1,20270114,1,20270115,1,20270118,1,20270119,1,20270120,1,20270121,1,20270122,1,20270125,1,20270126,1,20270127,1,20270128,1,20270129,1,20270201,1,20270202,1,20270203,1,20270204,1,20270205,1,20270208,1,20270209,1,20270210,1,20270211,1,20270212,1,20270215,1,20270216,1,20270217,1,20270218,1,20270219,1,20270222,1,20270223,1,20270224,1,20270225,1,20270226,1,20270301,1,20270302,1,20270303,1,20270304,1,20270305,1,20270308,1,20270309,1,20270310,1,20270311,1,20270312,1,20270315,1,20270316,1,20270317,1,20270318,1,20270319,1,20270322,1,20270323,1,20270324,1,20270325,1,20270326,1,20270329,1,20270330,1,20270331,1,20270401,1,20270402,1,20270405,1,20270406,1,20270407,1,20270408,1,20270409,1,20270412,1,20270413,1,20270414,1,20270415,1,20270416,1,20270419,1,20270420,1,20270421,1,20270422,1,20270423,1,20270426,1,20270427,1,20270428,1,20270429,1,20270430,1,20270503,1,20270504,1,20270505,1,20270506,1,20270507,1,20270510,1,20270511,1,20270512,1,20270513,1,20270514,1,20270517,1,20270518,1,20270519,1,20270520,1,20270521,1,20270524,1,20270525,1,20270526,1,20270527,1,20270528,1,20270531,1,20270601,1,20270602,1,20270603,1,20270604,1,20270607,1,20270608,1,20270609,1,20270610,1,20270611,1,20270614,1,20270615,1,20270616,1,20270617,1,20270618,1,20270621,1,20270622,1,20270623,1,20270624,1,20270625,1,20270628,1,20270629,1,20270630,1,20270701,1,20270702,1,20270705,1,20270706,1,20270707,1,20270708,1,20270709,1,20270712,1,20270713,1,20270714,1,20270715,1,20270716,1,20270719,1,20270720,1,20270721,1,20270722,1,20270723,1,20270726,1,20270727,1,20270728,1,20270729,1,20270730,1,20270802,1,20270803,1,20270804,1,20270805,1,20270806,1,20270809,1,20270810,1,20270811,1,20270812,1,20270813,1,20270816,1,20270817,1,20270818,1,20270819,1,20270820,1,20270823,1,20270824,1,20270825,1,20270826,1,20270827,1,20270830,1,20270831,1,20270901,1,20270902,1,20270903,1,20270906,1,20270907,1,20270908,1,20270909,1,20270910,1,20270913,1,20270914,1,20270915,1,20270916,1,20270917,1,20270920,1,20270921,1,20270922,1,20270923,1,20270924,1,20270927,1,20270928,1,20270929,1,20270930,1,20271001,1,20271004,1,20271005,1,20271006,1,20271007,1,20271008,1,20271011,1,20271012,1,20271013,1,20271014,1,20271015,1,20271018,1,20271019,1,20271020,1,20271021,1,20271022,1,20271025,1,20271026,1,20271027,1,20271028,1,20271029,1,20271101,1,20271102,1,20271103,1,20271104,1,20271105,1,20271108,1,20271109,1,20271110,1,20271111,1,20271112,1,20271115,1,20271116,1,20271117,1,20271118,1,20271119,1,20271122,1,20271123,1,20271124,1,20271125,1,20271126,1,20271129,1,20271130,1,20271201,1,20271202,1,20271203,1,20271206,1,20271207,1,20271208,1,20271209,1,20271210,1,20271213,1,20271214,1,20271215,1,20271216,1,20271217,1,20271220,1,20271221,1,20271222,1,20271223,1,20271224,1,20271227,1,20271228,1,20271229,1,20271230,1,20271231,1
'1451063',20261010,1,20261017,1,20261024,1,20261031,1,20261107,1,20261114,1,20261121,1,20261128,1,20261205,1,20261212,1,20261219,1,20261226,1,20270102,1,20270109,1,20270116,1,20270123,1,20270130,1,20270206,1,20270213,1,20270220,1,20270227,1,20270306,1,20270313,1,20270320,1,20270327,1,20270403,1,20270410,1,20270417,1,20270424,1,20270501,1,20270508,1,20270515,1,20270522,1,20270529,1,20270605,1,20270612,1,20270619,1,20270626,1,20270703,1,20270710,1,20270717,1,20270724,1,20270731,1,20270807,1,20270814,1,20270821,1,20270828,1,20270904,1,20270911,1,20270918,1,20270925,1,20271002,1,20271009,1,20271016,1,20271023,1,20271030,1,20271106,1,20271113,1,20271120,1,20271127,1,20271204,1,20271211,1,20271218,1,20271225,1,20280101,1
'1451086',20261010,1,20261011,1,20261017,1,20261018,1,20261024,1,20261025,1,20261031,1,20261101,1,20261107,1,20261108,1,20261114,1,20261115,1,20261121,1,20261122,1,20261128,1,20261129,1,20261205,1,20261206,1,20261212,1,20261213,1,20261219,1,20261220,1,20261226,1,20261227,1,20270102,1,20270103,1,20270109,1,20270110,1,20270116,1,20270117,1,20270123,1,20270124,1,20270130,1,20270131,1,20270206,1,20270207,1,20270213,1,20270214,1,20270220,1,20270221,1,20270227,1,20270228,1,20270306,1,20270307,1,20270313,1,20270314,1,20270320,1,20270321,1,20270327,1,20270328,1,20270403,1,20270404,1,20270410,1,20270411,1,20270417,1,20270418,1,20270424,1,20270425,1,20270501,1,20270502,1,20270508,1,20270509,1,20270515,1,20270516,1,20270522,1,20270523,1,20270529,1,20270530,1,20270605,1,20270606,1,20270612,1,20270613,1,20270619,1,20270620,1,20270626,1,20270627,1,20270703,1,20270704,1,20270710,1,20270711,1,20270717,1,20270718,1,20270724,1,20270725,1,20270731,1,20270801,1,20270807,1,20270808,1,20270814,1,20270815,1,20270821,1,20270822,1,20270828,1,20270829,1,20270904,1,20270905,1,20270911,1,20270912,1,20270918,1,20270919,1,20270925,1,20270926,1,20271002,1,20271003,1,20271009,1,20271010,1,20271016,1,20271017,1,20271023,1,20271024,1,20271030,1,20271031,1,20271106,1,20271107,1,20271113,1,20271114,1,20271120,1,20271121,1,20271127,1,20271128,1,20271204,1,20271205,1,20271211,1,20271212,1,20271218,1,20271219,1,20271225,1,20271226,1,20280101,1
'1451117',20261008,1,20261009,1,20261012,1,20261013,1,20261014,1,20261015,1,20261016,1,20261019,1,20261020,1,20261021,1,20261022,1,20261023,1,20261026,1,20261027,1,20261028,1,20261029,1,20261030,1,20261102,1,20261103,1,20261104,1,20261105,1,20261106,1,20261109,1,20261110,1,20261111,1,20261112,1,20261113,1,20261116,1,20261117,1,20261118,1,20261119,1,20261120,1,20261123,1,20261124,1,20261125,1,20261126,1,20261127,1,20261130,1,20261201,1,20261202,1,20261203,1,20261204,1,20261207,1,20261208,1,20261209,1,20261210,1,20261211,1,20261214,1,20261215,1,20261216,1,20261217,1,20261218,1,20261221,1,20261222,1,20261223,1,20261224,1,20261225,1,20261228,1,20261229,1,20261230,1,20261231,1,20270101,1,20270104,1,20270105,1,20270106,1,20270107,1,20270108,1,20270111,1,20270112,1,20270113,1,20270114,1,20270115,1,20270118,1,20270119,1,20270120,1,20270121,1,20270122,1,20270125,1,20270126,1,20270127,1,20270128,1,20270129,1,20270201,1,20270202,1,20270203,1,20270204,1,20270205,1,20270208,1,20270209,1,20270210,1,20270211,1,20270212,1,20270215,1,20270216,1,20270217,1,20270218,1,20270219,1,20270222,1,20270223,1,20270224,1,20270225,1,20270226,1,20270301,1,20270302,1,20270303,1,20270304,1,20270305,1,20270308,1,20270309,1,20270310,1,20270311,1,20270312,1,20270315,1,20270316,1,20270317,1,20270318,1,20270319,1,20270322,1,20270323,1,20270324,1,20270325,1,20270326,1,20270329,1,20270330,1,20270331,1,20270401,1,20270402,1,20270405,1,20270406,1,20270407,1,20270408,1,20270409,1,20270412,1,20270413,1,20270414,1,20270415,1,20270416,1,20270419,1,20270420,1,20270421,1,20270422,1,20270423,1,20270426,1,20270427,1,20270428,1,20270429,1,20270430,1,20270503,1,20270504,1,20270505,1,20270506,1,20270507,1,20270510,1,20270511,1,20270512,1,20270513,1,20270514,1,20270517,1,20270518,1,20270519,1,20270520,1,20270521,1,20270524,1,20270525,1,20270526,1,20270527,1,20270528,1,20270531,1,20270601,1,20270602,1,20270603,1,20270604,1,20270607,1,20270608,1,20270609,1,20270610,1,20270611,1,20270614,1,20270615,1,20270616,1,20270617,1,20270618,1,20270621,1,20270622,1,20270623,1,20270624,1,20270625,1,20270628,1,20270629,1,20270630,1,20270701,1,20270702,1,20270705,1,20270706,1,20270707,1,20270708,1,20270709,1,20270712,1,20270713,1,20270714,1,20270715,1,20270716,1,20270719,1,20270720,1,20270721,1,20270722,1,20270723,1,20270726,1,20270727,1,20270728,1,20270729,1,20270730,1,20270802,1,20270803,1,20270804,1,20270805,1,20270806,1,20270809,1,20270810,1,20270811,1,20270812,1,20270813,1,20270816,1,20270817,1,20270818,1,20270819,1,20270820,1,20270823,1,20270824,1,20270825,1,20270826,1,20270827,1,20270830,1,20270831,1,20270901,1,20270902,1,20270903,1,20270906,1,20270907,1,20270908,1,20270909,1,20270910,1,20270913,1,20270914,1,20270915,1,20270916,1,20270917,1,20270920,1,20270921,1,20270922,1,20270923,1,20270924,1,20270927,1,20270928,1,20270929,1,20270930,1,20271001,1,20271004,1,20271005,1,20271006,1,20271007,1,20271008,1,20271011,1,20271012,1,20271013,1,20271014,1,20271015,1,20271018,1,20271019,1,20271020,1,20271021,1,20271022,1,20271025,1,20271026,1,20271027,1,20271028,1,20271029,1,20271101,1,20271102,1,20271103,1,20271104,1,20271105,1,20271108,1,20271109,1,20271110,1,20271111,1,20271112,1,20271115,1,20271116,1,20271117,1,20271118,1,20271119,1,20271122,1,20271123,1,20271124,1,20271125,1,20271126,1,20271129,1,20271130,1,20271201,1,20271202,1,20271203,1,20271206,1,20271207,1,20271208,1,20271209,1,20271210,1,20271213,1,20271214,1,20271215,1,20271216,1,20271217,1,20271220,1,20271221,1,20271222,1,20271223,1,20271224,1,20271227,1,20271228,1,20271229,1,20271230,1,20271231,1
'1451122',20261010,1,20261017,1,20261024,1,20261031,1,20261107,1,20261114,1,20261121,1,20261128,1,20261205,1,20261212,1,20261219,1,20261226,1,20270102,1,20270109,1,20270116,1,20270123,1,20270130,1,20270206,1,20270213,1,20270220,1,20270227,1,20270306,1,20270313,1,20270320,1,20270327,1,20270403,1,20270410,1,20270417,1,20270424,1,20270501,1,20270508,1,20270515,1,20270522,1,20270529,1,20270605,1,20270612,1,20270619,1,20270626,1,20270703,1,20270710,1,20270717,1,20270724,1,20270731,1,20270807,1,20270814,1,20270821,1,20270828,1,20270904,1,20270911,1,20270918,1,20270925,1,20271002,1,20271009,1,20271016,1,20271023,1,20271030,1,20271106,1,20271113,1,20271120,1,20271127,1,20271204,1,20271211,1,20271218,1,20271225,1,20280101,1
'1451125',20261010,1,20261011,1,20261017,1,20261018,1,20261024,1,20261025,1,20261031,1,20261101,1,20261107,1,20261108,1,20261114,1,20261115,1,20261121,1,20261122,1,20261128,1,20261129,1,20261205,1,20261206,1,20261212,1,20261213,1,20261219,1,20261220,1,20261226,1,20261227,1,20270102,1,20270103,1,20270109,1,20270110,1,20270116,1,20270117,1,20270123,1,20270124,1,20270130,1,20270131,1,20270206,1,20270207,1,20270213,1,20270214,1,20270220,1,20270221,1,20270227,1,20270228,1,20270306,1,20270307,1,20270313,1,20270314,1,20270320,1,20270321,1,20270327,1,20270328,1,20270403,1,20270404,1,20270410,1,20270411,1,20270417,1,20270418,1,20270424,1,20270425,1,20270501,1,20270502,1,20270508,1,20270509,1,20270515,1,20270516,1,20270522,1,20270523,1,20270529,1,20270530,1,20270605,1,20270606,1,20270612,1,20270613,1,20270619,1,20270620,1,20270626,1,20270627,1,20270703,1,20270704,1,20270710,1,20270711,1,20270717,1,20270718,1,20270724,1,20270725,1,20270731,1,20270801,1,20270807,1,20270808,1,20270814,1,20270815,1,20270821,1,20270822,1,20270828,1,20270829,1,20270904,1,20270905,1,20270911,1,20270912,1,20270918,1,20270919,1,20270925,1,20270926,1,20271002,1,20271003,1,20271009,1,20271010,1,20271016,1,20271017,1,20271023,1,20271024,1,20271030,1,20271031,1,20271106,1,20271107,1,20271113,1,20271114,1,20271120,1,20271121,1,20271127,1,20271128,1,20271204,1,20271205,1,20271211,1,20271212,1,20271218,1,20271219,1,20271225,1,20271226,1,20280101,1
'1451144',20261010,1,20261017,1,20261024,1,20261031,1,20261107,1,20261114,1,20261121,1,20261128,1,20261205,1,20261212,1,20261219,1,20261226,1,20270102,1,20270109,1,20270116,1,20270123,1,20270130,1,20270206,1,20270213,1,20270220,1,20270227,1,20270306,1,20270313,1,20270320,1,20270327,1,20270403,1,20270410,1,20270417,1,20270424,1,20270501,1,20270508,1,20270515,1,20270522,1,20270529,1,20270605,1,20270612,1,20270619,1,20270626,1,20270703,1,20270710,1,20270717,1,20270724,1,20270731,1,20270807,1,20270814,1,20270821,1,20270828,1,20270904,1,20270911,1,20270918,1,20270925,1,20271002,1,20271009,1,20271016,1,20271023,1,20271030,1,20271106,1,20271113,1,20271120,1,20271127,1,20271204,1,20271211,1,20271218,1,20271225,1,20280101,1
'1451171',20261010,1,20261011,1,20261017,1,20261018,1,20261024,1,20261025,1,20261031,1,20261101,1,20261107,1,20261108,1,20261114,1,20261115,1,20261121,1,20261122,1,20261128,1,20261129,1,20261205,1,20261206,1,20261212,1,20261213,1,20261219,1,20261220,1,20261226,1,20261227,1,20270102,1,20270103,1,20270109,1,20270110,1,20270116,1,20270117,1,20270123,1,20270124,1,20270130,1,20270131,1,20270206,1,20270207,1,20270213,1,20270214,1,20270220,1,20270221,1,20270227,1,20270228,1,20270306,1,20270307,1,20270313,1,20270314,1,20270320,1,20270321,1,20270327,1,20270328,1,20270403,1,20270404,1,20270410,1,20270411,1,20270417,1,20270418,1,20270424,1,20270425,1,20270501,1,20270502,1,20270508,1,20270509,1,20270515,1,20270516,1,20270522,1,20270523,1,20270529,1,20270530,1,20270605,1,20270606,1,20270612,1,20270613,1,20270619,1,20270620,1,20270626,1,20270627,1,20270703,1,20270704,1,20270710,1,20270711,1,20270717,1,20270718,1,20270724,1,20270725,1,20270731,1,20270801,1,20270807,1,20270808,1,20270814,1,20270815,1,20270821,1,20270822,1,20270828,1,20270829,1,20270904,1,20270905,1,20270911,1,20270912,1,20270918,1,20270919,1,20270925,1,20270926,1,20271002,1,20271003,1,20271009,1,20271010,1,20271016,1,20271017,1,20271023,1,20271024,1,20271030,1,20271031,1,20271106,1,20271107,1,20271113,1,20271114,1,20271120,1,20271121,1,20271127,1,20271128,1,20271204,1,20271205,1,20271211,1,20271212,1,20271218,1,20271219,1,20271225,1,20271226,1,20280101,1
'1451240',20261010,1,20261011,1,20261017,1,20261018,1,20261024,1,20261025,1,20261031,1,20261101,1,20261107,1,20261108,1,20261114,1,20261115,1,20261121,1,20261122,1,20261128,1,20261129,1,20261205,1,20261206,1,20261212,1,20261213,1,20261219,1,20261220,1,20261226,1,20261227,1,20270102,1,20270103,1,20270109,1,20270110,1,20270116,1,20270117,1,20270123,1,20270124,1,20270130,1,20270131,1,20270206,1,20270207,1,20270213,1,20270214,1,20270220,1,20270221,1,20270227,1,20270228,1,20270306,1,20270307,1,20270313,1,20270314,1,20270320,1,20270321,1,20270327,1,20270328,1,20270403,1,20270404,1,20270410,1,20270411,1,20270417,1,20270418,1,20270424,1,20270425,1,20270501,1,20270502,1,20270508,1,20270509,1,20270515,1,20270516,1,20270522,1,20270523,1,20270529,1,20270530,1,20270605,1,20270606,1,20270612,1,20270613,1,20270619,1,20270620,1,20270626,1,20270627,1,20270703,1,20270704,1,20270710,1,20270711,1,20270717,1,20270718,1,20270724,1,20270725,1,20270731,1,20270801,1,20270807,1,20270808,1,20270814,1,20270815,1,20270821,1,20270822,1,20270828,1,20270829,1,20270904,1,20270905,1,20270911,1,20270912,1,20270918,1,20270919,1,20270925,1,20270926,1,20271002,1,20271003,1,20271009,1,20271010,1,20271016,1,20271017,1,20271023,1,20271024,1,20271030,1,20271031,1,20271106,1,20271107,1,20271113,1,20271114,1,20271120,1,20271121,1,20271127,1,20271128,1,20271204,1,20271205,1,20271211,1,20271212,1,20271218,1,20271219,1,20271225,1,20271226,1,20280101,1
'1451247',20261008,1,20261009,1,20261012,1,20261013,1,20261014,1,20261015,1,20261016,1,20261019,1,20261020,1,20261021,1,20261022,1,20261023,1,20261026,1,20261027,1,20261028,1,20261029,1,20261030,1,20261102,1,20261103,1,20261104,1,20261105,1,20261106,1,20261109,1,20261110,1,20261111,1,20261112,1,20261113,1,20261116,1,20261117,1,20261118,1,20261119,1,20261120,1,20261123,1,20261124,1,20261125,1,20261126,1,20261127,1,20261130,1,20261201,1,20261202,1,20261203,1,20261204,1,20261207,1,20261208,1,20261209,1,20261210,1,20261211,1,20261214,1,20261215,1,20261216,1,20261217,1,20261218,1,20261221,1,20261222,1,20261223,1,20261224,1,20261225,1,20261228,1,20261229,1,20261230,1,20261231,1,20270101,1,20270104,1,20270105,1,20270106,1,20270107,1,20270108,1,20270111,1,20270112,1,20270113,1,20270114,1,20270115,1,20270118,1,20270119,1,20270120,1,20270121,1,20270122,1,20270125,1,20270126,1,20270127,1,20270128,1,20270129,1,20270201,1,20270202,1,20270203,1,20270204,1,20270205,1,20270208,1,20270209,1,20270210,1,20270211,1,20270212,1,20270215,1,20270216,1,20270217,1,20270218,1,20270219,1,20270222,1,20270223,1,20270224,1,20270225,1,20270226,1,20270301,1,20270302,1,20270303,1,20270304,1,20270305,1,20270308,1,20270309,1,20270310,1,20270311,1,20270312,1,20270315,1,20270316,1,20270317,1,20270318,1,20270319,1,20270322,1,20270323,1,20270324,1,20270325,1,20270326,1,20270329,1,20270330,1,20270331,1,20270401,1,20270402,1,20270405,1,20270406,1,20270407,1,20270408,1,20270409,1,20270412,1,20270413,1,20270414,1,20270415,1,20270416,1,20270419,1,20270420,1,20270421,1,20270422,1,20270423,1,20270426,1,20270427,1,20270428,1,20270429,1,20270430,1,20270503,1,20270504,1,20270505,1,20270506,1,20270507,1,20270510,1,20270511,1,20270512,1,20270513,1,20270514,1,20270517,1,20270518,1,20270519,1,20270520,1,20270521,1,20270524,1,20270525,1,20270526,1,20270527,1,20270528,1,20270531,1,20270601,1,20270602,1,20270603,1,20270604,1,20270607,1,20270608,1,20270609,1,20270610,1,20270611,1,20270614,1,20270615,1,20270616,1,20270617,1,20270618,1,20270621,1,20270622,1,20270623,1,20270624,1,20270625,1,20270628,1,20270629,1,20270630,1,20270701,1,20270702,1,20270705,1,20270706,1,20270707,1,20270708,1,20270709,1,20270712,1,20270713,1,20270714,1,20270715,1,20270716,1,20270719,1,20270720,1,20270721,1,20270722,1,20270723,1,20270726,1,20270727,1,20270728,1,20270729,1,20270730,1,20270802,1,20270803,1,20270804,1,20270805,1,20270806,1,20270809,1,20270810,1,20270811,1,20270812,1,20270813,1,20270816,1,20270817,1,20270818,1,20270819,1,20270820,1,20270823,1,20270824,1,20270825,1,20270826,1,20270827,1,20270830,1,20270831,1,20270901,1,20270902,1,20270903,1,20270906,1,20270907,1,20270908,1,20270909,1,20270910,1,20270913,1,20270914,1,20270915,1,20270916,1,20270917,1,20270920,1,20270921,1,20270922,1,20270923,1,20270924,1,20270927,1,20270928,1,20270929,1,20270930,1,20271001,1,20271004,1,20271005,1,20271006,1,20271007,1,20271008,1,20271011,1,20271012,1,20271013,1,20271014,1,20271015,1,20271018,1,20271019,1,20271020,1,20271021,1,20271022,1,20271025,1,20271026,1,20271027,1,20271028,1,20271029,1,20271101,1,20271102,1,20271103,1,20271104,1,20271105,1,20271108,1,20271109,1,20271110,1,20271111,1,20271112,1,20271115,1,20271116,1,20271117,1,20271118,1,20271119,1,20271122,1,20271123,1,20271124,1,20271125,1,20271126,1,20271129,1,20271130,1,20271201,1,20271202,1,20271203,1,20271206,1,20271207,1,20271208,1,20271209,1,20271210,1,20271213,1,20271214,1,20271215,1,20271216,1,20271217,1,20271220,1,20271221,1,20271222,1,20271223,1,20271224,1,20271227,1,20271228,1,20271229,1,20271230,1,20271231,1
'1451281',20261010,1,20261011,1,20261017,1,20261018,1,20261024,1,20261025,1,20261031,1,20261101,1,20261107,1,20261108,1,20261114,1,20261115,1,20261121,1,20261122,1,20261128,1,20261129,1,20261205,1,20261206,1,20261212,1,20261213,1,20261219,1,20261220,1,20261226,1,20261227,1,20270102,1,20270103,1,20270109,1,20270110,1,20270116,1,20270117,1,20270123,1,20270124,1,20270130,1,20270131,1,20270206,1,20270207,1,20270213,1,20270214,1,20270220,1,20270221,1,20270227,1,20270228,1,20270306,1,20270307,1,20270313,1,20270314,1,20270320,1,20270321,1,20270327,1,20270328,1,20270403,1,20270404,1,20270410,1,20270411,1,20270417,1,20270418,1,20270424,1,20270425,1,20270501,1,20270502,1,20270508,1,20270509,1,20270515,1,20270516,1,20270522,1,20270523,1,20270529,1,20270530,1,20270605,1,20270606,1,20270612,1,20270613,1,20270619,1,20270620,1,20270626,1,20270627,1,20270703,1,20270704,1,20270710,1,20270711,1,20270717,1,20270718,1,20270724,1,20270725,1,20270731,1,20270801,1,20270807,1,20270808,1,20270814,1,20270815,1,20270821,1,20270822,1,20270828,1,20270829,1,20270904,1,20270905,1,20270911,1,20270912,1,20270918,1,20270919,1,20270925,1,20270926,1,20271002,1,20271003,1,20271009,1,20271010,1,20271016,1,20271017,1,20271023,1,20271024,1,20271030,1,20271031,1,20271106,1,20271107,1,20271113,1,20271114,1,20271120,1,20271121,1,20271127,1,20271128,1,20271204,1,20271205,1,20271211,1,20271212,1,20271218,1,20271219,1,20271225,1,20271226,1,20280101,1
'1451311',20261008,1,20261009,1,20261012,1,20261013,1,20261014,1,20261015,1,20261016,1,20261019,1,20261020,1,20261021,1,20261022,1,20261023,1,20261026,1,20261027,1,20261028,1,20261029,1,20261030,1,20261102,1,20261103,1,20261104,1,20261105,1,20261106,1,20261109,1,20261110,1,20261111,1,20261112,1,20261113,1,20261116,1,20261117,1,20261118,1,20261119,1,20261120,1,20261123,1,20261124,1,20261125,1,20261126,1,20261127,1,20261130,1,20261201,1,20261202,1,20261203,1,20261204,1,20261207,1,20261208,1,20261209,1,20261210,1,20261211,1,20261214,1,20261215,1,20261216,1,20261217,1,20261218,1,20261221,1,20261222,1,20261223,1,20261224,1,20261225,1,20261228,1,20261229,1,20261230,1,20261231,1,20270101,1,20270104,1,20270105,1,20270106,1,20270107,1,20270108,1,20270111,1,20270112,1,20270113,1,20270114,1,20270115,1,20270118,1,20270119,1,20270120,1,20270121,1,20270122,1,20270125,1,20270126,1,20270127,1,20270128,1,20270129,1,20270201,1,20270202,1,20270203,1,20270204,1,20270205,1,20270208,1,20270209,1,20270210,1,20270211,1,20270212,1,20270215,1,20270216,1,20270217,1,20270218,1,20270219,1,20270222,1,20270223,1,20270224,1,20270225,1,20270226,1,20270301,1,20270302,1,20270303,1,20270304,1,20270305,1,20270308,1,20270309,1,20270310,1,20270311,1,20270312,1,20270315,1,20270316,1,20270317,1,20270318,1,20270319,1,20270322,1,20270323,1,20270324,1,20270325,1,20270326,1,20270329,1,20270330,1,20270331,1,20270401,1,20270402,1,20270405,1,20270406,1,20270407,1,20270408,1,20270409,1,20270412,1,20270413,1,20270414,1,20270415,1,20270416,1,20270419,1,20270420,1,20270421,1,20270422,1,20270423,1,20270426,1,20270427,1,20270428,1,20270429,1,20270430,1,20270503,1,20270504,1,20270505,1,20270506,1,20270507,1,20270510,1,20270511,1,20270512,1,20270513,1,20270514,1,20270517,1,20270518,1,20270519,1,20270520,1,20270521,1,20270524,1,20270525,1,20270526,1,20270527,1,20270528,1,20270531,1,20270601,1,20270602,1,20270603,1,20270604,1,20270607,1,20270608,1,20270609,1,20270610,1,20270611,1,20270614,1,20270615,1,20270616,1,20270617,1,20270618,1,20270621,1,20270622,1,20270623,1,20270624,1,20270625,1,20270628,1,20270629,1,20270630,1,20270701,1,20270702,1,20270705,1,20270706,1,20270707,1,20270708,1,20270709,1,20270712,1,20270713,1,20270714,1,20270715,1,20270716,1,20270719,1,20270720,1,20270721,1,20270722,1,20270723,1,20270726,1,20270727,1,20270728,1,20270729,1,20270730,1,20270802,1,20270803,1,20270804,1,20270805,1,20270806,1,20270809,1,20270810,1,20270811,1,20270812,1,20270813,1,20270816,1,20270817,1,20270818,1,20270819,1,20270820,1,20270823,1,20270824,1,20270825,1,20270826,1,20270827,1,20270830,1,20270831,1,20270901,1,20270902,1,20270903,1,20270906,1,20270907,1,20270908,1,20270909,1,20270910,1,20270913,1,20270914,1,20270915,1,20270916,1,20270917,1,20270920,1,20270921,1,20270922,1,20270923,1,20270924,1,20270927,1,20270928,1,20270929,1,20270930,1,20271001,1,20271004,1,20271005,1,20271006,1,20271007,1,20271008,1,20271011,1,20271012,1,20271013,1,20271014,1,20271015,1,20271018,1,20271019,1,20271020,1,20271021,1,20271022,1,20271025,1,20271026,1,20271027,1,20271028,1,20271029,1,20271101,1,20271102,1,20271103,1,20271104,1,20271105,1,20271108,1,20271109,1,20271110,1,20271111,1,20271112,1,20271115,1,20271116,1,20271117,1,20271118,1,20271119,1,20271122,1,20271123,1,20271124,1,20271125,1,20271126,1,20271129,1,20271130,1,20271201,1,20271202,1,20271203,1,20271206,1,20271207,1,20271208,1,20271209,1,20271210,1,20271213,1,20271214,1,20271215,1,20271216,1,20271217,1,20271220,1,20271221,1,20271222,1,20271223,1,20271224,1,20271227,1,20271228,1,20271229,1,20271230,1,20271231,1
'1451343',20261008,1,20261009,1,20261012,1,20261013,1,20261014,1,20261015,1,20261016,1,20261019,1,20261020,1,20261021,1,20261022,1,20261023,1,20261026,1,20261027,1,20261028,1,20261029,1,20261030,1,20261102,1,20261103,1,20261104,1,20261105,1,20261106,1,20261109,1,20261110,1,20261111,1,20261112,1,20261113,1,20261116,1,20261117,1,20261118,1,20261119,1,20261120,1,20261123,1,20261124,1,20261125,1,20261126,1,20261127,1,20261130,1,20261201,1,20261202,1,20261203,1,20261204,1,20261207,1,20261208,1,20261209,1,20261210,1,20261211,1,20261214,1,20261215,1,20261216,1,20261217,1,20261218,1,20261221,1,20261222,1,20261223,1,20261224,1,20261225,1,20261228,1,20261229,1,20261230,1,20261231,1,20270101,1,20270104,1,20270105,1,20270106,1,20270107,1,20270108,1,20270111,1,20270112,1,20270113,1,20270114,1,20270115,1,20270118,1,20270119,1,20270120,1,20270121,1,20270122,1,20270125,1,20270126,1,20270127,1,20270128,1,20270129,1,20270201,1,20270202,1,20270203,1,20270204,1,20270205,1,20270208,1,20270209,1,20270210,1,20270211,1,20270212,1,20270215,1,20270216,1,20270217,1,20270218,1,20270219,1,20270222,1,20270223,1,20270224,1,20270225,1,20270226,1,20270301,1,20270302,1,20270303,1,20270304,1,20270305,1,20270308,1,20270309,1,20270310,1,20270311,1,20270312,1,20270315,1,20270316,1,20270317,1,20270318,1,20270319,1,20270322,1,20270323,1,20270324,1,20270325,1,20270326,1,20270329,1,20270330,1,20270331,1,20270401,1,20270402,1,20270405,1,20270406,1,20270407,1,20270408,1,20270409,1,20270412,1,20270413,1,20270414,1,20270415,1,20270416,1,20270419,1,20270420,1,20270421,1,20270422,1,20270423,1,20270426,1,20270427,1,20270428,1,20270429,1,20270430,1,20270503,1,20270504,1,20270505,1,20270506,1,20270507,1,20270510,1,20270511,1,20270512,1,20270513,1,20270514,1,20270517,1,20270518,1,20270519,1,20270520,1,20270521,1,20270524,1,20270525,1,20270526,1,20270527,1,20270528,1,20270531,1,20270601,1,20270602,1,20270603,1,20270604,1,20270607,1,20270608,1,20270609,1,20270610,1,20270611,1,20270614,1,20270615,1,20270616,1,20270617,1,20270618,1,20270621,1,20270622,1,20270623,1,20270624,1,20270625,1,20270628,1,20270629,1,20270630,1,20270701,1,20270702,1,20270705,1,20270706,1,20270707,1,20270708,1,20270709,1,20270712,1,20270713,1,20270714,1,20270715,1,20270716,1,20270719,1,20270720,1,20270721,1,20270722,1,20270723,1,20270726,1,20270727,1,20270728,1,20270729,1,20270730,1,20270802,1,20270803,1,20270804,1,20270805,1,20270806,1,20270809,1,20270810,1,20270811,1,20270812,1,20270813,1,20270816,1,20270817,1,20270818,1,20270819,1,20270820,1,20270823,1,20270824,1,20270825,1,20270826,1,20270827,1,20270830,1,20270831,1,20270901,1,20270902,1,20270903,1,20270906,1,20270907,1,20270908,1,20270909,1,20270910,1,20270913,1,20270914,1,20270915,1,20270916,1,20270917,1,20270920,1,20270921,1,20270922,1,20270923,1,20270924,1,20270927,1,20270928,1,20270929,1,20270930,1,20271001,1,20271004,1,20271005,1,20271006,1,20271007,1,20271008,1,20271011,1,20271012,1,20271013,1,20271014,1,20271015,1,20271018,1,20271019,1,20271020,1,20271021,1,20271022,1,20271025,1,20271026,1,20271027,1,20271028,1,20271029,1,20271101,1,20271102,1,20271103,1,20271104,1,20271105,1,20271108,1,20271109,1,20271110,1,20271111,1,20271112,1,20271115,1,20271116,1,20271117,1,20271118,1,20271119,1,20271122,1,20271123,1,20271124,1,20271125,1,20271126,1,20271129,1,20271130,1,20271201,1,20271202,1,20271203,1,20271206,1,20271207,1,20271208,1,20271209,1,20271210,1,20271213,1,20271214,1,20271215,1,20271216,1,20271217,1,20271220,1,20271221,1,20271222,1,20271223,1,20271224,1,20271227,1,20271228,1,20271229,1,20271230,1,20271231,1
'1451357',20261008,1,20261009,1,20261012,1,20261013,1,20261014,1,20261015,1,20261016,1,20261019,1,20261020,1,20261021,1,20261022,1,20261023,1,20261026,1,20261027,1,20261028,1,20261029,1,20261030,1,20261102,1,20261103,1,20261104,1,20261105,1,20261106,1,20261109,1,20261110,1,20261111,1,20261112,1,20261113,1,20261116,1,20261117,1,20261118,1,20261119,1,20261120,1,20261123,1,20261124,1,20261125,1,20261126,1,20261127,1,20261130,1,20261201,1,20261202,1,20261203,1,20261204,1,20261207,1,20261208,1,20261209,1,20261210,1,20261211,1,20261214,1,20261215,1,20261216,1,20261217,1,20261218,1,20261221,1,20261222,1,20261223,1,20261224,1,20261225,1,20261228,1,20261229,1,20261230,1,20261231,1,20270101,1,20270104,1,20270105,1,20270106,1,20270107,1,20270108,1,20270111,1,20270112,1,20270113,1,20270114,1,20270115,1,20270118,1,20270119,1,20270120,1,20270121,1,20270122,1,20270125,1,20270126,1,20270127,1,20270128,1,20270129,1,20270201,1,20270202,1,20270203,1,20270204,1,20270205,1,20270208,1,20270209,1,20270210,1,20270211,1,20270212,1,20270215,1,20270216,1,20270217,1,20270218,1,20270219,1,20270222,1,20270223,1,20270224,1,20270225,1,20270226,1,20270301,1,20270302,1,20270303,1,20270304,1,20270305,1,20270308,1,20270309,1,20270310,1,20270311,1,20270312,1,20270315,1,20270316,1,20270317,1,20270318,1,20270319,1,20270322,1,20270323,1,20270324,1,20270325,1,20270326,1,20270329,1,20270330,1,20270331,1,20270401,1,20270402,1,20270405,1,20270406,1,20270407,1,20270408,1,20270409,1,20270412,1,20270413,1,20270414,1,20270415,1,20270416,1,20270419,1,20270420,1,20270421,1,20270422,1,20270423,1,20270426,1,20270427,1,20270428,1,20270429,1,20270430,1,20270503,1,20270504,1,20270505,1,20270506,1,20270507,1,20270510,1,20270511,1,20270512,1,20270513,1,20270514,1,20270517,1,20270518,1,20270519,1,20270520,1,20270521,1,20270524,1,20270525,1,20270526,1,20270527,1,20270528,1,20270531,1,20270601,1,20270602,1,20270603,1,20270604,1,20270607,1,20270608,1,20270609,1,20270610,1,20270611,1,20270614,1,20270615,1,20270616,1,20270617,1,20270618,1,20270621,1,20270622,1,20270623,1,20270624,1,20270625,1,20270628,1,20270629,1,20270630,1,20270701,1,20270702,1,20270705,1,20270706,1,20270707,1,20270708,1,20270709,1,20270712,1,20270713,1,20270714,1,20270715,1,20270716,1,20270719,1,20270720,1,20270721,1,20270722,1,20270723,1,20270726,1,20270727,1,20270728,1,20270729,1,20270730,1,20270802,1,20270803,1,20270804,1,20270805,1,20270806,1,20270809,1,20270810,1,20270811,1,20270812,1,20270813,1,20270816,1,20270817,1,20270818,1,20270819,1,20270820,1,20270823,1,20270824,1,20270825,1,20270826,1,20270827,1,20270830,1,20270831,1,20270901,1,20270902,1,20270903,1,20270906,1,20270907,1,20270908,1,20270909,1,20270910,1,20270913,1,20270914,1,20270915,1,20270916,1,20270917,1,20270920,1,20270921,1,20270922,1,20270923,1,20270924,1,20270927,1,20270928,1,20270929,1,20270930,1,20271001,1,20271004,1,20271005,1,20271006,1,20271007,1,20271008,1,20271011,1,20271012,1,20271013,1,20271014,1,20271015,1,20271018,1,20271019,1,20271020,1,20271021,1,20271022,1,20271025,1,20271026,1,20271027,1,20271028,1,20271029,1,20271101,1,20271102,1,20271103,1,20271104,1,20271105,1,20271108,1,20271109,1,20271110,1,20271111,1,20271112,1,20271115,1,20271116,1,20271117,1,20271118,1,20271119,1,20271122,1,20271123,1,20271124,1,20271125,1,20271126,1,20271129,1,20271130,1,20271201,1,20271202,1,20271203,1,20271206,1,20271207,1,20271208,1,20271209,1,20271210,1,20271213,1,20271214,1,20271215,1,20271216,1,20271217,1,20271220,1,20271221,1,20271222,1,20271223,1,20271224,1,20271227,1,20271228,1,20271229,1,20271230,1,20271231,1
'1451365',20261010,1,20261017,1,20261024,1,20261031,1,20261107,1,20261114,1,20261121,1,20261128,1,20261205,1,20261212,1,20261219,1,20261226,1,20270102,1,20270109,1,20270116,1,20270123,1,20270130,1,20270206,1,20270213,1,20270220,1,20270227,1,20270306,1,20270313,1,20270320,1,20270327,1,20270403,1,20270410,1,20270417,1,20270424,1,20270501,1,20270508,1,20270515,1,20270522,1,20270529,1,20270605,1,20270612,1,20270619,1,20270626,1,20270703,1,20270710,1,20270717,1,20270724,1,20270731,1,20270807,1,20270814,1,20270821,1,20270828,1,20270904,1,20270911,1,20270918,1,20270925,1,20271002,1,20271009,1,20271016,1,20271023,1,20271030,1,20271106,1,20271113,1,20271120,1,20271127,1,20271204,1,20271211,1,20271218,1,20271225,1,20280101,1
'1451367',20261010,1,20261011,1,20261017,1,20261018,1,20261024,1,20261025,1,20261031,1,20261101,1,20261107,1,20261108,1,20261114,1,20261115,1,20261121,1,20261122,1,20261128,1,20261129,1,20261205,1,20261206,1,20261212,1,20261213,1,20261219,1,20261220,1,20261226,1,20261227,1,20270102,1,20270103,1,20270109,1,20270110,1,20270116,1,20270117,1,20270123,1,20270124,1,20270130,1,20270131,1,20270206,1,20270207,1,20270213,1,20270214,1,20270220,1,20270221,1,20270227,1,20270228,1,20270306,1,20270307,1,20270313,1,20270314,1,20270320,1,20270321,1,20270327,1,20270328,1,20270403,1,20270404,1,20270410,1,20270411,1,20270417,1,20270418,1,20270424,1,20270425,1,20270501,1,20270502,1,20270508,1,20270509,1,20270515,1,20270516,1,20270522,1,20270523,1,20270529,1,20270530,1,20270605,1,20270606,1,20270612,1,20270613,1,20270619,1,20270620,1,20270626,1,20270627,1,20270703,1,20270704,1,20270710,1,20270711,1,20270717,1,20270718,1,20270724,1,20270725,1,20270731,1,20270801,1,20270807,1,20270808,1,20270814,1,20270815,1,20270821,1,20270822,1,20270828,1,20270829,1,20270904,1,20270905,1,20270911,1,20270912,1,20270918,1,20270919,1,20270925,1,20270926,1,20271002,1,20271003,1,20271009,1,20271010,1,20271016,1,20271017,1,20271023,1,20271024,1,20271030,1,20271031,1,20271106,1,20271107,1,20271113,1,20271114,1,20271120,1,20271121,1,20271127,1,20271128,1,20271204,1,20271205,1,20271211,1,20271212,1,20271218,1,20271219,1,20271225,1,20271226,1,20280101,1
'1451427',20261008,1,20261009,1,20261012,1,20261013,1,20261014,1,20261015,1,20261016,1,20261019,1,20261020,1,20261021,1,20261022,1,20261023,1,20261026,1,20261027,1,20261028,1,20261029,1,20261030,1,20261102,1,20261103,1,20261104,1,20261105,1,20261106,1,20261109,1,20261110,1,20261111,1,20261112,1,20261113,1,20261116,1,20261117,1,20261118,1,20261119,1,20261120,1,20261123,1,20261124,1,20261125,1,20261126,1,20261127,1,20261130,1,20261201,1,20261202,1,20261203,1,20261204,1,20261207,1,20261208,1,20261209,1,20261210,1,20261211,1,20261214,1,20261215,1,20261216,1,20261217,1,20261218,1,20261221,1,20261222,1,20261223,1,20261224,1,20261225,1,20261228,1,20261229,1,20261230,1,20261231,1,20270101,1,20270104,1,20270105,1,20270106,1,20270107,1,20270108,1,20270111,1,20270112,1,20270113,1,20270114,1,20270115,1,20270118,1,20270119,1,20270120,1,20270121,1,20270122,1,20270125,1,20270126,1,20270127,1,20270128,1,20270129,1,20270201,1,20270202,1,20270203,1,20270204,1,20270205,1,20270208,1,20270209,1,20270210,1,20270211,1,20270212,1,20270215,1,20270216,1,20270217,1,20270218,1,20270219,1,20270222,1,20270223,1,20270224,1,20270225,1,20270226,1,20270301,1,20270302,1,20270303,1,20270304,1,20270305,1,20270308,1,20270309,1,20270310,1,20270311,1,20270312,1,20270315,1,20270316,1,20270317,1,20270318,1,20270319,1,20270322,1,20270323,1,20270324,1,20270325,1,20270326,1,20270329,1,20270330,1,20270331,1,20270401,1,20270402,1,20270405,1,20270406,1,20270407,1,20270408,1,20270409,1,20270412,1,20270413,1,20270414,1,20270415,1,20270416,1,20270419,1,20270420,1,20270421,1,20270422,1,20270423,1,20270426,1,20270427,1,20270428,1,20270429,1,20270430,1,20270503,1,20270504,1,20270505,1,20270506,1,20270507,1,20270510,1,20270511,1,20270512,1,20270513,1,20270514,1,20270517,1,20270518,1,20270519,1,20270520,1,20270521,1,20270524,1,20270525,1,20270526,1,20270527,1,20270528,1,20270531,1,20270601,1,20270602,1,20270603,1,20270604,1,20270607,1,20270608,1,20270609,1,20270610,1,20270611,1,20270614,1,20270615,1,20270616,1,20270617,1,20270618,1,20270621,1,20270622,1,20270623,1,20270624,1,20270625,1,20270628,1,20270629,1,20270630,1,20270701,1,20270702,1,20270705,1,20270706,1,20270707,1,20270708,1,20270709,1,20270712,1,20270713,1,20270714,1,20270715,1,20270716,1,20270719,1,20270720,1,20270721,1,20270722,1,20270723,1,20270726,1,20270727,1,20270728,1,20270729,1,20270730,1,20270802,1,20270803,1,20270804,1,20270805,1,20270806,1,20270809,1,20270810,1,20270811,1,20270812,1,20270813,1,20270816,1,20270817,1,20270818,1,20270819,1,20270820,1,20270823,1,20270824,1,20270825,1,20270826,1,20270827,1,20270830,1,20270831,1,20270901,1,20270902,1,20270903,1,20270906,1,20270907,1,20270908,1,20270909,1,20270910,1,20270913,1,20270914,1,20270915,1,20270916,1,20270917,1,20270920,1,20270921,1,20270922,1,20270923,1,20270924,1,20270927,1,20270928,1,20270929,1,20270930,1,20271001,1,20271004,1,20271005,1,20271006,1,20271007,1,20271008,1,20271011,1,20271012,1,20271013,1,20271014,1,20271015,1,20271018,1,20271019,1,20271020,1,20271021,1,20271022,1,20271025,1,20271026,1,20271027,1,20271028,1,20271029,1,20271101,1,20271102,1,20271103,1,20271104,1,20271105,1,20271108,1,20271109,1,20271110,1,20271111,1,20271112,1,20271115,1,20271116,1,20271117,1,20271118,1,20271119,1,20271122,1,20271123,1,20271124,1,20271125,1,20271126,1,20271129,1,20271130,1,20271201,1,20271202,1,20271203,1,20271206,1,20271207,1,20271208,1,20271209,1,20271210,1,20271213,1,20271214,1,20271215,1,20271216,1,20271217,1,20271220,1,20271221,1,20271222,1,20271223,1,20271224,1,20271227,1,20271228,1,20271229,1,20271230,1,20271231,1
'1451446',20261008,1,20261009,1,20261012,1,20261013,1,20261014,1,20261015,1,20261016,1,20261019,1,20261020,1,20261021,1,20261022,1,20261023,1,20261026,1,20261027,1,20261028,1,20261029,1,20261030,1,20261102,1,20261103,1,20261104,1,20261105,1,20261106,1,20261109,1,20261110,1,20261111,1,20261112,1,20261113,1,20261116,1,20261117,1,20261118,1,20261119,1,20261120,1,20261123,1,20261124,1,20261125,1,20261126,1,20261127,1,20261130,1,20261201,1,20261202,1,20261203,1,20261204,1,20261207,1,20261208,1,20261209,1,20261210,1,20261211,1,20261214,1,20261215,1,20261216,1,20261217,1,20261218,1,20261221,1,20261222,1,20261223,1,20261224,1,20261225,1,20261228,1,20261229,1,20261230,1,20261231,1,20270101,1,20270104,1,20270105,1,20270106,1,20270107,1,20270108,1,20270111,1,20270112,1,20270113,1,20270114,1,20270115,1,20270118,1,20270119,1,20270120,1,20270121,1,20270122,1,20270125,1,20270126,1,20270127,1,20270128,1,20270129,1,20270201,1,20270202,1,20270203,1,20270204,1,20270205,1,20270208,1,20270209,1,20270210,1,20270211,1,20270212,1,20270215,1,20270216,1,20270217,1,20270218,1,20270219,1,20270222,1,20270223,1,20270224,1,20270225,1,20270226,1,20270301,1,20270302,1,20270303,1,20270304,1,20270305,1,20270308,1,20270309,1,20270310,1,20270311,1,20270312,1,20270315,1,20270316,1,20270317,1,20270318,1,20270319,1,20270322,1,20270323,1,20270324,1,20270325,1,20270326,1,20270329,1,20270330,1,20270331,1,20270401,1,20270402,1,20270405,1,20270406,1,20270407,1,20270408,1,20270409,1,20270412,1,20270413,1,20270414,1,20270415,1,20270416,1,20270419,1,20270420,1,20270421,1,20270422,1,20270423,1,20270426,1,20270427,1,20270428,1,20270429,1,20270430,1,20270503,1,20270504,1,20270505,1,20270506,1,20270507,1,20270510,1,20270511,1,20270512,1,20270513,1,20270514,1,20270517,1,20270518,1,20270519,1,20270520,1,20270521,1,20270524,1,20270525,1,20270526,1,20270527,1,20270528,1,20270531,1,20270601,1,20270602,1,20270603,1,20270604,1,20270607,1,20270608,1,20270609,1,20270610,1,20270611,1,20270614,1,20270615,1,20270616,1,20270617,1,20270618,1,20270621,1,20270622,1,20270623,1,20270624,1,20270625,1,20270628,1,20270629,1,20270630,1,20270701,1,20270702,1,20270705,1,20270706,1,20270707,1,20270708,1,20270709,1,20270712,1,20270713,1,20270714,1,20270715,1,20270716,1,20270719,1,20270720,1,20270721,1,20270722,1,20270723,1,20270726,1,20270727,1,20270728,1,20270729,1,20270730,1,20270802,1,20270803,1,20270804,1,20270805,1,20270806,1,20270809,1,20270810,1,20270811,1,20270812,1,20270813,1,20270816,1,20270817,1,20270818,1,20270819,1,20270820,1,20270823,1,20270824,1,20270825,1,20270826,1,20270827,1,20270830,1,20270831,1,20270901,1,20270902,1,20270903,1,20270906,1,20270907,1,20270908,1,20270909,1,20270910,1,20270913,1,20270914,1,20270915,1,20270916,1,20270917,1,20270920,1,20270921,1,20270922,1,20270923,1,20270924,1,20270927,1,20270928,1,20270929,1,20270930,1,20271001,1,20271004,1,20271005,1,20271006,1,20271007,1,20271008,1,20271011,1,20271012,1,20271013,1,20271014,1,20271015,1,20271018,1,20271019,1,20271020,1,20271021,1,20271022,1,20271025,1,20271026,1,20271027,1,20271028,1,20271029,1,20271101,1,20271102,1,20271103,1,20271104,1,20271105,1,20271108,1,20271109,1,20271110,1,20271111,1,20271112,1,20271115,1,20271116,1,20271117,1,20271118,1,20271119,1,20271122,1,20271123,1,20271124,1,20271125,1,20271126,1,20271129,1,20271130,1,20271201,1,20271202,1,20271203,1,20271206,1,20271207,1,20271208,1,20271209,1,20271210,1,20271213,1,20271214,1,20271215,1,20271216,1,20271217,1,20271220,1,20271221,1,20271222,1,20271223,1,20271224,1,20271227,1,20271228,1,20271229,1,20271230,1,20271231,1
'1451449',20261010,1,20261011,1,20261017,1,20261018,1,20261024,1,20261025,1,20261031,1,20261101,1,20261107,1,20261108,1,20261114,1,20261115,1,20261121,1,20261122,1,20261128,1,20261129,1,20261205,1,20261206,1,20261212,1,20261213,1,20261219,1,20261220,1,20261226,1,20261227,1,20270102,1,20270103,1,20270109,1,20270110,1,20270116,1,20270117,1,20270123,1,20270124,1,20270130,1,20270131,1,20270206,1,20270207,1,20270213,1,20270214,1,20270220,1,20270221,1,20270227,1,20270228,1,20270306,1,20270307,1,20270313,1,20270314,1,20270320,1,20270321,1,20270327,1,20270328,1,20270403,1,20270404,1,20270410,1,20270411,1,20270417,1,20270418,1,20270424,1,20270425,1,20270501,1,20270502,1,20270508,1,20270509,1,20270515,1,20270516,1,20270522,1,20270523,1,20270529,1,20270530,1,20270605,1,20270606,1,20270612,1,20270613,1,20270619,1,20270620,1,20270626,1,20270627,1,20270703,1,20270704,1,20270710,1,20270711,1,20270717,1,20270718,1,20270724,1,20270725,1,20270731,1,20270801,1,20270807,1,20270808,1,20270814,1,20270815,1,20270821,1,20270822,1,20270828,1,20270829,1,20270904,1,20270905,1,20270911,1,20270912,1,20270918,1,20270919,1,20270925,1,20270926,1,20271002,1,20271003,1,20271009,1,20271010,1,20271016,1,20271017,1,20271023,1,20271024,1,20271030,1,20271031,1,20271106,1,20271107,1,20271113,1,20271114,1,20271120,1,20271121,1,20271127,1,20271128,1,20271204,1,20271205,1,20271211,1,20271212,1,20271218,1,20271219,1,20271225,1,20271226,1,20280101,1
'1451526',20261008,1,20261009,1,20261012,1,20261013,1,20261014,1,20261015,1,20261016,1,20261019,1,20261020,1,20261021,1,20261022,1,20261023,1,20261026,1,20261027,1,20261028,1,20261029,1,20261030,1,20261102,1,20261103,1,20261104,1,20261105,1,20261106,1,20261109,1,20261110,1,20261111,1,20261112,1,20261113,1,20261116,1,20261117,1,20261118,1,20261119,1,20261120,1,20261123,1,20261124,1,20261125,1,20261126,1,20261127,1,20261130,1,20261201,1,20261202,1,20261203,1,20261204,1,20261207,1,20261208,1,20261209,1,20261210,1,20261211,1,20261214,1,20261215,1,20261216,1,20261217,1,20261218,1,20261221,1,20261222,1,20261223,1,20261224,1,20261225,1,20261228,1,20261229,1,20261230,1,20261231,1,20270101,1,20270104,1,20270105,1,20270106,1,20270107,1,20270108,1,20270111,1,20270112,1,20270113,1,20270114,1,20270115,1,20270118,1,20270119,1,20270120,1,20270121,1,20270122,1,20270125,1,20270126,1,20270127,1,20270128,1,20270129,1,20270201,1,20270202,1,20270203,1,20270204,1,20270205,1,20270208,1,20270209,1,20270210,1,20270211,1,20270212,1,20270215,1,20270216,1,20270217,1,20270218,1,20270219,1,20270222,1,20270223,1,20270224,1,20270225,1,20270226,1,20270301,1,20270302,1,20270303,1,20270304,1,20270305,1,20270308,1,20270309,1,20270310,1,20270311,1,20270312,1,20270315,1,20270316,1,20270317,1,20270318,1,20270319,1,20270322,1,20270323,1,20270324,1,20270325,1,20270326,1,20270329,1,20270330,1,20270331,1,20270401,1,20270402,1,20270405,1,20270406,1,20270407,1,20270408,1,20270409,1,20270412,1,20270413,1,20270414,1,20270415,1,20270416,1,20270419,1,20270420,1,20270421,1,20270422,1,20270423,1,20270426,1,20270427,1,20270428,1,20270429,1,20270430,1,20270503,1,20270504,1,20270505,1,20270506,1,20270507,1,20270510,1,20270511,1,20270512,1,20270513,1,20270514,1,20270517,1,20270518,1,20270519,1,20270520,1,20270521,1,20270524,1,20270525,1,20270526,1,20270527,1,20270528,1,20270531,1,20270601,1,20270602,1,20270603,1,20270604,1,20270607,1,20270608,1,20270609,1,20270610,1,20270611,1,20270614,1,20270615,1,20270616,1,20270617,1,20270618,1,20270621,1,20270622,1,20270623,1,20270624,1,20270625,1,20270628,1,20270629,1,20270630,1,20270701,1,20270702,1,20270705,1,20270706,1,20270707,1,20270708,1,20270709,1,20270712,1,20270713,1,20270714,1,20270715,1,20270716,1,20270719,1,20270720,1,20270721,1,20270722,1,20270723,1,20270726,1,20270727,1,20270728,1,20270729,1,20270730,1,20270802,1,20270803,1,20270804,1,20270805,1,20270806,1,20270809,1,20270810,1,20270811,1,20270812,1,20270813,1,20270816,1,20270817,1,20270818,1,20270819,1,20270820,1,20270823,1,20270824,1,20270825,1,20270826,1,20270827,1,20270830,1,20270831,1,20270901,1,20270902,1,20270903,1,20270906,1,20270907,1,20270908,1,20270909,1,20270910,1,20270913,1,20270914,1,20270915,1,20270916,1,20270917,1,20270920,1,20270921,1,20270922,1,20270923,1,20270924,1,20270927,1,20270928,1,20270929,1,20270930,1,20271001,1,20271004,1,20271005,1,20271006,1,20271007,1,20271008,1,20271011,1,20271012,1,20271013,1,20271014,1,20271015,1,20271018,1,20271019,1,20271020,1,20271021,1,20271022,1,20271025,1,20271026,1,20271027,1,20271028,1,20271029,1,20271101,1,20271102,1,20271103,1,20271104,1,20271105,1,20271108,1,20271109,1,20271110,1,20271111,1,20271112,1,20271115,1,20271116,1,20271117,1,20271118,1,20271119,1,20271122,1,20271123,1,20271124,1,20271125,1,20271126,1,20271129,1,20271130,1,20271201,1,20271202,1,20271203,1,20271206,1,20271207,1,20271208,1,20271209,1,20271210,1,20271213,1,20271214,1,20271215,1,20271216,1,20271217,1,20271220,1,20271221,1,20271222,1,20271223,1,20271224,1,20271227,1,20271228,1,20271229,1,20271230,1,20271231,1
'1456814',20261010,1,20261011,1,20261017,1,20261018,1,20261024,1,20261025,1,20261031,1,20261101,1,20261107,1,20261108,1,20261114,1,20261115,1,20261121,1,20261122,1,20261128,1,20261129,1,20261205,1,20261206,1,20261212,1,20261213,1,20261219,1,20261220,1,20261226,1,20261227,1,20270102,1,20270103,1,20270109,1,20270110,1,20270116,1,20270117,1,20270123,1,20270124,1,20270130,1,20270131,1,20270206,1,20270207,1,20270213,1,20270214,1,20270220,1,20270221,1,20270227,1,20270228,1,20270306,1,20270307,1,20270313,1,20270314,1,20270320,1,20270321,1,20270327,1,20270328,1,20270403,1,20270404,1,20270410,1,20270411,1,20270417,1,20270418,1,20270424,1,20270425,1,20270501,1,20270502,1,20270508,1,20270509,1,20270515,1,20270516,1,20270522,1,20270523,1,20270529,1,20270530,1,20270605,1,20270606,1,20270612,1,20270613,1,20270619,1,20270620,1,20270626,1,20270627,1,20270703,1,20270704,1,20270710,1,20270711,1,20270717,1,20270718,1,20270724,1,20270725,1,20270731,1,20270801,1,20270807,1,20270808,1,20270814,1,20270815,1,20270821,1,20270822,1,20270828,1,20270829,1,20270904,1,20270905,1,20270911,1,20270912,1,20270918,1,20270919,1,20270925,1,20270926,1,20271002,1,20271003,1,20271009,1,20271010,1,20271016,1,20271017,1,20271023,1,20271024,1,20271030,1,20271031,1,20271106,1,20271107,1,20271113,1,20271114,1,20271120,1,20271121,1,20271127,1,20271128,1,20271204,1,20271205,1,20271211,1,20271212,1,20271218,1,20271219,1,20271225,1,20271226,1,20280101,1
'1456819',20261010,1,20261011,1,20261017,1,20261018,1,20261024,1,20261025,1,20261031,1,20261101,1,20261107,1,20261108,1,20261114,1,20261115,1,20261121,1,20261122,1,20261128,1,20261129,1,20261205,1,20261206,1,20261212,1,20261213,1,20261219,1,20261220,1,20261226,1,20261227,1,20270102,1,20270103,1,20270109,1,20270110,1,20270116,1,20270117,1,20270123,1,20270124,1,20270130,1,20270131,1,20270206,1,20270207,1,20270213,1,20270214,1,20270220,1,20270221,1,20270227,1,20270228,1,20270306,1,20270307,1,20270313,1,20270314,1,20270320,1,20270321,1,20270327,1,20270328,1,20270403,1,20270404,1,20270410,1,20270411,1,20270417,1,20270418,1,20270424,1,20270425,1,20270501,1,20270502,1,20270508,1,20270509,1,20270515,1,20270516,1,20270522,1,20270523,1,20270529,1,20270530,1,20270605,1,20270606,1,20270612,1,20270613,1,20270619,1,20270620,1,20270626,1,20270627,1,20270703,1,20270704,1,20270710,1,20270711,1,20270717,1,20270718,1,20270724,1,20270725,1,20270731,1,20270801,1,20270807,1,20270808,1,20270814,1,20270815,1,20270821,1,20270822,1,20270828,1,20270829,1,20270904,1,20270905,1,20270911,1,20270912,1,20270918,1,20270919,1,20270925,1,20270926,1,20271002,1,20271003,1,20271009,1,20271010,1,20271016,1,20271017,1,20271023,1,20271024,1,20271030,1,20271031,1,20271106,1,20271107,1,20271113,1,20271114,1,20271120,1,20271121,1,20271127,1,20271128,1,20271204,1,20271205,1,20271211,1,20271212,1,20271218,1,20271219,1,20271225,1,20271226,1,20280101,1
'1456824',20261008,1,20261009,1,20261012,1,20261013,1,20261014,1,20261015,1,20261016,1,20261019,1,20261020,1,20261021,1,20261022,1,20261023,1,20261026,1,20261027,1,20261028,1,20261029,1,20261030,1,20261102,1,20261103,1,20261104,1,20261105,1,20261106,1,20261109,1,20261110,1,20261111,1,20261112,1,20261113,1,20261116,1,20261117,1,20261118,1,20261119,1,20261120,1,20261123,1,20261124,1,20261125,1,20261126,1,20261127,1,20261130,1,20261201,1,20261202,1,20261203,1,20261204,1,20261207,1,20261208,1,20261209,1,20261210,1,20261211,1,20261214,1,20261215,1,20261216,1,20261217,1,20261218,1,20261221,1,20261222,1,20261223,1,20261224,1,20261225,1,20261228,1,20261229,1,20261230,1,20261231,1,20270101,1,20270104,1,20270105,1,20270106,1,20270107,1,20270108,1,20270111,1,20270112,1,20270113,1,20270114,1,20270115,1,20270118,1,20270119,1,20270120,1,20270121,1,20270122,1,20270125,1,20270126,1,20270127,1,20270128,1,20270129,1,20270201,1,20270202,1,20270203,1,20270204,1,20270205,1,20270208,1,20270209,1,20270210,1,20270211,1,20270212,1,20270215,1,20270216,1,20270217,1,20270218,1,20270219,1,20270222,1,20270223,1,20270224,1,20270225,1,20270226,1,20270301,1,20270302,1,20270303,1,20270304,1,20270305,1,20270308,1,20270309,1,20270310,1,20270311,1,20270312,1,20270315,1,20270316,1,20270317,1,20270318,1,20270319,1,20270322,1,20270323,1,20270324,1,20270325,1,20270326,1,20270329,1,20270330,1,20270331,1,20270401,1,20270402,1,20270405,1,20270406,1,20270407,1,20270408,1,20270409,1,20270412,1,20270413,1,20270414,1,20270415,1,20270416,1,20270419,1,20270420,1,20270421,1,20270422,1,20270423,1,20270426,1,20270427,1,20270428,1,20270429,1,20270430,1,20270503,1,20270504,1,20270505,1,20270506,1,20270507,1,20270510,1,20270511,1,20270512,1,20270513,1,20270514,1,20270517,1,20270518,1,20270519,1,20270520,1,20270521,1,20270524,1,20270525,1,20270526,1,20270527,1,20270528,1,20270531,1,20270601,1,20270602,1,20270603,1,20270604,1,20270607,1,20270608,1,20270609,1,20270610,1,20270611,1,20270614,1,20270615,1,20270616,1,20270617,1,20270618,1,20270621,1,20270622,1,20270623,1,20270624,1,20270625,1,20270628,1,20270629,1,20270630,1,20270701,1,20270702,1,20270705,1,20270706,1,20270707,1,20270708,1,20270709,1,20270712,1,20270713,1,20270714,1,20270715,1,20270716,1,20270719,1,20270720,1,20270721,1,20270722,1,20270723,1,20270726,1,20270727,1,20270728,1,20270729,1,20270730,1,20270802,1,20270803,1,20270804,1,20270805,1,20270806,1,20270809,1,20270810,1,20270811,1,20270812,1,20270813,1,20270816,1,20270817,1,20270818,1,20270819,1,20270820,1,20270823,1,20270824,1,20270825,1,20270826,1,20270827,1,20270830,1,20270831,1,20270901,1,20270902,1,20270903,1,20270906,1,20270907,1,20270908,1,20270909,1,20270910,1,20270913,1,20270914,1,20270915,1,20270916,1,20270917,1,20270920,1,20270921,1,20270922,1,20270923,1,20270924,1,20270927,1,20270928,1,20270929,1,20270930,1,20271001,1,20271004,1,20271005,1,20271006,1,20271007,1,20271008,1,20271011,1,20271012,1,20271013,1,20271014,1,20271015,1,20271018,1,20271019,1,20271020,1,20271021,1,20271022,1,20271025,1,20271026,1,20271027,1,20271028,1,20271029,1,20271101,1,20271102,1,20271103,1,20271104,1,20271105,1,20271108,1,20271109,1,20271110,1,20271111,1,20271112,1,20271115,1,20271116,1,20271117,1,20271118,1,20271119,1,20271122,1,20271123,1,20271124,1,20271125,1,20271126,1,20271129,1,20271130,1,20271201,1,20271202,1,20271203,1,20271206,1,20271207,1,20271208,1,20271209,1,20271210,1,20271213,1,20271214,1,20271215,1,20271216,1,20271217,1,20271220,1,20271221,1,20271222,1,20271223,1,20271224,1,20271227,1,20271228,1,20271229,1,20271230,1,20271231,1
'1456829',20261010,1,20261011,1,20261017,1,20261018,1,20261024,1,20261025,1,20261031,1,20261101,1,20261107,1,20261108,1,20261114,1,20261115,1,20261121,1,20261122,1,20261128,1,20261129,1,20261205,1,20261206,1,20261212,1,20261213,1,20261219,1,20261220,1,20261226,1,20261227,1,20270102,1,20270103,1,20270109,1,20270110,1,20270116,1,20270117,1,20270123,1,20270124,1,20270130,1,20270131,1,20270206,1,20270207,1,20270213,1,20270214,1,20270220,1,20270221,1,20270227,1,20270228,1,20270306,1,20270307,1,20270313,1,20270314,1,20270320,1,20270321,1,20270327,1,20270328,1,20270403,1,20270404,1,20270410,1,20270411,1,20270417,1,20270418,1,20270424,1,20270425,1,20270501,1,20270502,1,20270508,1,20270509,1,20270515,1,20270516,1,20270522,1,20270523,1,20270529,1,20270530,1,20270605,1,20270606,1,20270612,1,20270613,1,20270619,1,20270620,1,20270626,1,20270627,1,20270703,1,20270704,1,20270710,1,20270711,1,20270717,1,20270718,1,20270724,1,20270725,1,20270731,1,20270801,1,20270807,1,20270808,1,20270814,1,20270815,1,20270821,1,20270822,1,20270828,1,20270829,1,20270904,1,20270905,1,20270911,1,20270912,1,20270918,1,20270919,1,20270925,1,20270926,1,20271002,1,20271003,1,20271009,1,20271010,1,20271016,1,20271017,1,20271023,1,20271024,1,20271030,1,20271031,1,20271106,1,20271107,1,20271113,1,20271114,1,20271120,1,20271121,1,20271127,1,20271128,1,20271204,1,20271205,1,20271211,1,20271212,1,20271218,1,20271219,1,20271225,1,20271226,1,20280101,1
'1456834',20261010,1,20261011,1,20261017,1,20261018,1,20261024,1,20261025,1,20261031,1,20261101,1,20261107,1,20261108,1,20261114,1,20261115,1,20261121,1,20261122,1,20261128,1,20261129,1,20261205,1,20261206,1,20261212,1,20261213,1,20261219,1,20261220,1,20261226,1,20261227,1,20270102,1,20270103,1,20270109,1,20270110,1,20270116,1,20270117,1,20270123,1,20270124,1,20270130,1,20270131,1,20270206,1,20270207,1,20270213,1,20270214,1,20270220,1,20270221,1,20270227,1,20270228,1,20270306,1,20270307,1,20270313,1,20270314,1,20270320,1,20270321,1,20270327,1,20270328,1,20270403,1,20270404,1,20270410,1,20270411,1,20270417,1,20270418,1,20270424,1,20270425,1,20270501,1,20270502,1,20270508,1,20270509,1,20270515,1,20270516,1,20270522,1,20270523,1,20270529,1,20270530,1,20270605,1,20270606,1,20270612,1,20270613,1,20270619,1,20270620,1,20270626,1,20270627,1,20270703,1,20270704,1,20270710,1,20270711,1,20270717,1,20270718,1,20270724,1,20270725,1,20270731,1,20270801,1,20270807,1,20270808,1,20270814,1,20270815,1,20270821,1,20270822,1,20270828,1,20270829,1,20270904,1,20270905,1,20270911,1,20270912,1,20270918,1,20270919,1,20270925,1,20270926,1,20271002,1,20271003,1,20271009,1,20271010,1,20271016,1,20271017,1,20271023,1,20271024,1,20271030,1,20271031,1,20271106,1,20271107,1,20271113,1,20271114,1,20271120,1,20271121,1,20271127,1,20271128,1,20271204,1,20271205,1,20271211,1,20271212,1,20271218,1,20271219,1,20271225,1,20271226,1,20280101,1
'1456836',20261010,1,20261017,1,20261024,1,20261031,1,20261107,1,20261114,1,20261121,1,20261128,1,20261205,1,20261212,1,20261219,1,20261226,1,20270102,1,20270109,1,20270116,1,20270123,1,20270130,1,20270206,1,20270213,1,20270220,1,20270227,1,20270306,1,20270313,1,20270320,1,20270327,1,20270403,1,20270410,1,20270417,1,20270424,1,20270501,1,20270508,1,20270515,1,20270522,1,20270529,1,20270605,1,20270612,1,20270619,1,20270626,1,20270703,1,20270710,1,20270717,1,20270724,1,20270731,1,20270807,1,20270814,1,20270821,1,20270828,1,20270904,1,20270911,1,20270918,1,20270925,1,20271002,1,20271009,1,20271016,1,20271023,1,20271030,1,20271106,1,20271113,1,20271120,1,20271127,1,20271204,1,20271211,1,20271218,1,20271225,1,20280101,1
'1456837',20261008,1,20261009,1,20261012,1,20261013,1,20261014,1,20261015,1,20261016,1,20261019,1,20261020,1,20261021,1,20261022,1,20261023,1,20261026,1,20261027,1,20261028,1,20261029,1,20261030,1,20261102,1,20261103,1,20261104,1,20261105,1,20261106,1,20261109,1,20261110,1,20261111,1,20261112,1,20261113,1,20261116,1,20261117,1,20261118,1,20261119,1,20261120,1,20261123,1,20261124,1,20261125,1,20261126,1,20261127,1,20261130,1,20261201,1,20261202,1,20261203,1,20261204,1,20261207,1,20261208,1,20261209,1,20261210,1,20261211,1,20261214,1,20261215,1,20261216,1,20261217,1,20261218,1,20261221,1,20261222,1,20261223,1,20261224,1,20261225,1,20261228,1,20261229,1,20261230,1,20261231,1,20270101,1,20270104,1,20270105,1,20270106,1,20270107,1,20270108,1,20270111,1,20270112,1,20270113,1,20270114,1,20270115,1,20270118,1,20270119,1,20270120,1,20270121,1,20270122,1,20270125,1,20270126,1,20270127,1,20270128,1,20270129,1,20270201,1,20270202,1,20270203,1,20270204,1,20270205,1,20270208,1,20270209,1,20270210,1,20270211,1,20270212,1,20270215,1,20270216,1,20270217,1,20270218,1,20270219,1,20270222,1,20270223,1,20270224,1,20270225,1,20270226,1,20270301,1,20270302,1,20270303,1,20270304,1,20270305,1,20270308,1,20270309,1,20270310,1,20270311,1,20270312,1,20270315,1,20270316,1,20270317,1,20270318,1,20270319,1,20270322,1,20270323,1,20270324,1,20270325,1,20270326,1,20270329,1,20270330,1,20270331,1,20270401,1,20270402,1,20270405,1,20270406,1,20270407,1,20270408,1,20270409,1,20270412,1,20270413,1,20270414,1,20270415,1,20270416,1,20270419,1,20270420,1,20270421,1,20270422,1,20270423,1,20270426,1,20270427,1,20270428,1,20270429,1,20270430,1,20270503,1,20270504,1,20270505,1,20270506,1,20270507,1,20270510,1,20270511,1,20270512,1,20270513,1,20270514,1,20270517,1,20270518,1,20270519,1,20270520,1,20270521,1,20270524,1,20270525,1,20270526,1,20270527,1,20270528,1,20270531,1,20270601,1,20270602,1,20270603,1,20270604,1,20270607,1,20270608,1,20270609,1,20270610,1,20270611,1,20270614,1,20270615,1,20270616,1,20270617,1,20270618,1,20270621,1,20270622,1,20270623,1,20270624,1,20270625,1,20270628,1,20270629,1,20270630,1,20270701,1,20270702,1,20270705,1,20270706,1,20270707,1,20270708,1,20270709,1,20270712,1,20270713,1,20270714,1,20270715,1,20270716,1,20270719,1,20270720,1,20270721,1,20270722,1,20270723,1,20270726,1,20270727,1,20270728,1,20270729,1,20270730,1,20270802,1,20270803,1,20270804,1,20270805,1,20270806,1,20270809,1,20270810,1,20270811,1,20270812,1,20270813,1,20270816,1,20270817,1,20270818,1,20270819,1,20270820,1,20270823,1,20270824,1,20270825,1,20270826,1,20270827,1,20270830,1,20270831,1,20270901,1,20270902,1,20270903,1,20270906,1,20270907,1,20270908,1,20270909,1,20270910,1,20270913,1,20270914,1,20270915,1,20270916,1,20270917,1,20270920,1,20270921,1,20270922,1,20270923,1,20270924,1,20270927,1,20270928,1,20270929,1,20270930,1,20271001,1,20271004,1,20271005,1,20271006,1,20271007,1,20271008,1,20271011,1,20271012,1,20271013,1,20271014,1,20271015,1,20271018,1,20271019,1,20271020,1,20271021,1,20271022,1,20271025,1,20271026,1,20271027,1,20271028,1,20271029,1,20271101,1,20271102,1,20271103,1,20271104,1,20271105,1,20271108,1,20271109,1,20271110,1,20271111,1,20271112,1,20271115,1,20271116,1,20271117,1,20271118,1,20271119,1,20271122,1,20271123,1,20271124,1,20271125,1,20271126,1,20271129,1,20271130,1,20271201,1,20271202,1,20271203,1,20271206,1,20271207,1,20271208,1,20271209,1,20271210,1,20271213,1,20271214,1,20271215,1,20271216,1,20271217,1,20271220,1,20271221,1,20271222,1,20271223,1,20271224,1,20271227,1,20271228,1,20271229,1,20271230,1,20271231,1
'1456840',20261008,1,20261009,1,20261012,1,20261013,1,20261014,1,20261015,1,20261016,1,20261019,1,20261020,1,20261021,1,20261022,1,20261023,1,20261026,1,20261027,1,20261028,1,20261029,1,20261030,1,20261102,1,20261103,1,20261104,1,20261105,1,20261106,1,20261109,1,20261110,1,20261111,1,20261112,1,20261113,1,20261116,1,20261117,1,20261118,1,20261119,1,20261120,1,20261123,1,20261124,1,20261125,1,20261126,1,20261127,1,20261130,1,20261201,1,20261202,1,20261203,1,20261204,1,20261207,1,20261208,1,20261209,1,20261210,1,20261211,1,20261214,1,20261215,1,20261216,1,20261217,1,20261218,1,20261221,1,20261222,1,20261223,1,20261224,1,20261225,1,20261228,1,20261229,1,20261230,1,20261231,1,20270101,1,20270104,1,20270105,1,20270106,1,20270107,1,20270108,1,20270111,1,20270112,1,20270113,1,20270114,1,20270115,1,20270118,1,20270119,1,20270120,1,20270121,1,20270122,1,20270125,1,20270126,1,20270127,1,20270128,1,20270129,1,20270201,1,20270202,1,20270203,1,20270204,1,20270205,1,20270208,1,20270209,1,20270210,1,20270211,1,20270212,1,20270215,1,20270216,1,20270217,1,20270218,1,20270219,1,20270222,1,20270223,1,20270224,1,20270225,1,20270226,1,20270301,1,20270302,1,20270303,1,20270304,1,20270305,1,20270308,1,20270309,1,20270310,1,20270311,1,20270312,1,20270315,1,20270316,1,20270317,1,20270318,1,20270319,1,20270322,1,20270323,1,20270324,1,20270325,1,20270326,1,20270329,1,20270330,1,20270331,1,20270401,1,20270402,1,20270405,1,20270406,1,20270407,1,20270408,1,20270409,1,20270412,1,20270413,1,20270414,1,20270415,1,20270416,1,20270419,1,20270420,1,20270421,1,20270422,1,20270423,1,20270426,1,20270427,1,20270428,1,20270429,1,20270430,1,20270503,1,20270504,1,20270505,1,20270506,1,20270507,1,20270510,1,20270511,1,20270512,1,20270513,1,20270514,1,20270517,1,20270518,1,20270519,1,20270520,1,20270521,1,20270524,1,20270525,1,20270526,1,20270527,1,20270528,1,20270531,1,20270601,1,20270602,1,20270603,1,20270604,1,20270607,1,20270608,1,20270609,1,20270610,1,20270611,1,20270614,1,20270615,1,20270616,1,20270617,1,20270618,1,20270621,1,20270622,1,20270623,1,20270624,1,20270625,1,20270628,1,20270629,1,20270630,1,20270701,1,20270702,1,20270705,1,20270706,1,20270707,1,20270708,1,20270709,1,20270712,1,20270713,1,20270714,1,20270715,1,20270716,1,20270719,1,20270720,1,20270721,1,20270722,1,20270723,1,20270726,1,20270727,1,20270728,1,20270729,1,20270730,1,20270802,1,20270803,1,20270804,1,20270805,1,20270806,1,20270809,1,20270810,1,20270811,1,20270812,1,20270813,1,20270816,1,20270817,1,20270818,1,20270819,1,20270820,1,20270823,1,20270824,1,20270825,1,20270826,1,20270827,1,20270830,1,20270831,1,20270901,1,20270902,1,20270903,1,20270906,1,20270907,1,20270908,1,20270909,1,20270910,1,20270913,1,20270914,1,20270915,1,20270916,1,20270917,1,20270920,1,20270921,1,20270922,1,20270923,1,20270924,1,20270927,1,20270928,1,20270929,1,20270930,1,20271001,1,20271004,1,20271005,1,20271006,1,20271007,1,20271008,1,20271011,1,20271012,1,20271013,1,20271014,1,20271015,1,20271018,1,20271019,1,20271020,1,20271021,1,20271022,1,20271025,1,20271026,1,20271027,1,20271028,1,20271029,1,20271101,1,20271102,1,20271103,1,20271104,1,20271105,1,20271108,1,20271109,1,20271110,1,20271111,1,20271112,1,20271115,1,20271116,1,20271117,1,20271118,1,20271119,1,20271122,1,20271123,1,20271124,1,20271125,1,20271126,1,20271129,1,20271130,1,20271201,1,20271202,1,20271203,1,20271206,1,20271207,1,20271208,1,20271209,1,20271210,1,20271213,1,20271214,1,20271215,1,20271216,1,20271217,1,20271220,1,20271221,1,20271222,1,20271223,1,20271224,1,20271227,1,20271228,1,20271229,1,20271230,1,20271231,1
'1456877',20261008,1,20261009,1,20261012,1,20261013,1,20261014,1,20261015,1,20261016,1,20261019,1,20261020,1,20261021,1,20261022,1,20261023,1,20261026,1,20261027,1,20261028,1,20261029,1,20261030,1,20261102,1,20261103,1,20261104,1,20261105,1,20261106,1,20261109,1,20261110,1,20261111,1,20261112,1,20261113,1,20261116,1,20261117,1,20261118,1,20261119,1,20261120,1,20261123,1,20261124,1,20261125,1,20261126,1,20261127,1,20261130,1,20261201,1,20261202,1,20261203,1,20261204,1,20261207,1,20261208,1,20261209,1,20261210,1,20261211,1,20261214,1,20261215,1,20261216,1,20261217,1,20261218,1,20261221,1,20261222,1,20261223,1,20261224,1,20261225,1,20261228,1,20261229,1,20261230,1,20261231,1,20270101,1,20270104,1,20270105,1,20270106,1,20270107,1,20270108,1,20270111,1,20270112,1,20270113,1,20270114,1,20270115,1,20270118,1,20270119,1,20270120,1,20270121,1,20270122,1,20270125,1,20270126,1,20270127,1,20270128,1,20270129,1,20270201,1,20270202,1,20270203,1,20270204,1,20270205,1,20270208,1,20270209,1,20270210,1,20270211,1,20270212,1,20270215,1,20270216,1,20270217,1,20270218,1,20270219,1,20270222,1,20270223,1,20270224,1,20270225,1,20270226,1,20270301,1,20270302,1,20270303,1,20270304,1,20270305,1,20270308,1,20270309,1,20270310,1,20270311,1,20270312,1,20270315,1,20270316,1,20270317,1,20270318,1,20270319,1,20270322,1,20270323,1,20270324,1,20270325,1,20270326,1,20270329,1,20270330,1,20270331,1,20270401,1,20270402,1,20270405,1,20270406,1,20270407,1,20270408,1,20270409,1,20270412,1,20270413,1,20270414,1,20270415,1,20270416,1,20270419,1,20270420,1,20270421,1,20270422,1,20270423,1,20270426,1,20270427,1,20270428,1,20270429,1,20270430,1,20270503,1,20270504,1,20270505,1,20270506,1,20270507,1,20270510,1,20270511,1,20270512,1,20270513,1,20270514,1,20270517,1,20270518,1,20270519,1,20270520,1,20270521,1,20270524,1,20270525,1,20270526,1,20270527,1,20270528,1,20270531,1,20270601,1,20270602,1,20270603,1,20270604,1,20270607,1,20270608,1,20270609,1,20270610,1,20270611,1,20270614,1,20270615,1,20270616,1,20270617,1,20270618,1,20270621,1,20270622,1,20270623,1,20270624,1,20270625,1,20270628,1,20270629,1,20270630,1,20270701,1,20270702,1,20270705,1,20270706,1,20270707,1,20270708,1,20270709,1,20270712,1,20270713,1,20270714,1,20270715,1,20270716,1,20270719,1,20270720,1,20270721,1,20270722,1,20270723,1,20270726,1,20270727,1,20270728,1,20270729,1,20270730,1,20270802,1,20270803,1,20270804,1,20270805,1,20270806,1,20270809,1,20270810,1,20270811,1,20270812,1,20270813,1,20270816,1,20270817,1,20270818,1,20270819,1,20270820,1,20270823,1,20270824,1,20270825,1,20270826,1,20270827,1,20270830,1,20270831,1,20270901,1,20270902,1,20270903,1,20270906,1,20270907,1,20270908,1,20270909,1,20270910,1,20270913,1,20270914,1,20270915,1,20270916,1,20270917,1,20270920,1,20270921,1,20270922,1,20270923,1,20270924,1,20270927,1,20270928,1,20270929,1,20270930,1,20271001,1,20271004,1,20271005,1,20271006,1,20271007,1,20271008,1,20271011,1,20271012,1,20271013,1,20271014,1,20271015,1,20271018,1,20271019,1,20271020,1,20271021,1,20271022,1,20271025,1,20271026,1,20271027,1,20271028,1,20271029,1,20271101,1,20271102,1,20271103,1,20271104,1,20271105,1,20271108,1,20271109,1,20271110,1,20271111,1,20271112,1,20271115,1,20271116,1,20271117,1,20271118,1,20271119,1,20271122,1,20271123,1,20271124,1,20271125,1,20271126,1,20271129,1,20271130,1,20271201,1,20271202,1,20271203,1,20271206,1,20271207,1,20271208,1,20271209,1,20271210,1,20271213,1,20271214,1,20271215,1,20271216,1,20271217,1,20271220,1,20271221,1,20271222,1,20271223,1,20271224,1,20271227,1,20271228,1,20271229,1,20271230,1,20271231,1
'1456880',20261008,1,20261009,1,20261012,1,20261013,1,20261014,1,20261015,1,20261016,1,20261019,1,20261020,1,20261021,1,20261022,1,20261023,1,20261026,1,20261027,1,20261028,1,20261029,1,20261030,1,20261102,1,20261103,1,20261104,1,20261105,1,20261106,1,20261109,1,20261110,1,20261111,1,20261112,1,20261113,1,20261116,1,20261117,1,20261118,1,20261119,1,20261120,1,20261123,1,20261124,1,20261125,1,20261126,1,20261127,1,20261130,1,20261201,1,20261202,1,20261203,1,20261204,1,20261207,1,20261208,1,20261209,1,20261210,1,20261211,1,20261214,1,20261215,1,20261216,1,20261217,1,20261218,1,20261221,1,20261222,1,20261223,1,20261224,1,20261225,1,20261228,1,20261229,1,20261230,1,20261231,1,20270101,1,20270104,1,20270105,1,20270106,1,20270107,1,20270108,1,20270111,1,20270112,1,20270113,1,20270114,1,20270115,1,20270118,1,20270119,1,20270120,1,20270121,1,20270122,1,20270125,1,20270126,1,20270127,1,20270128,1,20270129,1,20270201,1,20270202,1,20270203,1,20270204,1,20270205,1,20270208,1,20270209,1,20270210,1,20270211,1,20270212,1,20270215,1,20270216,1,20270217,1,20270218,1,20270219,1,20270222,1,20270223,1,20270224,1,20270225,1,20270226,1,20270301,1,20270302,1,20270303,1,20270304,1,20270305,1,20270308,1,20270309,1,20270310,1,20270311,1,20270312,1,20270315,1,20270316,1,20270317,1,20270318,1,20270319,1,20270322,1,20270323,1,20270324,1,20270325,1,20270326,1,20270329,1,20270330,1,20270331,1,20270401,1,20270402,1,20270405,1,20270406,1,20270407,1,20270408,1,20270409,1,20270412,1,20270413,1,20270414,1,20270415,1,20270416,1,20270419,1,20270420,1,20270421,1,20270422,1,20270423,1,20270426,1,20270427,1,20270428,1,20270429,1,20270430,1,20270503,1,20270504,1,20270505,1,20270506,1,20270507,1,20270510,1,20270511,1,20270512,1,20270513,1,20270514,1,20270517,1,20270518,1,20270519,1,20270520,1,20270521,1,20270524,1,20270525,1,20270526,1,20270527,1,20270528,1,20270531,1,20270601,1,20270602,1,20270603,1,20270604,1,20270607,1,20270608,1,20270609,1,20270610,1,20270611,1,20270614,1,20270615,1,20270616,1,20270617,1,20270618,1,20270621,1,20270622,1,20270623,1,20270624,1,20270625,1,20270628,1,20270629,1,20270630,1,20270701,1,20270702,1,20270705,1,20270706,1,20270707,1,20270708,1,20270709,1,20270712,1,20270713,1,20270714,1,20270715,1,20270716,1,20270719,1,20270720,1,20270721,1,20270722,1,20270723,1,20270726,1,20270727,1,20270728,1,20270729,1,20270730,1,20270802,1,20270803,1,20270804,1,20270805,1,20270806,1,20270809,1,20270810,1,20270811,1,20270812,1,20270813,1,20270816,1,20270817,1,20270818,1,20270819,1,20270820,1,20270823,1,20270824,1,20270825,1,20270826,1,20270827,1,20270830,1,20270831,1,20270901,1,20270902,1,20270903,1,20270906,1,20270907,1,20270908,1,20270909,1,20270910,1,20270913,1,20270914,1,20270915,1,20270916,1,20270917,1,20270920,1,20270921,1,20270922,1,20270923,1,20270924,1,20270927,1,20270928,1,20270929,1,20270930,1,20271001,1,20271004,1,20271005,1,20271006,1,20271007,1,20271008,1,20271011,1,20271012,1,20271013,1,20271014,1,20271015,1,20271018,1,20271019,1,20271020,1,20271021,1,20271022,1,20271025,1,20271026,1,20271027,1,20271028,1,20271029,1,20271101,1,20271102,1,20271103,1,20271104,1,20271105,1,20271108,1,20271109,1,20271110,1,20271111,1,20271112,1,20271115,1,20271116,1,20271117,1,20271118,1,20271119,1,20271122,1,20271123,1,20271124,1,20271125,1,20271126,1,20271129,1,20271130,1,20271201,1,20271202,1,20271203,1,20271206,1,20271207,1,20271208,1,20271209,1,20271210,1,20271213,1,20271214,1,20271215,1,20271216,1,20271217,1,20271220,1,20271221,1,20271222,1,20271223,1,20271224,1,20271227,1,20271228,1,20271229,1,20271230,1,20271231,1
'1456889',20261008,1,20261009,1,20261012,1,20261013,1,20261014,1,20261015,1,20261016,1,20261019,1,20261020,1,20261021,1,20261022,1,20261023,1,20261026,1,20261027,1,20261028,1,20261029,1,20261030,1,20261102,1,20261103,1,20261104,1,20261105,1,20261106,1,20261109,1,20261110,1,20261111,1,20261112,1,20261113,1,20261116,1,20261117,1,20261118,1,20261119,1,20261120,1,20261123,1,20261124,1,20261125,1,20261126,1,20261127,1,20261130,1,20261201,1,20261202,1,20261203,1,20261204,1,20261207,1,20261208,1,20261209,1,20261210,1,20261211,1,20261214,1,20261215,1,20261216,1,20261217,1,20261218,1,20261221,1,20261222,1,20261223,1,20261224,1,20261225,1,20261228,1,20261229,1,20261230,1,20261231,1,20270101,1,20270104,1,20270105,1,20270106,1,20270107,1,20270108,1,20270111,1,20270112,1,20270113,1,20270114,1,20270115,1,20270118,1,20270119,1,20270120,1,20270121,1,20270122,1,20270125,1,20270126,1,20270127,1,20270128,1,20270129,1,20270201,1,20270202,1,20270203,1,20270204,1,20270205,1,20270208,1,20270209,1,20270210,1,20270211,1,20270212,1,20270215,1,20270216,1,20270217,1,20270218,1,20270219,1,20270222,1,20270223,1,20270224,1,20270225,1,20270226,1,20270301,1,20270302,1,20270303,1,20270304,1,20270305,1,20270308,1,20270309,1,20270310,1,20270311,1,20270312,1,20270315,1,20270316,1,20270317,1,20270318,1,20270319,1,20270322,1,20270323,1,20270324,1,20270325,1,20270326,1,20270329,1,20270330,1,20270331,1,20270401,1,20270402,1,20270405,1,20270406,1,20270407,1,20270408,1,20270409,1,20270412,1,20270413,1,20270414,1,20270415,1,20270416,1,20270419,1,20270420,1,20270421,1,20270422,1,20270423,1,20270426,1,20270427,1,20270428,1,20270429,1,20270430,1,20270503,1,20270504,1,20270505,1,20270506,1,20270507,1,20270510,1,20270511,1,20270512,1,20270513,1,20270514,1,20270517,1,20270518,1,20270519,1,20270520,1,20270521,1,20270524,1,20270525,1,20270526,1,20270527,1,20270528,1,20270531,1,20270601,1,20270602,1,20270603,1,20270604,1,20270607,1,20270608,1,20270609,1,20270610,1,20270611,1,20270614,1,20270615,1,20270616,1,20270617,1,20270618,1,20270621,1,20270622,1,20270623,1,20270624,1,20270625,1,20270628,1,20270629,1,20270630,1,20270701,1,20270702,1,20270705,1,20270706,1,20270707,1,20270708,1,20270709,1,20270712,1,20270713,1,20270714,1,20270715,1,20270716,1,20270719,1,20270720,1,20270721,1,20270722,1,20270723,1,20270726,1,20270727,1,20270728,1,20270729,1,20270730,1,20270802,1,20270803,1,20270804,1,20270805,1,20270806,1,20270809,1,20270810,1,20270811,1,20270812,1,20270813,1,20270816,1,20270817,1,20270818,1,20270819,1,20270820,1,20270823,1,20270824,1,20270825,1,20270826,1,20270827,1,20270830,1,20270831,1,20270901,1,20270902,1,20270903,1,20270906,1,20270907,1,20270908,1,20270909,1,20270910,1,20270913,1,20270914,1,20270915,1,20270916,1,20270917,1,20270920,1,20270921,1,20270922,1,20270923,1,20270924,1,20270927,1,20270928,1,20270929,1,20270930,1,20271001,1,20271004,1,20271005,1,20271006,1,20271007,1,20271008,1,20271011,1,20271012,1,20271013,1,20271014,1,20271015,1,20271018,1,20271019,1,20271020,1,20271021,1,20271022,1,20271025,1,20271026,1,20271027,1,20271028,1,20271029,1,20271101,1,20271102,1,20271103,1,20271104,1,20271105,1,20271108,1,20271109,1,20271110,1,20271111,1,20271112,1,20271115,1,20271116,1,20271117,1,20271118,1,20271119,1,20271122,1,20271123,1,20271124,1,20271125,1,20271126,1,20271129,1,20271130,1,20271201,1,20271202,1,20271203,1,20271206,1,20271207,1,20271208,1,20271209,1,20271210,1,20271213,1,20271214,1,20271215,1,20271216,1,20271217,1,20271220,1,20271221,1,20271222,1,20271223,1,20271224,1,20271227,1,20271228,1,20271229,1,20271230,1,20271231,1
'1456915',20261008,1,20261009,1,20261012,1,20261013,1,20261014,1,20261015,1,20261016,1,20261019,1,20261020,1,20261021,1,20261022,1,20261023,1,20261026,1,20261027,1,20261028,1,20261029,1,20261030,1,20261102,1,20261103,1,20261104,1,20261105,1,20261106,1,20261109,1,20261110,1,20261111,1,20261112,1,20261113,1,20261116,1,20261117,1,20261118,1,20261119,1,20261120,1,20261123,1,20261124,1,20261125,1,20261126,1,20261127,1,20261130,1,20261201,1,20261202,1,20261203,1,20261204,1,20261207,1,20261208,1,20261209,1,20261210,1,20261211,1,20261214,1,20261215,1,20261216,1,20261217,1,20261218,1,20261221,1,20261222,1,20261223,1,20261224,1,20261225,1,20261228,1,20261229,1,20261230,1,20261231,1,20270101,1,20270104,1,20270105,1,20270106,1,20270107,1,20270108,1,20270111,1,20270112,1,20270113,1,20270114,1,20270115,1,20270118,1,20270119,1,20270120,1,20270121,1,20270122,1,20270125,1,20270126,1,20270127,1,20270128,1,20270129,1,20270201,1,20270202,1,20270203,1,20270204,1,20270205,1,20270208,1,20270209,1,20270210,1,20270211,1,20270212,1,20270215,1,20270216,1,20270217,1,20270218,1,20270219,1,20270222,1,20270223,1,20270224,1,20270225,1,20270226,1,20270301,1,20270302,1,20270303,1,20270304,1,20270305,1,20270308,1,20270309,1,20270310,1,20270311,1,20270312,1,20270315,1,20270316,1,20270317,1,20270318,1,20270319,1,20270322,1,20270323,1,20270324,1,20270325,1,20270326,1,20270329,1,20270330,1,20270331,1,20270401,1,20270402,1,20270405,1,20270406,1,20270407,1,20270408,1,20270409,1,20270412,1,20270413,1,20270414,1,20270415,1,20270416,1,20270419,1,20270420,1,20270421,1,20270422,1,20270423,1,20270426,1,20270427,1,20270428,1,20270429,1,20270430,1,20270503,1,20270504,1,20270505,1,20270506,1,20270507,1,20270510,1,20270511,1,20270512,1,20270513,1,20270514,1,20270517,1,20270518,1,20270519,1,20270520,1,20270521,1,20270524,1,20270525,1,20270526,1,20270527,1,20270528,1,20270531,1,20270601,1,20270602,1,20270603,1,20270604,1,20270607,1,20270608,1,20270609,1,20270610,1,20270611,1,20270614,1,20270615,1,20270616,1,20270617,1,20270618,1,20270621,1,20270622,1,20270623,1,20270624,1,20270625,1,20270628,1,20270629,1,20270630,1,20270701,1,20270702,1,20270705,1,20270706,1,20270707,1,20270708,1,20270709,1,20270712,1,20270713,1,20270714,1,20270715,1,20270716,1,20270719,1,20270720,1,20270721,1,20270722,1,20270723,1,20270726,1,20270727,1,20270728,1,20270729,1,20270730,1,20270802,1,20270803,1,20270804,1,20270805,1,20270806,1,20270809,1,20270810,1,20270811,1,20270812,1,20270813,1,20270816,1,20270817,1,20270818,1,20270819,1,20270820,1,20270823,1,20270824,1,20270825,1,20270826,1,20270827,1,20270830,1,20270831,1,20270901,1,20270902,1,20270903,1,20270906,1,20270907,1,20270908,1,20270909,1,20270910,1,20270913,1,20270914,1,20270915,1,20270916,1,20270917,1,20270920,1,20270921,1,20270922,1,20270923,1,20270924,1,20270927,1,20270928,1,20270929,1,20270930,1,20271001,1,20271004,1,20271005,1,20271006,1,20271007,1,20271008,1,20271011,1,20271012,1,20271013,1,20271014,1,20271015,1,20271018,1,20271019,1,20271020,1,20271021,1,20271022,1,20271025,1,20271026,1,20271027,1,20271028,1,20271029,1,20271101,1,20271102,1,20271103,1,20271104,1,20271105,1,20271108,1,20271109,1,20271110,1,20271111,1,20271112,1,20271115,1,20271116,1,20271117,1,20271118,1,20271119,1,20271122,1,20271123,1,20271124,1,20271125,1,20271126,1,20271129,1,20271130,1,20271201,1,20271202,1,20271203,1,20271206,1,20271207,1,20271208,1,20271209,1,20271210,1,20271213,1,20271214,1,20271215,1,20271216,1,20271217,1,20271220,1,20271221,1,20271222,1,20271223,1,20271224,1,20271227,1,20271228,1,20271229,1,20271230,1,20271231,1
'1456918',20261008,1,20261009,1,20261012,1,20261013,1,20261014,1,20261015,1,20261016,1,20261019,1,20261020,1,20261021,1,20261022,1,20261023,1,20261026,1,20261027,1,20261028,1,20261029,1,20261030,1,20261102,1,20261103,1,20261104,1,20261105,1,20261106,1,20261109,1,20261110,1,20261111,1,20261112,1,20261113,1,20261116,1,20261117,1,20261118,1,20261119,1,20261120,1,20261123,1,20261124,1,20261125,1,20261126,1,20261127,1,20261130,1,20261201,1,20261202,1,20261203,1,20261204,1,20261207,1,20261208,1,20261209,1,20261210,1,20261211,1,20261214,1,20261215,1,20261216,1,20261217,1,20261218,1,20261221,1,20261222,1,20261223,1,20261224,1,20261225,1,20261228,1,20261229,1,20261230,1,20261231,1,20270101,1,20270104,1,20270105,1,20270106,1,20270107,1,20270108,1,20270111,1,20270112,1,20270113,1,20270114,1,20270115,1,20270118,1,20270119,1,20270120,1,20270121,1,20270122,1,20270125,1,20270126,1,20270127,1,20270128,1,20270129,1,20270201,1,20270202,1,20270203,1,20270204,1,20270205,1,20270208,1,20270209,1,20270210,1,20270211,1,20270212,1,20270215,1,20270216,1,20270217,1,20270218,1,20270219,1,20270222,1,20270223,1,20270224,1,20270225,1,20270226,1,20270301,1,20270302,1,20270303,1,20270304,1,20270305,1,20270308,1,20270309,1,20270310,1,20270311,1,20270312,1,20270315,1,20270316,1,20270317,1,20270318,1,20270319,1,20270322,1,20270323,1,20270324,1,20270325,1,20270326,1,20270329,1,20270330,1,20270331,1,20270401,1,20270402,1,20270405,1,20270406,1,20270407,1,20270408,1,20270409,1,20270412,1,20270413,1,20270414,1,20270415,1,20270416,1,20270419,1,20270420,1,20270421,1,20270422,1,20270423,1,20270426,1,20270427,1,20270428,1,20270429,1,20270430,1,20270503,1,20270504,1,20270505,1,20270506,1,20270507,1,20270510,1,20270511,1,20270512,1,20270513,1,20270514,1,20270517,1,20270518,1,20270519,1,20270520,1,20270521,1,20270524,1,20270525,1,20270526,1,20270527,1,20270528,1,20270531,1,20270601,1,20270602,1,20270603,1,20270604,1,20270607,1,20270608,1,20270609,1,20270610,1,20270611,1,20270614,1,20270615,1,20270616,1,20270617,1,20270618,1,20270621,1,20270622,1,20270623,1,20270624,1,20270625,1,20270628,1,20270629,1,20270630,1,20270701,1,20270702,1,20270705,1,20270706,1,20270707,1,20270708,1,20270709,1,20270712,1,20270713,1,20270714,1,20270715,1,20270716,1,20270719,1,20270720,1,20270721,1,20270722,1,20270723,1,20270726,1,20270727,1,20270728,1,20270729,1,20270730,1,20270802,1,20270803,1,20270804,1,20270805,1,20270806,1,20270809,1,20270810,1,20270811,1,20270812,1,20270813,1,20270816,1,20270817,1,20270818,1,20270819,1,20270820,1,20270823,1,20270824,1,20270825,1,20270826,1,20270827,1,20270830,1,20270831,1,20270901,1,20270902,1,20270903,1,20270906,1,20270907,1,20270908,1,20270909,1,20270910,1,20270913,1,20270914,1,20270915,1,20270916,1,20270917,1,20270920,1,20270921,1,20270922,1,20270923,1,20270924,1,20270927,1,20270928,1,20270929,1,20270930,1,20271001,1,20271004,1,20271005,1,20271006,1,20271007,1,20271008,1,20271011,1,20271012,1,20271013,1,20271014,1,20271015,1,20271018,1,20271019,1,20271020,1,20271021,1,20271022,1,20271025,1,20271026,1,20271027,1,20271028,1,20271029,1,20271101,1,20271102,1,20271103,1,20271104,1,20271105,1,20271108,1,20271109,1,20271110,1,20271111,1,20271112,1,20271115,1,20271116,1,20271117,1,20271118,1,20271119,1,20271122,1,20271123,1,20271124,1,20271125,1,20271126,1,20271129,1,20271130,1,20271201,1,20271202,1,20271203,1,20271206,1,20271207,1,20271208,1,20271209,1,20271210,1,20271213,1,20271214,1,20271215,1,20271216,1,20271217,1,20271220,1,20271221,1,20271222,1,20271223,1,20271224,1,20271227,1,20271228,1,20271229,1,20271230,1,20271231,1
'1456919',20261010,1,20261011,1,20261017,1,20261018,1,20261024,1,20261025,1,20261031,1,20261101,1,20261107,1,20261108,1,20261114,1,20261115,1,20261121,1,20261122,1,20261128,1,20261129,1,20261205,1,20261206,1,20261212,1,20261213,1,20261219,1,20261220,1,20261226,1,20261227,1,20270102,1,20270103,1,20270109,1,20270110,1,20270116,1,20270117,1,20270123,1,20270124,1,20270130,1,20270131,1,20270206,1,20270207,1,20270213,1,20270214,1,20270220,1,20270221,1,20270227,1,20270228,1,20270306,1,20270307,1,20270313,1,20270314,1,20270320,1,20270321,1,20270327,1,20270328,1,20270403,1,20270404,1,20270410,1,20270411,1,20270417,1,20270418,1,20270424,1,20270425,1,20270501,1,20270502,1,20270508,1,20270509,1,20270515,1,20270516,1,20270522,1,20270523,1,20270529,1,20270530,1,20270605,1,20270606,1,20270612,1,20270613,1,20270619,1,20270620,1,20270626,1,20270627,1,20270703,1,20270704,1,20270710,1,20270711,1,20270717,1,20270718,1,20270724,1,20270725,1,20270731,1,20270801,1,20270807,1,20270808,1,20270814,1,20270815,1,20270821,1,20270822,1,20270828,1,20270829,1,20270904,1,20270905,1,20270911,1,20270912,1,20270918,1,20270919,1,20270925,1,20270926,1,20271002,1,20271003,1,20271009,1,20271010,1,20271016,1,20271017,1,20271023,1,20271024,1,20271030,1,20271031,1,20271106,1,20271107,1,20271113,1,20271114,1,20271120,1,20271121,1,20271127,1,20271128,1,20271204,1,20271205,1,20271211,1,20271212,1,20271218,1,20271219,1,20271225,1,20271226,1,20280101,1
'1456920',20261008,1,20261009,1,20261012,1,20261013,1,20261014,1,20261015,1,20261016,1,20261019,1,20261020,1,20261021,1,20261022,1,20261023,1,20261026,1,20261027,1,20261028,1,20261029,1,20261030,1,20261102,1,20261103,1,20261104,1,20261105,1,20261106,1,20261109,1,20261110,1,20261111,1,20261112,1,20261113,1,20261116,1,20261117,1,20261118,1,20261119,1,20261120,1,20261123,1,20261124,1,20261125,1,20261126,1,20261127,1,20261130,1,20261201,1,20261202,1,20261203,1,20261204,1,20261207,1,20261208,1,20261209,1,20261210,1,20261211,1,20261214,1,20261215,1,20261216,1,20261217,1,20261218,1,20261221,1,20261222,1,20261223,1,20261224,1,20261225,1,20261228,1,20261229,1,20261230,1,20261231,1,20270101,1,20270104,1,20270105,1,20270106,1,20270107,1,20270108,1,20270111,1,20270112,1,20270113,1,20270114,1,20270115,1,20270118,1,20270119,1,20270120,1,20270121,1,20270122,1,20270125,1,20270126,1,20270127,1,20270128,1,20270129,1,20270201,1,20270202,1,20270203,1,20270204,1,20270205,1,20270208,1,20270209,1,20270210,1,20270211,1,20270212,1,20270215,1,20270216,1,20270217,1,20270218,1,20270219,1,20270222,1,20270223,1,20270224,1,20270225,1,20270226,1,20270301,1,20270302,1,20270303,1,20270304,1,20270305,1,20270308,1,20270309,1,20270310,1,20270311,1,20270312,1,20270315,1,20270316,1,20270317,1,20270318,1,20270319,1,20270322,1,20270323,1,20270324,1,20270325,1,20270326,1,20270329,1,20270330,1,20270331,1,20270401,1,20270402,1,20270405,1,20270406,1,20270407,1,20270408,1,20270409,1,20270412,1,20270413,1,20270414,1,20270415,1,20270416,1,20270419,1,20270420,1,20270421,1,20270422,1,20270423,1,20270426,1,20270427,1,20270428,1,20270429,1,20270430,1,20270503,1,20270504,1,20270505,1,20270506,1,20270507,1,20270510,1,20270511,1,20270512,1,20270513,1,20270514,1,20270517,1,20270518,1,20270519,1,20270520,1,20270521,1,20270524,1,20270525,1,20270526,1,20270527,1,20270528,1,20270531,1,20270601,1,20270602,1,20270603,1,20270604,1,20270607,1,20270608,1,20270609,1,20270610,1,20270611,1,20270614,1,20270615,1,20270616,1,20270617,1,20270618,1,20270621,1,20270622,1,20270623,1,20270624,1,20270625,1,20270628,1,20270629,1,20270630,1,20270701,1,20270702,1,20270705,1,20270706,1,20270707,1,20270708,1,20270709,1,20270712,1,20270713,1,20270714,1,20270715,1,20270716,1,20270719,1,20270720,1,20270721,1,20270722,1,20270723,1,20270726,1,20270727,1,20270728,1,20270729,1,20270730,1,20270802,1,20270803,1,20270804,1,20270805,1,20270806,1,20270809,1,20270810,1,20270811,1,20270812,1,20270813,1,20270816,1,20270817,1,20270818,1,20270819,1,20270820,1,20270823,1,20270824,1,20270825,1,20270826,1,20270827,1,20270830,1,20270831,1,20270901,1,20270902,1,20270903,1,20270906,1,20270907,1,20270908,1,20270909,1,20270910,1,20270913,1,20270914,1,20270915,1,20270916,1,20270917,1,20270920,1,20270921,1,20270922,1,20270923,1,20270924,1,20270927,1,20270928,1,20270929,1,20270930,1,20271001,1,20271004,1,20271005,1,20271006,1,20271007,1,20271008,1,20271011,1,20271012,1,20271013,1,20271014,1,20271015,1,20271018,1,20271019,1,20271020,1,20271021,1,20271022,1,20271025,1,20271026,1,20271027,1,20271028,1,20271029,1,20271101,1,20271102,1,20271103,1,20271104,1,20271105,1,20271108,1,20271109,1,20271110,1,20271111,1,20271112,1,20271115,1,20271116,1,20271117,1,20271118,1,20271119,1,20271122,1,20271123,1,20271124,1,20271125,1,20271126,1,20271129,1,20271130,1,20271201,1,20271202,1,20271203,1,20271206,1,20271207,1,20271208,1,20271209,1,20271210,1,20271213,1,20271214,1,20271215,1,20271216,1,20271217,1,20271220,1,20271221,1,20271222,1,20271223,1,20271224,1,20271227,1,20271228,1,20271229,1,20271230,1,20271231,1
'1456950',20261008,1,20261009,1,20261012,1,20261013,1,20261014,1,20261015,1,20261016,1,20261019,1,20261020,1,20261021,1,20261022,1,20261023,1,20261026,1,20261027,1,20261028,1,20261029,1,20261030,1,20261102,1,20261103,1,20261104,1,20261105,1,20261106,1,20261109,1,20261110,1,20261111,1,20261112,1,20261113,1,20261116,1,20261117,1,20261118,1,20261119,1,20261120,1,20261123,1,20261124,1,20261125,1,20261126,1,20261127,1,20261130,1,20261201,1,20261202,1,20261203,1,20261204,1,20261207,1,20261208,1,20261209,1,20261210,1,20261211,1,20261214,1,20261215,1,20261216,1,20261217,1,20261218,1,20261221,1,20261222,1,20261223,1,20261224,1,20261225,1,20261228,1,20261229,1,20261230,1,20261231,1,20270101,1,20270104,1,20270105,1,20270106,1,20270107,1,20270108,1,20270111,1,20270112,1,20270113,1,20270114,1,20270115,1,20270118,1,20270119,1,20270120,1,20270121,1,20270122,1,20270125,1,20270126,1,20270127,1,20270128,1,20270129,1,20270201,1,20270202,1,20270203,1,20270204,1,20270205,1,20270208,1,20270209,1,20270210,1,20270211,1,20270212,1,20270215,1,20270216,1,20270217,1,20270218,1,20270219,1,20270222,1,20270223,1,20270224,1,20270225,1,20270226,1,20270301,1,20270302,1,20270303,1,20270304,1,20270305,1,20270308,1,20270309,1,20270310,1,20270311,1,20270312,1,20270315,1,20270316,1,20270317,1,20270318,1,20270319,1,20270322,1,20270323,1,20270324,1,20270325,1,20270326,1,20270329,1,20270330,1,20270331,1,20270401,1,20270402,1,20270405,1,20270406,1,20270407,1,20270408,1,20270409,1,20270412,1,20270413,1,20270414,1,20270415,1,20270416,1,20270419,1,20270420,1,20270421,1,20270422,1,20270423,1,20270426,1,20270427,1,20270428,1,20270429,1,20270430,1,20270503,1,20270504,1,20270505,1,20270506,1,20270507,1,20270510,1,20270511,1,20270512,1,20270513,1,20270514,1,20270517,1,20270518,1,20270519,1,20270520,1,20270521,1,20270524,1,20270525,1,20270526,1,20270527,1,20270528,1,20270531,1,20270601,1,20270602,1,20270603,1,20270604,1,20270607,1,20270608,1,20270609,1,20270610,1,20270611,1,20270614,1,20270615,1,20270616,1,20270617,1,20270618,1,20270621,1,20270622,1,20270623,1,20270624,1,20270625,1,20270628,1,20270629,1,20270630,1,20270701,1,20270702,1,20270705,1,20270706,1,20270707,1,20270708,1,20270709,1,20270712,1,20270713,1,20270714,1,20270715,1,20270716,1,20270719,1,20270720,1,20270721,1,20270722,1,20270723,1,20270726,1,20270727,1,20270728,1,20270729,1,20270730,1,20270802,1,20270803,1,20270804,1,20270805,1,20270806,1,20270809,1,20270810,1,20270811,1,20270812,1,20270813,1,20270816,1,20270817,1,20270818,1,20270819,1,20270820,1,20270823,1,20270824,1,20270825,1,20270826,1,20270827,1,20270830,1,20270831,1,20270901,1,20270902,1,20270903,1,20270906,1,20270907,1,20270908,1,20270909,1,20270910,1,20270913,1,20270914,1,20270915,1,20270916,1,20270917,1,20270920,1,20270921,1,20270922,1,20270923,1,20270924,1,20270927,1,20270928,1,20270929,1,20270930,1,20271001,1,20271004,1,20271005,1,20271006,1,20271007,1,20271008,1,20271011,1,20271012,1,20271013,1,20271014,1,20271015,1,20271018,1,20271019,1,20271020,1,20271021,1,20271022,1,20271025,1,20271026,1,20271027,1,20271028,1,20271029,1,20271101,1,20271102,1,20271103,1,20271104,1,20271105,1,20271108,1,20271109,1,20271110,1,20271111,1,20271112,1,20271115,1,20271116,1,20271117,1,20271118,1,20271119,1,20271122,1,20271123,1,20271124,1,20271125,1,20271126,1,20271129,1,20271130,1,20271201,1,20271202,1,20271203,1,20271206,1,20271207,1,20271208,1,20271209,1,20271210,1,20271213,1,20271214,1,20271215,1,20271216,1,20271217,1,20271220,1,20271221,1,20271222,1,20271223,1,20271224,1,20271227,1,20271228,1,20271229,1,20271230,1,20271231,1
'1456960',20261010,1,20261011,1,20261017,1,20261018,1,20261024,1,20261025,1,20261031,1,20261101,1,20261107,1,20261108,1,20261114,1,20261115,1,20261121,1,20261122,1,20261128,1,20261129,1,20261205,1,20261206,1,20261212,1,20261213,1,20261219,1,20261220,1,20261226,1,20261227,1,20270102,1,20270103,1,20270109,1,20270110,1,20270116,1,20270117,1,20270123,1,20270124,1,20270130,1,20270131,1,20270206,1,20270207,1,20270213,1,20270214,1,20270220,1,20270221,1,20270227,1,20270228,1,20270306,1,20270307,1,20270313,1,20270314,1,20270320,1,20270321,1,20270327,1,20270328,1,20270403,1,20270404,1,20270410,1,20270411,1,20270417,1,20270418,1,20270424,1,20270425,1,20270501,1,20270502,1,20270508,1,20270509,1,20270515,1,20270516,1,20270522,1,20270523,1,20270529,1,20270530,1,20270605,1,20270606,1,20270612,1,20270613,1,20270619,1,20270620,1,20270626,1,20270627,1,20270703,1,20270704,1,20270710,1,20270711,1,20270717,1,20270718,1,20270724,1,20270725,1,20270731,1,20270801,1,20270807,1,20270808,1,20270814,1,20270815,1,20270821,1,20270822,1,20270828,1,20270829,1,20270904,1,20270905,1,20270911,1,20270912,1,20270918,1,20270919,1,20270925,1,20270926,1,20271002,1,20271003,1,20271009,1,20271010,1,20271016,1,20271017,1,20271023,1,20271024,1,20271030,1,20271031,1,20271106,1,20271107,1,20271113,1,20271114,1,20271120,1,20271121,1,20271127,1,20271128,1,20271204,1,20271205,1,20271211,1,20271212,1,20271218,1,20271219,1,20271225,1,20271226,1,20280101,1
'1456962',20261008,1,20261009,1,20261012,1,20261013,1,20261014,1,20261015,1,20261016,1,20261019,1,20261020,1,20261021,1,20261022,1,20261023,1,20261026,1,20261027,1,20261028,1,20261029,1,20261030,1,20261102,1,20261103,1,20261104,1,20261105,1,20261106,1,20261109,1,20261110,1,20261111,1,20261112,1,20261113,1,20261116,1,20261117,1,20261118,1,20261119,1,20261120,1,20261123,1,20261124,1,20261125,1,20261126,1,20261127,1,20261130,1,20261201,1,20261202,1,20261203,1,20261204,1,20261207,1,20261208,1,20261209,1,20261210,1,20261211,1,20261214,1,20261215,1,20261216,1,20261217,1,20261218,1,20261221,1,20261222,1,20261223,1,20261224,1,20261225,1,20261228,1,20261229,1,20261230,1,20261231,1,20270101,1,20270104,1,20270105,1,20270106,1,20270107,1,20270108,1,20270111,1,20270112,1,20270113,1,20270114,1,20270115,1,20270118,1,20270119,1,20270120,1,20270121,1,20270122,1,20270125,1,20270126,1,20270127,1,20270128,1,20270129,1,20270201,1,20270202,1,20270203,1,20270204,1,20270205,1,20270208,1,20270209,1,20270210,1,20270211,1,20270212,1,20270215,1,20270216,1,20270217,1,20270218,1,20270219,1,20270222,1,20270223,1,20270224,1,20270225,1,20270226,1,20270301,1,20270302,1,20270303,1,20270304,1,20270305,1,20270308,1,20270309,1,20270310,1,20270311,1,20270312,1,20270315,1,20270316,1,20270317,1,20270318,1,20270319,1,20270322,1,20270323,1,20270324,1,20270325,1,20270326,1,20270329,1,20270330,1,20270331,1,20270401,1,20270402,1,20270405,1,20270406,1,20270407,1,20270408,1,20270409,1,20270412,1,20270413,1,20270414,1,20270415,1,20270416,1,20270419,1,20270420,1,20270421,1,20270422,1,20270423,1,20270426,1,20270427,1,20270428,1,20270429,1,20270430,1,20270503,1,20270504,1,20270505,1,20270506,1,20270507,1,20270510,1,20270511,1,20270512,1,20270513,1,20270514,1,20270517,1,20270518,1,20270519,1,20270520,1,20270521,1,20270524,1,20270525,1,20270526,1,20270527,1,20270528,1,20270531,1,20270601,1,20270602,1,20270603,1,20270604,1,20270607,1,20270608,1,20270609,1,20270610,1,20270611,1,20270614,1,20270615,1,20270616,1,20270617,1,20270618,1,20270621,1,20270622,1,20270623,1,20270624,1,20270625,1,20270628,1,20270629,1,20270630,1,20270701,1,20270702,1,20270705,1,20270706,1,20270707,1,20270708,1,20270709,1,20270712,1,20270713,1,20270714,1,20270715,1,20270716,1,20270719,1,20270720,1,20270721,1,20270722,1,20270723,1,20270726,1,20270727,1,20270728,1,20270729,1,20270730,1,20270802,1,20270803,1,20270804,1,20270805,1,20270806,1,20270809,1,20270810,1,20270811,1,20270812,1,20270813,1,20270816,1,20270817,1,20270818,1,20270819,1,20270820,1,20270823,1,20270824,1,20270825,1,20270826,1,20270827,1,20270830,1,20270831,1,20270901,1,20270902,1,20270903,1,20270906,1,20270907,1,20270908,1,20270909,1,20270910,1,20270913,1,20270914,1,20270915,1,20270916,1,20270917,1,20270920,1,20270921,1,20270922,1,20270923,1,20270924,1,20270927,1,20270928,1,20270929,1,20270930,1,20271001,1,20271004,1,20271005,1,20271006,1,20271007,1,20271008,1,20271011,1,20271012,1,20271013,1,20271014,1,20271015,1,20271018,1,20271019,1,20271020,1,20271021,1,20271022,1,20271025,1,20271026,1,20271027,1,20271028,1,20271029,1,20271101,1,20271102,1,20271103,1,20271104,1,20271105,1,20271108,1,20271109,1,20271110,1,20271111,1,20271112,1,20271115,1,20271116,1,20271117,1,20271118,1,20271119,1,20271122,1,20271123,1,20271124,1,20271125,1,20271126,1,20271129,1,20271130,1,20271201,1,20271202,1,20271203,1,20271206,1,20271207,1,20271208,1,20271209,1,20271210,1,20271213,1,20271214,1,20271215,1,20271216,1,20271217,1,20271220,1,20271221,1,20271222,1,20271223,1,20271224,1,20271227,1,20271228,1,20271229,1,20271230,1,20271231,1
'1456984',20261010,1,20261011,1,20261017,1,20261018,1,20261024,1,20261025,1,20261031,1,20261101,1,20261107,1,20261108,1,20261114,1,20261115,1,20261121,1,20261122,1,20261128,1,20261129,1,20261205,1,20261206,1,20261212,1,20261213,1,20261219,1,20261220,1,20261226,1,20261227,1,20270102,1,20270103,1,20270109,1,20270110,1,20270116,1,20270117,1,20270123,1,20270124,1,20270130,1,20270131,1,20270206,1,20270207,1,20270213,1,20270214,1,20270220,1,20270221,1,20270227,1,20270228,1,20270306,1,20270307,1,20270313,1,20270314,1,20270320,1,20270321,1,20270327,1,20270328,1,20270403,1,20270404,1,20270410,1,20270411,1,20270417,1,20270418,1,20270424,1,20270425,1,20270501,1,20270502,1,20270508,1,20270509,1,20270515,1,20270516,1,20270522,1,20270523,1,20270529,1,20270530,1,20270605,1,20270606,1,20270612,1,20270613,1,20270619,1,20270620,1,20270626,1,20270627,1,20270703,1,20270704,1,20270710,1,20270711,1,20270717,1,20270718,1,20270724,1,20270725,1,20270731,1,20270801,1,20270807,1,20270808,1,20270814,1,20270815,1,20270821,1,20270822,1,20270828,1,20270829,1,20270904,1,20270905,1,20270911,1,20270912,1,20270918,1,20270919,1,20270925,1,20270926,1,20271002,1,20271003,1,20271009,1,20271010,1,20271016,1,20271017,1,20271023,1,20271024,1,20271030,1,20271031,1,20271106,1,20271107,1,20271113,1,20271114,1,20271120,1,20271121,1,20271127,1,20271128,1,20271204,1,20271205,1,20271211,1,20271212,1,20271218,1,20271219,1,20271225,1,20271226,1,20280101,1
'1456985',20261008,1,20261009,1,20261012,1,20261013,1,20261014,1,20261015,1,20261016,1,20261019,1,20261020,1,20261021,1,20261022,1,20261023,1,20261026,1,20261027,1,20261028,1,20261029,1,20261030,1,20261102,1,20261103,1,20261104,1,20261105,1,20261106,1,20261109,1,20261110,1,20261111,1,20261112,1,20261113,1,20261116,1,20261117,1,20261118,1,20261119,1,20261120,1,20261123,1,20261124,1,20261125,1,20261126,1,20261127,1,20261130,1,20261201,1,20261202,1,20261203,1,20261204,1,20261207,1,20261208,1,20261209,1,20261210,1,20261211,1,20261214,1,20261215,1,20261216,1,20261217,1,20261218,1,20261221,1,20261222,1,20261223,1,20261224,1,20261225,1,20261228,1,20261229,1,20261230,1,20261231,1,20270101,1,20270104,1,20270105,1,20270106,1,20270107,1,20270108,1,20270111,1,20270112,1,20270113,1,20270114,1,20270115,1,20270118,1,20270119,1,20270120,1,20270121,1,20270122,1,20270125,1,20270126,1,20270127,1,20270128,1,20270129,1,20270201,1,20270202,1,20270203,1,20270204,1,20270205,1,20270208,1,20270209,1,20270210,1,20270211,1,20270212,1,20270215,1,20270216,1,20270217,1,20270218,1,20270219,1,20270222,1,20270223,1,20270224,1,20270225,1,20270226,1,20270301,1,20270302,1,20270303,1,20270304,1,20270305,1,20270308,1,20270309,1,20270310,1,20270311,1,20270312,1,20270315,1,20270316,1,20270317,1,20270318,1,20270319,1,20270322,1,20270323,1,20270324,1,20270325,1,20270326,1,20270329,1,20270330,1,20270331,1,20270401,1,20270402,1,20270405,1,20270406,1,20270407,1,20270408,1,20270409,1,20270412,1,20270413,1,20270414,1,20270415,1,20270416,1,20270419,1,20270420,1,20270421,1,20270422,1,20270423,1,20270426,1,20270427,1,20270428,1,20270429,1,20270430,1,20270503,1,20270504,1,20270505,1,20270506,1,20270507,1,20270510,1,20270511,1,20270512,1,20270513,1,20270514,1,20270517,1,20270518,1,20270519,1,20270520,1,20270521,1,20270524,1,20270525,1,20270526,1,20270527,1,20270528,1,20270531,1,20270601,1,20270602,1,20270603,1,20270604,1,20270607,1,20270608,1,20270609,1,20270610,1,20270611,1,20270614,1,20270615,1,20270616,1,20270617,1,20270618,1,20270621,1,20270622,1,20270623,1,20270624,1,20270625,1,20270628,1,20270629,1,20270630,1,20270701,1,20270702,1,20270705,1,20270706,1,20270707,1,20270708,1,20270709,1,20270712,1,20270713,1,20270714,1,20270715,1,20270716,1,20270719,1,20270720,1,20270721,1,20270722,1,20270723,1,20270726,1,20270727,1,20270728,1,20270729,1,20270730,1,20270802,1,20270803,1,20270804,1,20270805,1,20270806,1,20270809,1,20270810,1,20270811,1,20270812,1,20270813,1,20270816,1,20270817,1,20270818,1,20270819,1,20270820,1,20270823,1,20270824,1,20270825,1,20270826,1,20270827,1,20270830,1,20270831,1,20270901,1,20270902,1,20270903,1,20270906,1,20270907,1,20270908,1,20270909,1,20270910,1,20270913,1,20270914,1,20270915,1,20270916,1,20270917,1,20270920,1,20270921,1,20270922,1,20270923,1,20270924,1,20270927,1,20270928,1,20270929,1,20270930,1,20271001,1,20271004,1,20271005,1,20271006,1,20271007,1,20271008,1,20271011,1,20271012,1,20271013,1,20271014,1,20271015,1,20271018,1,20271019,1,20271020,1,20271021,1,20271022,1,20271025,1,20271026,1,20271027,1,20271028,1,20271029,1,20271101,1,20271102,1,20271103,1,20271104,1,20271105,1,20271108,1,20271109,1,20271110,1,20271111,1,20271112,1,20271115,1,20271116,1,20271117,1,20271118,1,20271119,1,20271122,1,20271123,1,20271124,1,20271125,1,20271126,1,20271129,1,20271130,1,20271201,1,20271202,1,20271203,1,20271206,1,20271207,1,20271208,1,20271209,1,20271210,1,20271213,1,20271214,1,20271215,1,20271216,1,20271217,1,20271220,1,20271221,1,20271222,1,20271223,1,20271224,1,20271227,1,20271228,1,20271229,1,20271230,1,20271231,1
'1457004',20261008,1,20261009,1,20261012,1,20261013,1,20261014,1,20261015,1,20261016,1,20261019,1,20261020,1,20261021,1,20261022,1,20261023,1,20261026,1,20261027,1,20261028,1,20261029,1,20261030,1,20261102,1,20261103,1,20261104,1,20261105,1,20261106,1,20261109,1,20261110,1,20261111,1,20261112,1,20261113,1,20261116,1,20261117,1,20261118,1,20261119,1,20261120,1,20261123,1,20261124,1,20261125,1,20261126,1,20261127,1,20261130,1,20261201,1,20261202,1,20261203,1,20261204,1,20261207,1,20261208,1,20261209,1,20261210,1,20261211,1,20261214,1,20261215,1,20261216,1,20261217,1,20261218,1,20261221,1,20261222,1,20261223,1,20261224,1,20261225,1,20261228,1,20261229,1,20261230,1,20261231,1,20270101,1,20270104,1,20270105,1,20270106,1,20270107,1,20270108,1,20270111,1,20270112,1,20270113,1,20270114,1,20270115,1,20270118,1,20270119,1,20270120,1,20270121,1,20270122,1,20270125,1,20270126,1,20270127,1,20270128,1,20270129,1,20270201,1,20270202,1,20270203,1,20270204,1,20270205,1,20270208,1,20270209,1,20270210,1,20270211,1,20270212,1,20270215,1,20270216,1,20270217,1,20270218,1,20270219,1,20270222,1,20270223,1,20270224,1,20270225,1,20270226,1,20270301,1,20270302,1,20270303,1,20270304,1,20270305,1,20270308,1,20270309,1,20270310,1,20270311,1,20270312,1,20270315,1,20270316,1,20270317,1,20270318,1,20270319,1,20270322,1,20270323,1,20270324,1,20270325,1,20270326,1,20270329,1,20270330,1,20270331,1,20270401,1,20270402,1,20270405,1,20270406,1,20270407,1,20270408,1,20270409,1,20270412,1,20270413,1,20270414,1,20270415,1,20270416,1,20270419,1,20270420,1,20270421,1,20270422,1,20270423,1,20270426,1,20270427,1,20270428,1,20270429,1,20270430,1,20270503,1,20270504,1,20270505,1,20270506,1,20270507,1,20270510,1,20270511,1,20270512,1,20270513,1,20270514,1,20270517,1,20270518,1,20270519,1,20270520,1,20270521,1,20270524,1,20270525,1,20270526,1,20270527,1,20270528,1,20270531,1,20270601,1,20270602,1,20270603,1,20270604,1,20270607,1,20270608,1,20270609,1,20270610,1,20270611,1,20270614,1,20270615,1,20270616,1,20270617,1,20270618,1,20270621,1,20270622,1,20270623,1,20270624,1,20270625,1,20270628,1,20270629,1,20270630,1,20270701,1,20270702,1,20270705,1,20270706,1,20270707,1,20270708,1,20270709,1,20270712,1,20270713,1,20270714,1,20270715,1,20270716,1,20270719,1,20270720,1,20270721,1,20270722,1,20270723,1,20270726,1,20270727,1,20270728,1,20270729,1,20270730,1,20270802,1,20270803,1,20270804,1,20270805,1,20270806,1,20270809,1,20270810,1,20270811,1,20270812,1,20270813,1,20270816,1,20270817,1,20270818,1,20270819,1,20270820,1,20270823,1,20270824,1,20270825,1,20270826,1,20270827,1,20270830,1,20270831,1,20270901,1,20270902,1,20270903,1,20270906,1,20270907,1,20270908,1,20270909,1,20270910,1,20270913,1,20270914,1,20270915,1,20270916,1,20270917,1,20270920,1,20270921,1,20270922,1,20270923,1,20270924,1,20270927,1,20270928,1,20270929,1,20270930,1,20271001,1,20271004,1,20271005,1,20271006,1,20271007,1,20271008,1,20271011,1,20271012,1,20271013,1,20271014,1,20271015,1,20271018,1,20271019,1,20271020,1,20271021,1,20271022,1,20271025,1,20271026,1,20271027,1,20271028,1,20271029,1,20271101,1,20271102,1,20271103,1,20271104,1,20271105,1,20271108,1,20271109,1,20271110,1,20271111,1,20271112,1,20271115,1,20271116,1,20271117,1,20271118,1,20271119,1,20271122,1,20271123,1,20271124,1,20271125,1,20271126,1,20271129,1,20271130,1,20271201,1,20271202,1,20271203,1,20271206,1,20271207,1,20271208,1,20271209,1,20271210,1,20271213,1,20271214,1,20271215,1,20271216,1,20271217,1,20271220,1,20271221,1,20271222,1,20271223,1,20271224,1,20271227,1,20271228,1,20271229,1,20271230,1,20271231,1
'1457017',20261010,1,20261011,1,20261017,1,20261018,1,20261024,1,20261025,1,20261031,1,20261101,1,20261107,1,20261108,1,20261114,1,20261115,1,20261121,1,20261122,1,20261128,1,20261129,1,20261205,1,20261206,1,20261212,1,20261213,1,20261219,1,20261220,1,20261226,1,20261227,1,20270102,1,20270103,1,20270109,1,20270110,1,20270116,1,20270117,1,20270123,1,20270124,1,20270130,1,20270131,1,20270206,1,20270207,1,20270213,1,20270214,1,20270220,1,20270221,1,20270227,1,20270228,1,20270306,1,20270307,1,20270313,1,20270314,1,20270320,1,20270321,1,20270327,1,20270328,1,20270403,1,20270404,1,20270410,1,20270411,1,20270417,1,20270418,1,20270424,1,20270425,1,20270501,1,20270502,1,20270508,1,20270509,1,20270515,1,20270516,1,20270522,1,20270523,1,20270529,1,20270530,1,20270605,1,20270606,1,20270612,1,20270613,1,20270619,1,20270620,1,20270626,1,20270627,1,20270703,1,20270704,1,20270710,1,20270711,1,20270717,1,20270718,1,20270724,1,20270725,1,20270731,1,20270801,1,20270807,1,20270808,1,20270814,1,20270815,1,20270821,1,20270822,1,20270828,1,20270829,1,20270904,1,20270905,1,20270911,1,20270912,1,20270918,1,20270919,1,20270925,1,20270926,1,20271002,1,20271003,1,20271009,1,20271010,1,20271016,1,20271017,1,20271023,1,20271024,1,20271030,1,20271031,1,20271106,1,20271107,1,20271113,1,20271114,1,20271120,1,20271121,1,20271127,1,20271128,1,20271204,1,20271205,1,20271211,1,20271212,1,20271218,1,20271219,1,20271225,1,20271226,1,20280101,1
'1457020',20261010,1,20261017,1,20261024,1,20261031,1,20261107,1,20261114,1,20261121,1,20261128,1,20261205,1,20261212,1,20261219,1,20261226,1,20270102,1,20270109,1,20270116,1,20270123,1,20270130,1,20270206,1,20270213,1,20270220,1,20270227,1,20270306,1,20270313,1,20270320,1,20270327,1,20270403,1,20270410,1,20270417,1,20270424,1,20270501,1,20270508,1,20270515,1,20270522,1,20270529,1,20270605,1,20270612,1,20270619,1,20270626,1,20270703,1,20270710,1,20270717,1,20270724,1,20270731,1,20270807,1,20270814,1,20270821,1,20270828,1,20270904,1,20270911,1,20270918,1,20270925,1,20271002,1,20271009,1,20271016,1,20271023,1,20271030,1,20271106,1,20271113,1,20271120,1,20271127,1,20271204,1,20271211,1,20271218,1,20271225,1,20280101,1
'1457022',20261010,1,20261011,1,20261017,1,20261018,1,20261024,1,20261025,1,20261031,1,20261101,1,20261107,1,20261108,1,20261114,1,20261115,1,20261121,1,20261122,1,20261128,1,20261129,1,20261205,1,20261206,1,20261212,1,20261213,1,20261219,1,20261220,1,20261226,1,20261227,1,20270102,1,20270103,1,20270109,1,20270110,1,20270116,1,20270117,1,20270123,1,20270124,1,20270130,1,20270131,1,20270206,1,20270207,1,20270213,1,20270214,1,20270220,1,20270221,1,20270227,1,20270228,1,20270306,1,20270307,1,20270313,1,20270314,1,20270320,1,20270321,1,20270327,1,20270328,1,20270403,1,20270404,1,20270410,1,20270411,1,20270417,1,20270418,1,20270424,1,20270425,1,20270501,1,20270502,1,20270508,1,20270509,1,20270515,1,20270516,1,20270522,1,20270523,1,20270529,1,20270530,1,20270605,1,20270606,1,20270612,1,20270613,1,20270619,1,20270620,1,20270626,1,20270627,1,20270703,1,20270704,1,20270710,1,20270711,1,20270717,1,20270718,1,20270724,1,20270725,1,20270731,1,20270801,1,20270807,1,20270808,1,20270814,1,20270815,1,20270821,1,20270822,1,20270828,1,20270829,1,20270904,1,20270905,1,20270911,1,20270912,1,20270918,1,20270919,1,20270925,1,20270926,1,20271002,1,20271003,1,20271009,1,20271010,1,20271016,1,20271017,1,20271023,1,20271024,1,20271030,1,20271031,1,20271106,1,20271107,1,20271113,1,20271114,1,20271120,1,20271121,1,20271127,1,20271128,1,20271204,1,20271205,1,20271211,1,20271212,1,20271218,1,20271219,1,20271225,1,20271226,1,20280101,1
'1457029',20261008,1,20261009,1,20261012,1,20261013,1,20261014,1,20261015,1,20261016,1,20261019,1,20261020,1,20261021,1,20261022,1,20261023,1,20261026,1,20261027,1,20261028,1,20261029,1,20261030,1,20261102,1,20261103,1,20261104,1,20261105,1,20261106,1,20261109,1,20261110,1,20261111,1,20261112,1,20261113,1,20261116,1,20261117,1,20261118,1,20261119,1,20261120,1,20261123,1,20261124,1,20261125,1,20261126,1,20261127,1,20261130,1,20261201,1,20261202,1,20261203,1,20261204,1,20261207,1,20261208,1,20261209,1,20261210,1,20261211,1,20261214,1,20261215,1,20261216,1,20261217,1,20261218,1,20261221,1,20261222,1,20261223,1,20261224,1,20261225,1,20261228,1,20261229,1,20261230,1,20261231,1,20270101,1,20270104,1,20270105,1,20270106,1,20270107,1,20270108,1,20270111,1,20270112,1,20270113,1,20270114,1,20270115,1,20270118,1,20270119,1,20270120,1,20270121,1,20270122,1,20270125,1,20270126,1,20270127,1,20270128,1,20270129,1,20270201,1,20270202,1,20270203,1,20270204,1,20270205,1,20270208,1,20270209,1,20270210,1,20270211,1,20270212,1,20270215,1,20270216,1,20270217,1,20270218,1,20270219,1,20270222,1,20270223,1,20270224,1,20270225,1,20270226,1,20270301,1,20270302,1,20270303,1,20270304,1,20270305,1,20270308,1,20270309,1,20270310,1,20270311,1,20270312,1,20270315,1,20270316,1,20270317,1,20270318,1,20270319,1,20270322,1,20270323,1,20270324,1,20270325,1,20270326,1,20270329,1,20270330,1,20270331,1,20270401,1,20270402,1,20270405,1,20270406,1,20270407,1,20270408,1,20270409,1,20270412,1,20270413,1,20270414,1,20270415,1,20270416,1,20270419,1,20270420,1,20270421,1,20270422,1,20270423,1,20270426,1,20270427,1,20270428,1,20270429,1,20270430,1,20270503,1,20270504,1,20270505,1,20270506,1,20270507,1,20270510,1,20270511,1,20270512,1,20270513,1,20270514,1,20270517,1,20270518,1,20270519,1,20270520,1,20270521,1,20270524,1,20270525,1,20270526,1,20270527,1,20270528,1,20270531,1,20270601,1,20270602,1,20270603,1,20270604,1,20270607,1,20270608,1,20270609,1,20270610,1,20270611,1,20270614,1,20270615,1,20270616,1,20270617,1,20270618,1,20270621,1,20270622,1,20270623,1,20270624,1,20270625,1,20270628,1,20270629,1,20270630,1,20270701,1,20270702,1,20270705,1,20270706,1,20270707,1,20270708,1,20270709,1,20270712,1,20270713,1,20270714,1,20270715,1,20270716,1,20270719,1,20270720,1,20270721,1,20270722,1,20270723,1,20270726,1,20270727,1,20270728,1,20270729,1,20270730,1,20270802,1,20270803,1,20270804,1,20270805,1,20270806,1,20270809,1,20270810,1,20270811,1,20270812,1,20270813,1,20270816,1,20270817,1,20270818,1,20270819,1,20270820,1,20270823,1,20270824,1,20270825,1,20270826,1,20270827,1,20270830,1,20270831,1,20270901,1,20270902,1,20270903,1,20270906,1,20270907,1,20270908,1,20270909,1,20270910,1,20270913,1,20270914,1,20270915,1,20270916,1,20270917,1,20270920,1,20270921,1,20270922,1,20270923,1,20270924,1,20270927,1,20270928,1,20270929,1,20270930,1,20271001,1,20271004,1,20271005,1,20271006,1,20271007,1,20271008,1,20271011,1,20271012,1,20271013,1,20271014,1,20271015,1,20271018,1,20271019,1,20271020,1,20271021,1,20271022,1,20271025,1,20271026,1,20271027,1,20271028,1,20271029,1,20271101,1,20271102,1,20271103,1,20271104,1,20271105,1,20271108,1,20271109,1,20271110,1,20271111,1,20271112,1,20271115,1,20271116,1,20271117,1,20271118,1,20271119,1,20271122,1,20271123,1,20271124,1,20271125,1,20271126,1,20271129,1,20271130,1,20271201,1,20271202,1,20271203,1,20271206,1,20271207,1,20271208,1,20271209,1,20271210,1,20271213,1,20271214,1,20271215,1,20271216,1,20271217,1,20271220,1,20271221,1,20271222,1,20271223,1,20271224,1,20271227,1,20271228,1,20271229,1,20271230,1,20271231,1
'1457030',20261008,1,20261009,1,20261012,1,20261013,1,20261014,1,20261015,1,20261016,1,20261019,1,20261020,1,20261021,1,20261022,1,20261023,1,20261026,1,20261027,1,20261028,1,20261029,1,20261030,1,20261102,1,20261103,1,20261104,1,20261105,1,20261106,1,20261109,1,20261110,1,20261111,1,20261112,1,20261113,1,20261116,1,20261117,1,20261118,1,20261119,1,20261120,1,20261123,1,20261124,1,20261125,1,20261126,1,20261127,1,20261130,1,20261201,1,20261202,1,20261203,1,20261204,1,20261207,1,20261208,1,20261209,1,20261210,1,20261211,1,20261214,1,20261215,1,20261216,1,20261217,1,20261218,1,20261221,1,20261222,1,20261223,1,20261224,1,20261225,1,20261228,1,20261229,1,20261230,1,20261231,1,20270101,1,20270104,1,20270105,1,20270106,1,20270107,1,20270108,1,20270111,1,20270112,1,20270113,1,20270114,1,20270115,1,20270118,1,20270119,1,20270120,1,20270121,1,20270122,1,20270125,1,20270126,1,20270127,1,20270128,1,20270129,1,20270201,1,20270202,1,20270203,1,20270204,1,20270205,1,20270208,1,20270209,1,20270210,1,20270211,1,20270212,1,20270215,1,20270216,1,20270217,1,20270218,1,20270219,1,20270222,1,20270223,1,20270224,1,20270225,1,20270226,1,20270301,1,20270302,1,20270303,1,20270304,1,20270305,1,20270308,1,20270309,1,20270310,1,20270311,1,20270312,1,20270315,1,20270316,1,20270317,1,20270318,1,20270319,1,20270322,1,20270323,1,20270324,1,20270325,1,20270326,1,20270329,1,20270330,1,20270331,1,20270401,1,20270402,1,20270405,1,20270406,1,20270407,1,20270408,1,20270409,1,20270412,1,20270413,1,20270414,1,20270415,1,20270416,1,20270419,1,20270420,1,20270421,1,20270422,1,20270423,1,20270426,1,20270427,1,20270428,1,20270429,1,20270430,1,20270503,1,20270504,1,20270505,1,20270506,1,20270507,1,20270510,1,20270511,1,20270512,1,20270513,1,20270514,1,20270517,1,20270518,1,20270519,1,20270520,1,20270521,1,20270524,1,20270525,1,20270526,1,20270527,1,20270528,1,20270531,1,20270601,1,20270602,1,20270603,1,20270604,1,20270607,1,20270608,1,20270609,1,20270610,1,20270611,1,20270614,1,20270615,1,20270616,1,20270617,1,20270618,1,20270621,1,20270622,1,20270623,1,20270624,1,20270625,1,20270628,1,20270629,1,20270630,1,20270701,1,20270702,1,20270705,1,20270706,1,20270707,1,20270708,1,20270709,1,20270712,1,20270713,1,20270714,1,20270715,1,20270716,1,20270719,1,20270720,1,20270721,1,20270722,1,20270723,1,20270726,1,20270727,1,20270728,1,20270729,1,20270730,1,20270802,1,20270803,1,20270804,1,20270805,1,20270806,1,20270809,1,20270810,1,20270811,1,20270812,1,20270813,1,20270816,1,20270817,1,20270818,1,20270819,1,20270820,1,20270823,1,20270824,1,20270825,1,20270826,1,20270827,1,20270830,1,20270831,1,20270901,1,20270902,1,20270903,1,20270906,1,20270907,1,20270908,1,20270909,1,20270910,1,20270913,1,20270914,1,20270915,1,20270916,1,20270917,1,20270920,1,20270921,1,20270922,1,20270923,1,20270924,1,20270927,1,20270928,1,20270929,1,20270930,1,20271001,1,20271004,1,20271005,1,20271006,1,20271007,1,20271008,1,20271011,1,20271012,1,20271013,1,20271014,1,20271015,1,20271018,1,20271019,1,20271020,1,20271021,1,20271022,1,20271025,1,20271026,1,20271027,1,20271028,1,20271029,1,20271101,1,20271102,1,20271103,1,20271104,1,20271105,1,20271108,1,20271109,1,20271110,1,20271111,1,20271112,1,20271115,1,20271116,1,20271117,1,20271118,1,20271119,1,20271122,1,20271123,1,20271124,1,20271125,1,20271126,1,20271129,1,20271130,1,20271201,1,20271202,1,20271203,1,20271206,1,20271207,1,20271208,1,20271209,1,20271210,1,20271213,1,20271214,1,20271215,1,20271216,1,20271217,1,20271220,1,20271221,1,20271222,1,20271223,1,20271224,1,20271227,1,20271228,1,20271229,1,20271230,1,20271231,1
'1457036',20261008,1,20261009,1,20261012,1,20261013,1,20261014,1,20261015,1,20261016,1,20261019,1,20261020,1,20261021,1,20261022,1,20261023,1,20261026,1,20261027,1,20261028,1,20261029,1,20261030,1,20261102,1,20261103,1,20261104,1,20261105,1,20261106,1,20261109,1,20261110,1,20261111,1,20261112,1,20261113,1,20261116,1,20261117,1,20261118,1,20261119,1,20261120,1,20261123,1,20261124,1,20261125,1,20261126,1,20261127,1,20261130,1,20261201,1,20261202,1,20261203,1,20261204,1,20261207,1,20261208,1,20261209,1,20261210,1,20261211,1,20261214,1,20261215,1,20261216,1,20261217,1,20261218,1,20261221,1,20261222,1,20261223,1,20261224,1,20261225,1,20261228,1,20261229,1,20261230,1,20261231,1,20270101,1,20270104,1,20270105,1,20270106,1,20270107,1,20270108,1,20270111,1,20270112,1,20270113,1,20270114,1,20270115,1,20270118,1,20270119,1,20270120,1,20270121,1,20270122,1,20270125,1,20270126,1,20270127,1,20270128,1,20270129,1,20270201,1,20270202,1,20270203,1,20270204,1,20270205,1,20270208,1,20270209,1,20270210,1,20270211,1,20270212,1,20270215,1,20270216,1,20270217,1,20270218,1,20270219,1,20270222,1,20270223,1,20270224,1,20270225,1,20270226,1,20270301,1,20270302,1,20270303,1,20270304,1,20270305,1,20270308,1,20270309,1,20270310,1,20270311,1,20270312,1,20270315,1,20270316,1,20270317,1,20270318,1,20270319,1,20270322,1,20270323,1,20270324,1,20270325,1,20270326,1,20270329,1,20270330,1,20270331,1,20270401,1,20270402,1,20270405,1,20270406,1,20270407,1,20270408,1,20270409,1,20270412,1,20270413,1,20270414,1,20270415,1,20270416,1,20270419,1,20270420,1,20270421,1,20270422,1,20270423,1,20270426,1,20270427,1,20270428,1,20270429,1,20270430,1,20270503,1,20270504,1,20270505,1,20270506,1,20270507,1,20270510,1,20270511,1,20270512,1,20270513,1,20270514,1,20270517,1,20270518,1,20270519,1,20270520,1,20270521,1,20270524,1,20270525,1,20270526,1,20270527,1,20270528,1,20270531,1,20270601,1,20270602,1,20270603,1,20270604,1,20270607,1,20270608,1,20270609,1,20270610,1,20270611,1,20270614,1,20270615,1,20270616,1,20270617,1,20270618,1,20270621,1,20270622,1,20270623,1,20270624,1,20270625,1,20270628,1,20270629,1,20270630,1,20270701,1,20270702,1,20270705,1,20270706,1,20270707,1,20270708,1,20270709,1,20270712,1,20270713,1,20270714,1,20270715,1,20270716,1,20270719,1,20270720,1,20270721,1,20270722,1,20270723,1,20270726,1,20270727,1,20270728,1,20270729,1,20270730,1,20270802,1,20270803,1,20270804,1,20270805,1,20270806,1,20270809,1,20270810,1,20270811,1,20270812,1,20270813,1,20270816,1,20270817,1,20270818,1,20270819,1,20270820,1,20270823,1,20270824,1,20270825,1,20270826,1,20270827,1,20270830,1,20270831,1,20270901,1,20270902,1,20270903,1,20270906,1,20270907,1,20270908,1,20270909,1,20270910,1,20270913,1,20270914,1,20270915,1,20270916,1,20270917,1,20270920,1,20270921,1,20270922,1,20270923,1,20270924,1,20270927,1,20270928,1,20270929,1,20270930,1,20271001,1,20271004,1,20271005,1,20271006,1,20271007,1,20271008,1,20271011,1,20271012,1,20271013,1,20271014,1,20271015,1,20271018,1,20271019,1,20271020,1,20271021,1,20271022,1,20271025,1,20271026,1,20271027,1,20271028,1,20271029,1,20271101,1,20271102,1,20271103,1,20271104,1,20271105,1,20271108,1,20271109,1,20271110,1,20271111,1,20271112,1,20271115,1,20271116,1,20271117,1,20271118,1,20271119,1,20271122,1,20271123,1,20271124,1,20271125,1,20271126,1,20271129,1,20271130,1,20271201,1,20271202,1,20271203,1,20271206,1,20271207,1,20271208,1,20271209,1,20271210,1,20271213,1,20271214,1,20271215,1,20271216,1,20271217,1,20271220,1,20271221,1,20271222,1,20271223,1,20271224,1,20271227,1,20271228,1,20271229,1,20271230,1,20271231,1
'1457038',20261010,1,20261011,1,20261017,1,20261018,1,20261024,1,20261025,1,20261031,1,20261101,1,20261107,1,20261108,1,20261114,1,20261115,1,20261121,1,20261122,1,20261128,1,20261129,1,20261205,1,20261206,1,20261212,1,20261213,1,20261219,1,20261220,1,20261226,1,20261227,1,20270102,1,20270103,1,20270109,1,20270110,1,20270116,1,20270117,1,20270123,1,20270124,1,20270130,1,20270131,1,20270206,1,20270207,1,20270213,1,20270214,1,20270220,1,20270221,1,20270227,1,20270228,1,20270306,1,20270307,1,20270313,1,20270314,1,20270320,1,20270321,1,20270327,1,20270328,1,20270403,1,20270404,1,20270410,1,20270411,1,20270417,1,20270418,1,20270424,1,20270425,1,20270501,1,20270502,1,20270508,1,20270509,1,20270515,1,20270516,1,20270522,1,20270523,1,20270529,1,20270530,1,20270605,1,20270606,1,20270612,1,20270613,1,20270619,1,20270620,1,20270626,1,20270627,1,20270703,1,20270704,1,20270710,1,20270711,1,20270717,1,20270718,1,20270724,1,20270725,1,20270731,1,20270801,1,20270807,1,20270808,1,20270814,1,20270815,1,20270821,1,20270822,1,20270828,1,20270829,1,20270904,1,20270905,1,20270911,1,20270912,1,20270918,1,20270919,1,20270925,1,20270926,1,20271002,1,20271003,1,20271009,1,20271010,1,20271016,1,20271017,1,20271023,1,20271024,1,20271030,1,20271031,1,20271106,1,20271107,1,20271113,1,20271114,1,20271120,1,20271121,1,20271127,1,20271128,1,20271204,1,20271205,1,20271211,1,20271212,1,20271218,1,20271219,1,20271225,1,20271226,1,20280101,1
'1457041',20261008,1,20261009,1,20261012,1,20261013,1,20261014,1,20261015,1,20261016,1,20261019,1,20261020,1,20261021,1,20261022,1,20261023,1,20261026,1,20261027,1,20261028,1,20261029,1,20261030,1,20261102,1,20261103,1,20261104,1,20261105,1,20261106,1,20261109,1,20261110,1,20261111,1,20261112,1,20261113,1,20261116,1,20261117,1,20261118,1,20261119,1,20261120,1,20261123,1,20261124,1,20261125,1,20261126,1,20261127,1,20261130,1,20261201,1,20261202,1,20261203,1,20261204,1,20261207,1,20261208,1,20261209,1,20261210,1,20261211,1,20261214,1,20261215,1,20261216,1,20261217,1,20261218,1,20261221,1,20261222,1,20261223,1,20261224,1,20261225,1,20261228,1,20261229,1,20261230,1,20261231,1,20270101,1,20270104,1,20270105,1,20270106,1,20270107,1,20270108,1,20270111,1,20270112,1,20270113,1,20270114,1,20270115,1,20270118,1,20270119,1,20270120,1,20270121,1,20270122,1,20270125,1,20270126,1,20270127,1,20270128,1,20270129,1,20270201,1,20270202,1,20270203,1,20270204,1,20270205,1,20270208,1,20270209,1,20270210,1,20270211,1,20270212,1,20270215,1,20270216,1,20270217,1,20270218,1,20270219,1,20270222,1,20270223,1,20270224,1,20270225,1,20270226,1,20270301,1,20270302,1,20270303,1,20270304,1,20270305,1,20270308,1,20270309,1,20270310,1,20270311,1,20270312,1,20270315,1,20270316,1,20270317,1,20270318,1,20270319,1,20270322,1,20270323,1,20270324,1,20270325,1,20270326,1,20270329,1,20270330,1,20270331,1,20270401,1,20270402,1,20270405,1,20270406,1,20270407,1,20270408,1,20270409,1,20270412,1,20270413,1,20270414,1,20270415,1,20270416,1,20270419,1,20270420,1,20270421,1,20270422,1,20270423,1,20270426,1,20270427,1,20270428,1,20270429,1,20270430,1,20270503,1,20270504,1,20270505,1,20270506,1,20270507,1,20270510,1,20270511,1,20270512,1,20270513,1,20270514,1,20270517,1,20270518,1,20270519,1,20270520,1,20270521,1,20270524,1,20270525,1,20270526,1,20270527,1,20270528,1,20270531,1,20270601,1,20270602,1,20270603,1,20270604,1,20270607,1,20270608,1,20270609,1,20270610,1,20270611,1,20270614,1,20270615,1,20270616,1,20270617,1,20270618,1,20270621,1,20270622,1,20270623,1,20270624,1,20270625,1,20270628,1,20270629,1,20270630,1,20270701,1,20270702,1,20270705,1,20270706,1,20270707,1,20270708,1,20270709,1,20270712,1,20270713,1,20270714,1,20270715,1,20270716,1,20270719,1,20270720,1,20270721,1,20270722,1,20270723,1,20270726,1,20270727,1,20270728,1,20270729,1,20270730,1,20270802,1,20270803,1,20270804,1,20270805,1,20270806,1,20270809,1,20270810,1,20270811,1,20270812,1,20270813,1,20270816,1,20270817,1,20270818,1,20270819,1,20270820,1,20270823,1,20270824,1,20270825,1,20270826,1,20270827,1,20270830,1,20270831,1,20270901,1,20270902,1,20270903,1,20270906,1,20270907,1,20270908,1,20270909,1,20270910,1,20270913,1,20270914,1,20270915,1,20270916,1,20270917,1,20270920,1,20270921,1,20270922,1,20270923,1,20270924,1,20270927,1,20270928,1,20270929,1,20270930,1,20271001,1,20271004,1,20271005,1,20271006,1,20271007,1,20271008,1,20271011,1,20271012,1,20271013,1,20271014,1,20271015,1,20271018,1,20271019,1,20271020,1,20271021,1,20271022,1,20271025,1,20271026,1,20271027,1,20271028,1,20271029,1,20271101,1,20271102,1,20271103,1,20271104,1,20271105,1,20271108,1,20271109,1,20271110,1,20271111,1,20271112,1,20271115,1,20271116,1,20271117,1,20271118,1,20271119,1,20271122,1,20271123,1,20271124,1,20271125,1,20271126,1,20271129,1,20271130,1,20271201,1,20271202,1,20271203,1,20271206,1,20271207,1,20271208,1,20271209,1,20271210,1,20271213,1,20271214,1,20271215,1,20271216,1,20271217,1,20271220,1,20271221,1,20271222,1,20271223,1,20271224,1,20271227,1,20271228,1,20271229,1,20271230,1,20271231,1
'1457072',20261008,1,20261009,1,20261012,1,20261013,1,20261014,1,20261015,1,20261016,1,20261019,1,20261020,1,20261021,1,20261022,1,20261023,1,20261026,1,20261027,1,20261028,1,20261029,1,20261030,1,20261102,1,20261103,1,20261104,1,20261105,1,20261106,1,20261109,1,20261110,1,20261111,1,20261112,1,20261113,1,20261116,1,20261117,1,20261118,1,20261119,1,20261120,1,20261123,1,20261124,1,20261125,1,20261126,1,20261127,1,20261130,1,20261201,1,20261202,1,20261203,1,20261204,1,20261207,1,20261208,1,20261209,1,20261210,1,20261211,1,20261214,1,20261215,1,20261216,1,20261217,1,20261218,1,20261221,1,20261222,1,20261223,1,20261224,1,20261225,1,20261228,1,20261229,1,20261230,1,20261231,1,20270101,1,20270104,1,20270105,1,20270106,1,20270107,1,20270108,1,20270111,1,20270112,1,20270113,1,20270114,1,20270115,1,20270118,1,20270119,1,20270120,1,20270121,1,20270122,1,20270125,1,20270126,1,20270127,1,20270128,1,20270129,1,20270201,1,20270202,1,20270203,1,20270204,1,20270205,1,20270208,1,20270209,1,20270210,1,20270211,1,20270212,1,20270215,1,20270216,1,20270217,1,20270218,1,20270219,1,20270222,1,20270223,1,20270224,1,20270225,1,20270226,1,20270301,1,20270302,1,20270303,1,20270304,1,20270305,1,20270308,1,20270309,1,20270310,1,20270311,1,20270312,1,20270315,1,20270316,1,20270317,1,20270318,1,20270319,1,20270322,1,20270323,1,20270324,1,20270325,1,20270326,1,20270329,1,20270330,1,20270331,1,20270401,1,20270402,1,20270405,1,20270406,1,20270407,1,20270408,1,20270409,1,20270412,1,20270413,1,20270414,1,20270415,1,20270416,1,20270419,1,20270420,1,20270421,1,20270422,1,20270423,1,20270426,1,20270427,1,20270428,1,20270429,1,20270430,1,20270503,1,20270504,1,20270505,1,20270506,1,20270507,1,20270510,1,20270511,1,20270512,1,20270513,1,20270514,1,20270517,1,20270518,1,20270519,1,20270520,1,20270521,1,20270524,1,20270525,1,20270526,1,20270527,1,20270528,1,20270531,1,20270601,1,20270602,1,20270603,1,20270604,1,20270607,1,20270608,1,20270609,1,20270610,1,20270611,1,20270614,1,20270615,1,20270616,1,20270617,1,20270618,1,20270621,1,20270622,1,20270623,1,20270624,1,20270625,1,20270628,1,20270629,1,20270630,1,20270701,1,20270702,1,20270705,1,20270706,1,20270707,1,20270708,1,20270709,1,20270712,1,20270713,1,20270714,1,20270715,1,20270716,1,20270719,1,20270720,1,20270721,1,20270722,1,20270723,1,20270726,1,20270727,1,20270728,1,20270729,1,20270730,1,20270802,1,20270803,1,20270804,1,20270805,1,20270806,1,20270809,1,20270810,1,20270811,1,20270812,1,20270813,1,20270816,1,20270817,1,20270818,1,20270819,1,20270820,1,20270823,1,20270824,1,20270825,1,20270826,1,20270827,1,20270830,1,20270831,1,20270901,1,20270902,1,20270903,1,20270906,1,20270907,1,20270908,1,20270909,1,20270910,1,20270913,1,20270914,1,20270915,1,20270916,1,20270917,1,20270920,1,20270921,1,20270922,1,20270923,1,20270924,1,20270927,1,20270928,1,20270929,1,20270930,1,20271001,1,20271004,1,20271005,1,20271006,1,20271007,1,20271008,1,20271011,1,20271012,1,20271013,1,20271014,1,20271015,1,20271018,1,20271019,1,20271020,1,20271021,1,20271022,1,20271025,1,20271026,1,20271027,1,20271028,1,20271029,1,20271101,1,20271102,1,20271103,1,20271104,1,20271105,1,20271108,1,20271109,1,20271110,1,20271111,1,20271112,1,20271115,1,20271116,1,20271117,1,20271118,1,20271119,1,20271122,1,20271123,1,20271124,1,20271125,1,20271126,1,20271129,1,20271130,1,20271201,1,20271202,1,20271203,1,20271206,1,20271207,1,20271208,1,20271209,1,20271210,1,20271213,1,20271214,1,20271215,1,20271216,1,20271217,1,20271220,1,20271221,1,20271222,1,20271223,1,20271224,1,20271227,1,20271228,1,20271229,1,20271230,1,20271231,1
'1457093',20261010,1,20261011,1,20261017,1,20261018,1,20261024,1,20261025,1,20261031,1,20261101,1,20261107,1,20261108,1,20261114,1,20261115,1,20261121,1,20261122,1,20261128,1,20261129,1,20261205,1,20261206,1,20261212,1,20261213,1,20261219,1,20261220,1,20261226,1,20261227,1,20270102,1,20270103,1,20270109,1,20270110,1,20270116,1,20270117,1,20270123,1,20270124,1,20270130,1,20270131,1,20270206,1,20270207,1,20270213,1,20270214,1,20270220,1,20270221,1,20270227,1,20270228,1,20270306,1,20270307,1,20270313,1,20270314,1,20270320,1,20270321,1,20270327,1,20270328,1,20270403,1,20270404,1,20270410,1,20270411,1,20270417,1,20270418,1,20270424,1,20270425,1,20270501,1,20270502,1,20270508,1,20270509,1,20270515,1,20270516,1,20270522,1,20270523,1,20270529,1,20270530,1,20270605,1,20270606,1,20270612,1,20270613,1,20270619,1,20270620,1,20270626,1,20270627,1,20270703,1,20270704,1,20270710,1,20270711,1,20270717,1,20270718,1,20270724,1,20270725,1,20270731,1,20270801,1,20270807,1,20270808,1,20270814,1,20270815,1,20270821,1,20270822,1,20270828,1,20270829,1,20270904,1,20270905,1,20270911,1,20270912,1,20270918,1,20270919,1,20270925,1,20270926,1,20271002,1,20271003,1,20271009,1,20271010,1,20271016,1,20271017,1,20271023,1,20271024,1,20271030,1,20271031,1,20271106,1,20271107,1,20271113,1,20271114,1,20271120,1,20271121,1,20271127,1,20271128,1,20271204,1,20271205,1,20271211,1,20271212,1,20271218,1,20271219,1,20271225,1,20271226,1,20280101,1
'1457107',20261008,1,20261009,1,20261012,1,20261013,1,20261014,1,20261015,1,20261016,1,20261019,1,20261020,1,20261021,1,20261022,1,20261023,1,20261026,1,20261027,1,20261028,1,20261029,1,20261030,1,20261102,1,20261103,1,20261104,1,20261105,1,20261106,1,20261109,1,20261110,1,20261111,1,20261112,1,20261113,1,20261116,1,20261117,1,20261118,1,20261119,1,20261120,1,20261123,1,20261124,1,20261125,1,20261126,1,20261127,1,20261130,1,20261201,1,20261202,1,20261203,1,20261204,1,20261207,1,20261208,1,20261209,1,20261210,1,20261211,1,20261214,1,20261215,1,20261216,1,20261217,1,20261218,1,20261221,1,20261222,1,20261223,1,20261224,1,20261225,1,20261228,1,20261229,1,20261230,1,20261231,1,20270101,1,20270104,1,20270105,1,20270106,1,20270107,1,20270108,1,20270111,1,20270112,1,20270113,1,20270114,1,20270115,1,20270118,1,20270119,1,20270120,1,20270121,1,20270122,1,20270125,1,20270126,1,20270127,1,20270128,1,20270129,1,20270201,1,20270202,1,20270203,1,20270204,1,20270205,1,20270208,1,20270209,1,20270210,1,20270211,1,20270212,1,20270215,1,20270216,1,20270217,1,20270218,1,20270219,1,20270222,1,20270223,1,20270224,1,20270225,1,20270226,1,20270301,1,20270302,1,20270303,1,20270304,1,20270305,1,20270308,1,20270309,1,20270310,1,20270311,1,20270312,1,20270315,1,20270316,1,20270317,1,20270318,1,20270319,1,20270322,1,20270323,1,20270324,1,20270325,1,20270326,1,20270329,1,20270330,1,20270331,1,20270401,1,20270402,1,20270405,1,20270406,1,20270407,1,20270408,1,20270409,1,20270412,1,20270413,1,20270414,1,20270415,1,20270416,1,20270419,1,20270420,1,20270421,1,20270422,1,20270423,1,20270426,1,20270427,1,20270428,1,20270429,1,20270430,1,20270503,1,20270504,1,20270505,1,20270506,1,20270507,1,20270510,1,20270511,1,20270512,1,20270513,1,20270514,1,20270517,1,20270518,1,20270519,1,20270520,1,20270521,1,20270524,1,20270525,1,20270526,1,20270527,1,20270528,1,20270531,1,20270601,1,20270602,1,20270603,1,20270604,1,20270607,1,20270608,1,20270609,1,20270610,1,20270611,1,20270614,1,20270615,1,20270616,1,20270617,1,20270618,1,20270621,1,20270622,1,20270623,1,20270624,1,20270625,1,20270628,1,20270629,1,20270630,1,20270701,1,20270702,1,20270705,1,20270706,1,20270707,1,20270708,1,20270709,1,20270712,1,20270713,1,20270714,1,20270715,1,20270716,1,20270719,1,20270720,1,20270721,1,20270722,1,20270723,1,20270726,1,20270727,1,20270728,1,20270729,1,20270730,1,20270802,1,20270803,1,20270804,1,20270805,1,20270806,1,20270809,1,20270810,1,20270811,1,20270812,1,20270813,1,20270816,1,20270817,1,20270818,1,20270819,1,20270820,1,20270823,1,20270824,1,20270825,1,20270826,1,20270827,1,20270830,1,20270831,1,20270901,1,20270902,1,20270903,1,20270906,1,20270907,1,20270908,1,20270909,1,20270910,1,20270913,1,20270914,1,20270915,1,20270916,1,20270917,1,20270920,1,20270921,1,20270922,1,20270923,1,20270924,1,20270927,1,20270928,1,20270929,1,20270930,1,20271001,1,20271004,1,20271005,1,20271006,1,20271007,1,20271008,1,20271011,1,20271012,1,20271013,1,20271014,1,20271015,1,20271018,1,20271019,1,20271020,1,20271021,1,20271022,1,20271025,1,20271026,1,20271027,1,20271028,1,20271029,1,20271101,1,20271102,1,20271103,1,20271104,1,20271105,1,20271108,1,20271109,1,20271110,1,20271111,1,20271112,1,20271115,1,20271116,1,20271117,1,20271118,1,20271119,1,20271122,1,20271123,1,20271124,1,20271125,1,20271126,1,20271129,1,20271130,1,20271201,1,20271202,1,20271203,1,20271206,1,20271207,1,20271208,1,20271209,1,20271210,1,20271213,1,20271214,1,20271215,1,20271216,1,20271217,1,20271220,1,20271221,1,20271222,1,20271223,1,20271224,1,20271227,1,20271228,1,20271229,1,20271230,1,20271231,1
'1457111',20261010,1,20261011,1,20261017,1,20261018,1,20261024,1,20261025,1,20261031,1,20261101,1,20261107,1,20261108,1,20261114,1,20261115,1,20261121,1,20261122,1,20261128,1,20261129,1,20261205,1,20261206,1,20261212,1,20261213,1,20261219,1,20261220,1,20261226,1,20261227,1,20270102,1,20270103,1,20270109,1,20270110,1,20270116,1,20270117,1,20270123,1,20270124,1,20270130,1,20270131,1,20270206,1,20270207,1,20270213,1,20270214,1,20270220,1,20270221,1,20270227,1,20270228,1,20270306,1,20270307,1,20270313,1,20270314,1,20270320,1,20270321,1,20270327,1,20270328,1,20270403,1,20270404,1,20270410,1,20270411,1,20270417,1,20270418,1,20270424,1,20270425,1,20270501,1,20270502,1,20270508,1,20270509,1,20270515,1,20270516,1,20270522,1,20270523,1,20270529,1,20270530,1,20270605,1,20270606,1,20270612,1,20270613,1,20270619,1,20270620,1,20270626,1,20270627,1,20270703,1,20270704,1,20270710,1,20270711,1,20270717,1,20270718,1,20270724,1,20270725,1,20270731,1,20270801,1,20270807,1,20270808,1,20270814,1,20270815,1,20270821,1,20270822,1,20270828,1,20270829,1,20270904,1,20270905,1,20270911,1,20270912,1,20270918,1,20270919,1,20270925,1,20270926,1,20271002,1,20271003,1,20271009,1,20271010,1,20271016,1,20271017,1,20271023,1,20271024,1,20271030,1,20271031,1,20271106,1,20271107,1,20271113,1,20271114,1,20271120,1,20271121,1,20271127,1,20271128,1,20271204,1,20271205,1,20271211,1,20271212,1,20271218,1,20271219,1,20271225,1,20271226,1,20280101,1
'1457122',20261008,1,20261009,1,20261012,1,20261013,1,20261014,1,20261015,1,20261016,1,20261019,1,20261020,1,20261021,1,20261022,1,20261023,1,20261026,1,20261027,1,20261028,1,20261029,1,20261030,1,20261102,1,20261103,1,20261104,1,20261105,1,20261106,1,20261109,1,20261110,1,20261111,1,20261112,1,20261113,1,20261116,1,20261117,1,20261118,1,20261119,1,20261120,1,20261123,1,20261124,1,20261125,1,20261126,1,20261127,1,20261130,1,20261201,1,20261202,1,20261203,1,20261204,1,20261207,1,20261208,1,20261209,1,20261210,1,20261211,1,20261214,1,20261215,1,20261216,1,20261217,1,20261218,1,20261221,1,20261222,1,20261223,1,20261224,1,20261225,1,20261228,1,20261229,1,20261230,1,20261231,1,20270101,1,20270104,1,20270105,1,20270106,1,20270107,1,20270108,1,20270111,1,20270112,1,20270113,1,20270114,1,20270115,1,20270118,1,20270119,1,20270120,1,20270121,1,20270122,1,20270125,1,20270126,1,20270127,1,20270128,1,20270129,1,20270201,1,20270202,1,20270203,1,20270204,1,20270205,1,20270208,1,20270209,1,20270210,1,20270211,1,20270212,1,20270215,1,20270216,1,20270217,1,20270218,1,20270219,1,20270222,1,20270223,1,20270224,1,20270225,1,20270226,1,20270301,1,20270302,1,20270303,1,20270304,1,20270305,1,20270308,1,20270309,1,20270310,1,20270311,1,20270312,1,20270315,1,20270316,1,20270317,1,20270318,1,20270319,1,20270322,1,20270323,1,20270324,1,20270325,1,20270326,1,20270329,1,20270330,1,20270331,1,20270401,1,20270402,1,20270405,1,20270406,1,20270407,1,20270408,1,20270409,1,20270412,1,20270413,1,20270414,1,20270415,1,20270416,1,20270419,1,20270420,1,20270421,1,20270422,1,20270423,1,20270426,1,20270427,1,20270428,1,20270429,1,20270430,1,20270503,1,20270504,1,20270505,1,20270506,1,20270507,1,20270510,1,20270511,1,20270512,1,20270513,1,20270514,1,20270517,1,20270518,1,20270519,1,20270520,1,20270521,1,20270524,1,20270525,1,20270526,1,20270527,1,20270528,1,20270531,1,20270601,1,20270602,1,20270603,1,20270604,1,20270607,1,20270608,1,20270609,1,20270610,1,20270611,1,20270614,1,20270615,1,20270616,1,20270617,1,20270618,1,20270621,1,20270622,1,20270623,1,20270624,1,20270625,1,20270628,1,20270629,1,20270630,1,20270701,1,20270702,1,20270705,1,20270706,1,20270707,1,20270708,1,20270709,1,20270712,1,20270713,1,20270714,1,20270715,1,20270716,1,20270719,1,20270720,1,20270721,1,20270722,1,20270723,1,20270726,1,20270727,1,20270728,1,20270729,1,20270730,1,20270802,1,20270803,1,20270804,1,20270805,1,20270806,1,20270809,1,20270810,1,20270811,1,20270812,1,20270813,1,20270816,1,20270817,1,20270818,1,20270819,1,20270820,1,20270823,1,20270824,1,20270825,1,20270826,1,20270827,1,20270830,1,20270831,1,20270901,1,20270902,1,20270903,1,20270906,1,20270907,1,20270908,1,20270909,1,20270910,1,20270913,1,20270914,1,20270915,1,20270916,1,20270917,1,20270920,1,20270921,1,20270922,1,20270923,1,20270924,1,20270927,1,20270928,1,20270929,1,20270930,1,20271001,1,20271004,1,20271005,1,20271006,1,20271007,1,20271008,1,20271011,1,20271012,1,20271013,1,20271014,1,20271015,1,20271018,1,20271019,1,20271020,1,20271021,1,20271022,1,20271025,1,20271026,1,20271027,1,20271028,1,20271029,1,20271101,1,20271102,1,20271103,1,20271104,1,20271105,1,20271108,1,20271109,1,20271110,1,20271111,1,20271112,1,20271115,1,20271116,1,20271117,1,20271118,1,20271119,1,20271122,1,20271123,1,20271124,1,20271125,1,20271126,1,20271129,1,20271130,1,20271201,1,20271202,1,20271203,1,20271206,1,20271207,1,20271208,1,20271209,1,20271210,1,20271213,1,20271214,1,20271215,1,20271216,1,20271217,1,20271220,1,20271221,1,20271222,1,20271223,1,20271224,1,20271227,1,20271228,1,20271229,1,20271230,1,20271231,1
'1457126',20261008,1,20261009,1,20261012,1,20261013,1,20261014,1,20261015,1,20261016,1,20261019,1,20261020,1,20261021,1,20261022,1,20261023,1,20261026,1,20261027,1,20261028,1,20261029,1,20261030,1,20261102,1,20261103,1,20261104,1,20261105,1,20261106,1,20261109,1,20261110,1,20261111,1,20261112,1,20261113,1,20261116,1,20261117,1,20261118,1,20261119,1,20261120,1,20261123,1,20261124,1,20261125,1,20261126,1,20261127,1,20261130,1,20261201,1,20261202,1,20261203,1,20261204,1,20261207,1,20261208,1,20261209,1,20261210,1,20261211,1,20261214,1,20261215,1,20261216,1,20261217,1,20261218,1,20261221,1,20261222,1,20261223,1,20261224,1,20261225,1,20261228,1,20261229,1,20261230,1,20261231,1,20270101,1,20270104,1,20270105,1,20270106,1,20270107,1,20270108,1,20270111,1,20270112,1,20270113,1,20270114,1,20270115,1,20270118,1,20270119,1,20270120,1,20270121,1,20270122,1,20270125,1,20270126,1,20270127,1,20270128,1,20270129,1,20270201,1,20270202,1,20270203,1,20270204,1,20270205,1,20270208,1,20270209,1,20270210,1,20270211,1,20270212,1,20270215,1,20270216,1,20270217,1,20270218,1,20270219,1,20270222,1,20270223,1,20270224,1,20270225,1,20270226,1,20270301,1,20270302,1,20270303,1,20270304,1,20270305,1,20270308,1,20270309,1,20270310,1,20270311,1,20270312,1,20270315,1,20270316,1,20270317,1,20270318,1,20270319,1,20270322,1,20270323,1,20270324,1,20270325,1,20270326,1,20270329,1,20270330,1,20270331,1,20270401,1,20270402,1,20270405,1,20270406,1,20270407,1,20270408,1,20270409,1,20270412,1,20270413,1,20270414,1,20270415,1,20270416,1,20270419,1,20270420,1,20270421,1,20270422,1,20270423,1,20270426,1,20270427,1,20270428,1,20270429,1,20270430,1,20270503,1,20270504,1,20270505,1,20270506,1,20270507,1,20270510,1,20270511,1,20270512,1,20270513,1,20270514,1,20270517,1,20270518,1,20270519,1,20270520,1,20270521,1,20270524,1,20270525,1,20270526,1,20270527,1,20270528,1,20270531,1,20270601,1,20270602,1,20270603,1,20270604,1,20270607,1,20270608,1,20270609,1,20270610,1,20270611,1,20270614,1,20270615,1,20270616,1,20270617,1,20270618,1,20270621,1,20270622,1,20270623,1,20270624,1,20270625,1,20270628,1,20270629,1,20270630,1,20270701,1,20270702,1,20270705,1,20270706,1,20270707,1,20270708,1,20270709,1,20270712,1,20270713,1,20270714,1,20270715,1,20270716,1,20270719,1,20270720,1,20270721,1,20270722,1,20270723,1,20270726,1,20270727,1,20270728,1,20270729,1,20270730,1,20270802,1,20270803,1,20270804,1,20270805,1,20270806,1,20270809,1,20270810,1,20270811,1,20270812,1,20270813,1,20270816,1,20270817,1,20270818,1,20270819,1,20270820,1,20270823,1,20270824,1,20270825,1,20270826,1,20270827,1,20270830,1,20270831,1,20270901,1,20270902,1,20270903,1,20270906,1,20270907,1,20270908,1,20270909,1,20270910,1,20270913,1,20270914,1,20270915,1,20270916,1,20270917,1,20270920,1,20270921,1,20270922,1,20270923,1,20270924,1,20270927,1,20270928,1,20270929,1,20270930,1,20271001,1,20271004,1,20271005,1,20271006,1,20271007,1,20271008,1,20271011,1,20271012,1,20271013,1,20271014,1,20271015,1,20271018,1,20271019,1,20271020,1,20271021,1,20271022,1,20271025,1,20271026,1,20271027,1,20271028,1,20271029,1,20271101,1,20271102,1,20271103,1,20271104,1,20271105,1,20271108,1,20271109,1,20271110,1,20271111,1,20271112,1,20271115,1,20271116,1,20271117,1,20271118,1,20271119,1,20271122,1,20271123,1,20271124,1,20271125,1,20271126,1,20271129,1,20271130,1,20271201,1,20271202,1,20271203,1,20271206,1,20271207,1,20271208,1,20271209,1,20271210,1,20271213,1,20271214,1,20271215,1,20271216,1,20271217,1,20271220,1,20271221,1,20271222,1,20271223,1,20271224,1,20271227,1,20271228,1,20271229,1,20271230,1,20271231,1
'1457134',20261010,1,20261017,1,20261024,1,20261031,1,20261107,1,20261114,1,20261121,1,20261128,1,20261205,1,20261212,1,20261219,1,20261226,1,20270102,1,20270109,1,20270116,1,20270123,1,20270130,1,20270206,1,20270213,1,20270220,1,20270227,1,20270306,1,20270313,1,20270320,1,20270327,1,20270403,1,20270410,1,20270417,1,20270424,1,20270501,1,20270508,1,20270515,1,20270522,1,20270529,1,20270605,1,20270612,1,20270619,1,20270626,1,20270703,1,20270710,1,20270717,1,20270724,1,20270731,1,20270807,1,20270814,1,20270821,1,20270828,1,20270904,1,20270911,1,20270918,1,20270925,1,20271002,1,20271009,1,20271016,1,20271023,1,20271030,1,20271106,1,20271113,1,20271120,1,20271127,1,20271204,1,20271211,1,20271218,1,20271225,1,20280101,1
'1457138',20261008,1,20261009,1,20261012,1,20261013,1,20261014,1,20261015,1,20261016,1,20261019,1,20261020,1,20261021,1,20261022,1,20261023,1,20261026,1,20261027,1,20261028,1,20261029,1,20261030,1,20261102,1,20261103,1,20261104,1,20261105,1,20261106,1,20261109,1,20261110,1,20261111,1,20261112,1,20261113,1,20261116,1,20261117,1,20261118,1,20261119,1,20261120,1,20261123,1,20261124,1,20261125,1,20261126,1,20261127,1,20261130,1,20261201,1,20261202,1,20261203,1,20261204,1,20261207,1,20261208,1,20261209,1,20261210,1,20261211,1,20261214,1,20261215,1,20261216,1,20261217,1,20261218,1,20261221,1,20261222,1,20261223,1,20261224,1,20261225,1,20261228,1,20261229,1,20261230,1,20261231,1,20270101,1,20270104,1,20270105,1,20270106,1,20270107,1,20270108,1,20270111,1,20270112,1,20270113,1,20270114,1,20270115,1,20270118,1,20270119,1,20270120,1,20270121,1,20270122,1,20270125,1,20270126,1,20270127,1,20270128,1,20270129,1,20270201,1,20270202,1,20270203,1,20270204,1,20270205,1,20270208,1,20270209,1,20270210,1,20270211,1,20270212,1,20270215,1,20270216,1,20270217,1,20270218,1,20270219,1,20270222,1,20270223,1,20270224,1,20270225,1,20270226,1,20270301,1,20270302,1,20270303,1,20270304,1,20270305,1,20270308,1,20270309,1,20270310,1,20270311,1,20270312,1,20270315,1,20270316,1,20270317,1,20270318,1,20270319,1,20270322,1,20270323,1,20270324,1,20270325,1,20270326,1,20270329,1,20270330,1,20270331,1,20270401,1,20270402,1,20270405,1,20270406,1,20270407,1,20270408,1,20270409,1,20270412,1,20270413,1,20270414,1,20270415,1,20270416,1,20270419,1,20270420,1,20270421,1,20270422,1,20270423,1,20270426,1,20270427,1,20270428,1,20270429,1,20270430,1,20270503,1,20270504,1,20270505,1,20270506,1,20270507,1,20270510,1,20270511,1,20270512,1,20270513,1,20270514,1,20270517,1,20270518,1,20270519,1,20270520,1,20270521,1,20270524,1,20270525,1,20270526,1,20270527,1,20270528,1,20270531,1,20270601,1,20270602,1,20270603,1,20270604,1,20270607,1,20270608,1,20270609,1,20270610,1,20270611,1,20270614,1,20270615,1,20270616,1,20270617,1,20270618,1,20270621,1,20270622,1,20270623,1,20270624,1,20270625,1,20270628,1,20270629,1,20270630,1,20270701,1,20270702,1,20270705,1,20270706,1,20270707,1,20270708,1,20270709,1,20270712,1,20270713,1,20270714,1,20270715,1,20270716,1,20270719,1,20270720,1,20270721,1,20270722,1,20270723,1,20270726,1,20270727,1,20270728,1,20270729,1,20270730,1,20270802,1,20270803,1,20270804,1,20270805,1,20270806,1,20270809,1,20270810,1,20270811,1,20270812,1,20270813,1,20270816,1,20270817,1,20270818,1,20270819,1,20270820,1,20270823,1,20270824,1,20270825,1,20270826,1,20270827,1,20270830,1,20270831,1,20270901,1,20270902,1,20270903,1,20270906,1,20270907,1,20270908,1,20270909,1,20270910,1,20270913,1,20270914,1,20270915,1,20270916,1,20270917,1,20270920,1,20270921,1,20270922,1,20270923,1,20270924,1,20270927,1,20270928,1,20270929,1,20270930,1,20271001,1,20271004,1,20271005,1,20271006,1,20271007,1,20271008,1,20271011,1,20271012,1,20271013,1,20271014,1,20271015,1,20271018,1,20271019,1,20271020,1,20271021,1,20271022,1,20271025,1,20271026,1,20271027,1,20271028,1,20271029,1,20271101,1,20271102,1,20271103,1,20271104,1,20271105,1,20271108,1,20271109,1,20271110,1,20271111,1,20271112,1,20271115,1,20271116,1,20271117,1,20271118,1,20271119,1,20271122,1,20271123,1,20271124,1,20271125,1,20271126,1,20271129,1,20271130,1,20271201,1,20271202,1,20271203,1,20271206,1,20271207,1,20271208,1,20271209,1,20271210,1,20271213,1,20271214,1,20271215,1,20271216,1,20271217,1,20271220,1,20271221,1,20271222,1,20271223,1,20271224,1,20271227,1,20271228,1,20271229,1,20271230,1,20271231,1
'1457157',20261010,1,20261011,1,20261017,1,20261018,1,20261024,1,20261025,1,20261031,1,20261101,1,20261107,1,20261108,1,20261114,1,20261115,1,20261121,1,20261122,1,20261128,1,20261129,1,20261205,1,20261206,1,20261212,1,20261213,1,20261219,1,20261220,1,20261226,1,20261227,1,20270102,1,20270103,1,20270109,1,20270110,1,20270116,1,20270117,1,20270123,1,20270124,1,20270130,1,20270131,1,20270206,1,20270207,1,20270213,1,20270214,1,20270220,1,20270221,1,20270227,1,20270228,1,20270306,1,20270307,1,20270313,1,20270314,1,20270320,1,20270321,1,20270327,1,20270328,1,20270403,1,20270404,1,20270410,1,20270411,1,20270417,1,20270418,1,20270424,1,20270425,1,20270501,1,20270502,1,20270508,1,20270509,1,20270515,1,20270516,1,20270522,1,20270523,1,20270529,1,20270530,1,20270605,1,20270606,1,20270612,1,20270613,1,20270619,1,20270620,1,20270626,1,20270627,1,20270703,1,20270704,1,20270710,1,20270711,1,20270717,1,20270718,1,20270724,1,20270725,1,20270731,1,20270801,1,20270807,1,20270808,1,20270814,1,20270815,1,20270821,1,20270822,1,20270828,1,20270829,1,20270904,1,20270905,1,20270911,1,20270912,1,20270918,1,20270919,1,20270925,1,20270926,1,20271002,1,20271003,1,20271009,1,20271010,1,20271016,1,20271017,1,20271023,1,20271024,1,20271030,1,20271031,1,20271106,1,20271107,1,20271113,1,20271114,1,20271120,1,20271121,1,20271127,1,20271128,1,20271204,1,20271205,1,20271211,1,20271212,1,20271218,1,20271219,1,20271225,1,20271226,1,20280101,1
'1457178',20261008,1,20261009,1,20261012,1,20261013,1,20261014,1,20261015,1,20261016,1,20261019,1,20261020,1,20261021,1,20261022,1,20261023,1,20261026,1,20261027,1,20261028,1,20261029,1,20261030,1,20261102,1,20261103,1,20261104,1,20261105,1,20261106,1,20261109,1,20261110,1,20261111,1,20261112,1,20261113,1,20261116,1,20261117,1,20261118,1,20261119,1,20261120,1,20261123,1,20261124,1,20261125,1,20261126,1,20261127,1,20261130,1,20261201,1,20261202,1,20261203,1,20261204,1,20261207,1,20261208,1,20261209,1,20261210,1,20261211,1,20261214,1,20261215,1,20261216,1,20261217,1,20261218,1,20261221,1,20261222,1,20261223,1,20261224,1,20261225,1,20261228,1,20261229,1,20261230,1,20261231,1,20270101,1,20270104,1,20270105,1,20270106,1,20270107,1,20270108,1,20270111,1,20270112,1,20270113,1,20270114,1,20270115,1,20270118,1,20270119,1,20270120,1,20270121,1,20270122,1,20270125,1,20270126,1,20270127,1,20270128,1,20270129,1,20270201,1,20270202,1,20270203,1,20270204,1,20270205,1,20270208,1,20270209,1,20270210,1,20270211,1,20270212,1,20270215,1,20270216,1,20270217,1,20270218,1,20270219,1,20270222,1,20270223,1,20270224,1,20270225,1,20270226,1,20270301,1,20270302,1,20270303,1,20270304,1,20270305,1,20270308,1,20270309,1,20270310,1,20270311,1,20270312,1,20270315,1,20270316,1,20270317,1,20270318,1,20270319,1,20270322,1,20270323,1,20270324,1,20270325,1,20270326,1,20270329,1,20270330,1,20270331,1,20270401,1,20270402,1,20270405,1,20270406,1,20270407,1,20270408,1,20270409,1,20270412,1,20270413,1,20270414,1,20270415,1,20270416,1,20270419,1,20270420,1,20270421,1,20270422,1,20270423,1,20270426,1,20270427,1,20270428,1,20270429,1,20270430,1,20270503,1,20270504,1,20270505,1,20270506,1,20270507,1,20270510,1,20270511,1,20270512,1,20270513,1,20270514,1,20270517,1,20270518,1,20270519,1,20270520,1,20270521,1,20270524,1,20270525,1,20270526,1,20270527,1,20270528,1,20270531,1,20270601,1,20270602,1,20270603,1,20270604,1,20270607,1,20270608,1,20270609,1,20270610,1,20270611,1,20270614,1,20270615,1,20270616,1,20270617,1,20270618,1,20270621,1,20270622,1,20270623,1,20270624,1,20270625,1,20270628,1,20270629,1,20270630,1,20270701,1,20270702,1,20270705,1,20270706,1,20270707,1,20270708,1,20270709,1,20270712,1,20270713,1,20270714,1,20270715,1,20270716,1,20270719,1,20270720,1,20270721,1,20270722,1,20270723,1,20270726,1,20270727,1,20270728,1,20270729,1,20270730,1,20270802,1,20270803,1,20270804,1,20270805,1,20270806,1,20270809,1,20270810,1,20270811,1,20270812,1,20270813,1,20270816,1,20270817,1,20270818,1,20270819,1,20270820,1,20270823,1,20270824,1,20270825,1,20270826,1,20270827,1,20270830,1,20270831,1,20270901,1,20270902,1,20270903,1,20270906,1,20270907,1,20270908,1,20270909,1,20270910,1,20270913,1,20270914,1,20270915,1,20270916,1,20270917,1,20270920,1,20270921,1,20270922,1,20270923,1,20270924,1,20270927,1,20270928,1,20270929,1,20270930,1,20271001,1,20271004,1,20271005,1,20271006,1,20271007,1,20271008,1,20271011,1,20271012,1,20271013,1,20271014,1,20271015,1,20271018,1,20271019,1,20271020,1,20271021,1,20271022,1,20271025,1,20271026,1,20271027,1,20271028,1,20271029,1,20271101,1,20271102,1,20271103,1,20271104,1,20271105,1,20271108,1,20271109,1,20271110,1,20271111,1,20271112,1,20271115,1,20271116,1,20271117,1,20271118,1,20271119,1,20271122,1,20271123,1,20271124,1,20271125,1,20271126,1,20271129,1,20271130,1,20271201,1,20271202,1,20271203,1,20271206,1,20271207,1,20271208,1,20271209,1,20271210,1,20271213,1,20271214,1,20271215,1,20271216,1,20271217,1,20271220,1,20271221,1,20271222,1,20271223,1,20271224,1,20271227,1,20271228,1,20271229,1,20271230,1,20271231,1
'1457184',20261008,1,20261009,1,20261012,1,20261013,1,20261014,1,20261015,1,20261016,1,20261019,1,20261020,1,20261021,1,20261022,1,20261023,1,20261026,1,20261027,1,20261028,1,20261029,1,20261030,1,20261102,1,20261103,1,20261104,1,20261105,1,20261106,1,20261109,1,20261110,1,20261111,1,20261112,1,20261113,1,20261116,1,20261117,1,20261118,1,20261119,1,20261120,1,20261123,1,20261124,1,20261125,1,20261126,1,20261127,1,20261130,1,20261201,1,20261202,1,20261203,1,20261204,1,20261207,1,20261208,1,20261209,1,20261210,1,20261211,1,20261214,1,20261215,1,20261216,1,20261217,1,20261218,1,20261221,1,20261222,1,20261223,1,20261224,1,20261225,1,20261228,1,20261229,1,20261230,1,20261231,1,20270101,1,20270104,1,20270105,1,20270106,1,20270107,1,20270108,1,20270111,1,20270112,1,20270113,1,20270114,1,20270115,1,20270118,1,20270119,1,20270120,1,20270121,1,20270122,1,20270125,1,20270126,1,20270127,1,20270128,1,20270129,1,20270201,1,20270202,1,20270203,1,20270204,1,20270205,1,20270208,1,20270209,1,20270210,1,20270211,1,20270212,1,20270215,1,20270216,1,20270217,1,20270218,1,20270219,1,20270222,1,20270223,1,20270224,1,20270225,1,20270226,1,20270301,1,20270302,1,20270303,1,20270304,1,20270305,1,20270308,1,20270309,1,20270310,1,20270311,1,20270312,1,20270315,1,20270316,1,20270317,1,20270318,1,20270319,1,20270322,1,20270323,1,20270324,1,20270325,1,20270326,1,20270329,1,20270330,1,20270331,1,20270401,1,20270402,1,20270405,1,20270406,1,20270407,1,20270408,1,20270409,1,20270412,1,20270413,1,20270414,1,20270415,1,20270416,1,20270419,1,20270420,1,20270421,1,20270422,1,20270423,1,20270426,1,20270427,1,20270428,1,20270429,1,20270430,1,20270503,1,20270504,1,20270505,1,20270506,1,20270507,1,20270510,1,20270511,1,20270512,1,20270513,1,20270514,1,20270517,1,20270518,1,20270519,1,20270520,1,20270521,1,20270524,1,20270525,1,20270526,1,20270527,1,20270528,1,20270531,1,20270601,1,20270602,1,20270603,1,20270604,1,20270607,1,20270608,1,20270609,1,20270610,1,20270611,1,20270614,1,20270615,1,20270616,1,20270617,1,20270618,1,20270621,1,20270622,1,20270623,1,20270624,1,20270625,1,20270628,1,20270629,1,20270630,1,20270701,1,20270702,1,20270705,1,20270706,1,20270707,1,20270708,1,20270709,1,20270712,1,20270713,1,20270714,1,20270715,1,20270716,1,20270719,1,20270720,1,20270721,1,20270722,1,20270723,1,20270726,1,20270727,1,20270728,1,20270729,1,20270730,1,20270802,1,20270803,1,20270804,1,20270805,1,20270806,1,20270809,1,20270810,1,20270811,1,20270812,1,20270813,1,20270816,1,20270817,1,20270818,1,20270819,1,20270820,1,20270823,1,20270824,1,20270825,1,20270826,1,20270827,1,20270830,1,20270831,1,20270901,1,20270902,1,20270903,1,20270906,1,20270907,1,20270908,1,20270909,1,20270910,1,20270913,1,20270914,1,20270915,1,20270916,1,20270917,1,20270920,1,20270921,1,20270922,1,20270923,1,20270924,1,20270927,1,20270928,1,20270929,1,20270930,1,20271001,1,20271004,1,20271005,1,20271006,1,20271007,1,20271008,1,20271011,1,20271012,1,20271013,1,20271014,1,20271015,1,20271018,1,20271019,1,20271020,1,20271021,1,20271022,1,20271025,1,20271026,1,20271027,1,20271028,1,20271029,1,20271101,1,20271102,1,20271103,1,20271104,1,20271105,1,20271108,1,20271109,1,20271110,1,20271111,1,20271112,1,20271115,1,20271116,1,20271117,1,20271118,1,20271119,1,20271122,1,20271123,1,20271124,1,20271125,1,20271126,1,20271129,1,20271130,1,20271201,1,20271202,1,20271203,1,20271206,1,20271207,1,20271208,1,20271209,1,20271210,1,20271213,1,20271214,1,20271215,1,20271216,1,20271217,1,20271220,1,20271221,1,20271222,1,20271223,1,20271224,1,20271227,1,20271228,1,20271229,1,20271230,1,20271231,1
'1457201',20261010,1,20261011,1,20261017,1,20261018,1,20261024,1,20261025,1,20261031,1,20261101,1,20261107,1,20261108,1,20261114,1,20261115,1,20261121,1,20261122,1,20261128,1,20261129,1,20261205,1,20261206,1,20261212,1,20261213,1,20261219,1,20261220,1,20261226,1,20261227,1,20270102,1,20270103,1,20270109,1,20270110,1,20270116,1,20270117,1,20270123,1,20270124,1,20270130,1,20270131,1,20270206,1,20270207,1,20270213,1,20270214,1,20270220,1,20270221,1,20270227,1,20270228,1,20270306,1,20270307,1,20270313,1,20270314,1,20270320,1,20270321,1,20270327,1,20270328,1,20270403,1,20270404,1,20270410,1,20270411,1,20270417,1,20270418,1,20270424,1,20270425,1,20270501,1,20270502,1,20270508,1,20270509,1,20270515,1,20270516,1,20270522,1,20270523,1,20270529,1,20270530,1,20270605,1,20270606,1,20270612,1,20270613,1,20270619,1,20270620,1,20270626,1,20270627,1,20270703,1,20270704,1,20270710,1,20270711,1,20270717,1,20270718,1,20270724,1,20270725,1,20270731,1,20270801,1,20270807,1,20270808,1,20270814,1,20270815,1,20270821,1,20270822,1,20270828,1,20270829,1,20270904,1,20270905,1,20270911,1,20270912,1,20270918,1,20270919,1,20270925,1,20270926,1,20271002,1,20271003,1,20271009,1,20271010,1,20271016,1,20271017,1,20271023,1,20271024,1,20271030,1,20271031,1,20271106,1,20271107,1,20271113,1,20271114,1,20271120,1,20271121,1,20271127,1,20271128,1,20271204,1,20271205,1,20271211,1,20271212,1,20271218,1,20271219,1,20271225,1,20271226,1,20280101,1
'1457203',20261008,1,20261009,1,20261012,1,20261013,1,20261014,1,20261015,1,20261016,1,20261019,1,20261020,1,20261021,1,20261022,1,20261023,1,20261026,1,20261027,1,20261028,1,20261029,1,20261030,1,20261102,1,20261103,1,20261104,1,20261105,1,20261106,1,20261109,1,20261110,1,20261111,1,20261112,1,20261113,1,20261116,1,20261117,1,20261118,1,20261119,1,20261120,1,20261123,1,20261124,1,20261125,1,20261126,1,20261127,1,20261130,1,20261201,1,20261202,1,20261203,1,20261204,1,20261207,1,20261208,1,20261209,1,20261210,1,20261211,1,20261214,1,20261215,1,20261216,1,20261217,1,20261218,1,20261221,1,20261222,1,20261223,1,20261224,1,20261225,1,20261228,1,20261229,1,20261230,1,20261231,1,20270101,1,20270104,1,20270105,1,20270106,1,20270107,1,20270108,1,20270111,1,20270112,1,20270113,1,20270114,1,20270115,1,20270118,1,20270119,1,20270120,1,20270121,1,20270122,1,20270125,1,20270126,1,20270127,1,20270128,1,20270129,1,20270201,1,20270202,1,20270203,1,20270204,1,20270205,1,20270208,1,20270209,1,20270210,1,20270211,1,20270212,1,20270215,1,20270216,1,20270217,1,20270218,1,20270219,1,20270222,1,20270223,1,20270224,1,20270225,1,20270226,1,20270301,1,20270302,1,20270303,1,20270304,1,20270305,1,20270308,1,20270309,1,20270310,1,20270311,1,20270312,1,20270315,1,20270316,1,20270317,1,20270318,1,20270319,1,20270322,1,20270323,1,20270324,1,20270325,1,20270326,1,20270329,1,20270330,1,20270331,1,20270401,1,20270402,1,20270405,1,20270406,1,20270407,1,20270408,1,20270409,1,20270412,1,20270413,1,20270414,1,20270415,1,20270416,1,20270419,1,20270420,1,20270421,1,20270422,1,20270423,1,20270426,1,20270427,1,20270428,1,20270429,1,20270430,1,20270503,1,20270504,1,20270505,1,20270506,1,20270507,1,20270510,1,20270511,1,20270512,1,20270513,1,20270514,1,20270517,1,20270518,1,20270519,1,20270520,1,20270521,1,20270524,1,20270525,1,20270526,1,20270527,1,20270528,1,20270531,1,20270601,1,20270602,1,20270603,1,20270604,1,20270607,1,20270608,1,20270609,1,20270610,1,20270611,1,20270614,1,20270615,1,20270616,1,20270617,1,20270618,1,20270621,1,20270622,1,20270623,1,20270624,1,20270625,1,20270628,1,20270629,1,20270630,1,20270701,1,20270702,1,20270705,1,20270706,1,20270707,1,20270708,1,20270709,1,20270712,1,20270713,1,20270714,1,20270715,1,20270716,1,20270719,1,20270720,1,20270721,1,20270722,1,20270723,1,20270726,1,20270727,1,20270728,1,20270729,1,20270730,1,20270802,1,20270803,1,20270804,1,20270805,1,20270806,1,20270809,1,20270810,1,20270811,1,20270812,1,20270813,1,20270816,1,20270817,1,20270818,1,20270819,1,20270820,1,20270823,1,20270824,1,20270825,1,20270826,1,20270827,1,20270830,1,20270831,1,20270901,1,20270902,1,20270903,1,20270906,1,20270907,1,20270908,1,20270909,1,20270910,1,20270913,1,20270914,1,20270915,1,20270916,1,20270917,1,20270920,1,20270921,1,20270922,1,20270923,1,20270924,1,20270927,1,20270928,1,20270929,1,20270930,1,20271001,1,20271004,1,20271005,1,20271006,1,20271007,1,20271008,1,20271011,1,20271012,1,20271013,1,20271014,1,20271015,1,20271018,1,20271019,1,20271020,1,20271021,1,20271022,1,20271025,1,20271026,1,20271027,1,20271028,1,20271029,1,20271101,1,20271102,1,20271103,1,20271104,1,20271105,1,20271108,1,20271109,1,20271110,1,20271111,1,20271112,1,20271115,1,20271116,1,20271117,1,20271118,1,20271119,1,20271122,1,20271123,1,20271124,1,20271125,1,20271126,1,20271129,1,20271130,1,20271201,1,20271202,1,20271203,1,20271206,1,20271207,1,20271208,1,20271209,1,20271210,1,20271213,1,20271214,1,20271215,1,20271216,1,20271217,1,20271220,1,20271221,1,20271222,1,20271223,1,20271224,1,20271227,1,20271228,1,20271229,1,20271230,1,20271231,1
'1457208',20261010,1,20261017,1,20261024,1,20261031,1,20261107,1,20261114,1,20261121,1,20261128,1,20261205,1,20261212,1,20261219,1,20261226,1,20270102,1,20270109,1,20270116,1,20270123,1,20270130,1,20270206,1,20270213,1,20270220,1,20270227,1,20270306,1,20270313,1,20270320,1,20270327,1,20270403,1,20270410,1,20270417,1,20270424,1,20270501,1,20270508,1,20270515,1,20270522,1,20270529,1,20270605,1,20270612,1,20270619,1,20270626,1,20270703,1,20270710,1,20270717,1,20270724,1,20270731,1,20270807,1,20270814,1,20270821,1,20270828,1,20270904,1,20270911,1,20270918,1,20270925,1,20271002,1,20271009,1,20271016,1,20271023,1,20271030,1,20271106,1,20271113,1,20271120,1,20271127,1,20271204,1,20271211,1,20271218,1,20271225,1,20280101,1
'1457212',20261010,1,20261011,1,20261017,1,20261018,1,20261024,1,20261025,1,20261031,1,20261101,1,20261107,1,20261108,1,20261114,1,20261115,1,20261121,1,20261122,1,20261128,1,20261129,1,20261205,1,20261206,1,20261212,1,20261213,1,20261219,1,20261220,1,20261226,1,20261227,1,20270102,1,20270103,1,20270109,1,20270110,1,20270116,1,20270117,1,20270123,1,20270124,1,20270130,1,20270131,1,20270206,1,20270207,1,20270213,1,20270214,1,20270220,1,20270221,1,20270227,1,20270228,1,20270306,1,20270307,1,20270313,1,20270314,1,20270320,1,20270321,1,20270327,1,20270328,1,20270403,1,20270404,1,20270410,1,20270411,1,20270417,1,20270418,1,20270424,1,20270425,1,20270501,1,20270502,1,20270508,1,20270509,1,20270515,1,20270516,1,20270522,1,20270523,1,20270529,1,20270530,1,20270605,1,20270606,1,20270612,1,20270613,1,20270619,1,20270620,1,20270626,1,20270627,1,20270703,1,20270704,1,20270710,1,20270711,1,20270717,1,20270718,1,20270724,1,20270725,1,20270731,1,20270801,1,20270807,1,20270808,1,20270814,1,20270815,1,20270821,1,20270822,1,20270828,1,20270829,1,20270904,1,20270905,1,20270911,1,20270912,1,20270918,1,20270919,1,20270925,1,20270926,1,20271002,1,20271003,1,20271009,1,20271010,1,20271016,1,20271017,1,20271023,1,20271024,1,20271030,1,20271031,1,20271106,1,20271107,1,20271113,1,20271114,1,20271120,1,20271121,1,20271127,1,20271128,1,20271204,1,20271205,1,20271211,1,20271212,1,20271218,1,20271219,1,20271225,1,20271226,1,20280101,1
'1457238',20261010,1,20261017,1,20261024,1,20261031,1,20261107,1,20261114,1,20261121,1,20261128,1,20261205,1,20261212,1,20261219,1,20261226,1,20270102,1,20270109,1,20270116,1,20270123,1,20270130,1,20270206,1,20270213,1,20270220,1,20270227,1,20270306,1,20270313,1,20270320,1,20270327,1,20270403,1,20270410,1,20270417,1,20270424,1,20270501,1,20270508,1,20270515,1,20270522,1,20270529,1,20270605,1,20270612,1,20270619,1,20270626,1,20270703,1,20270710,1,20270717,1,20270724,1,20270731,1,20270807,1,20270814,1,20270821,1,20270828,1,20270904,1,20270911,1,20270918,1,20270925,1,20271002,1,20271009,1,20271016,1,20271023,1,20271030,1,20271106,1,20271113,1,20271120,1,20271127,1,20271204,1,20271211,1,20271218,1,20271225,1,20280101,1
'1457256',20261008,1,20261009,1,20261012,1,20261013,1,20261014,1,20261015,1,20261016,1,20261019,1,20261020,1,20261021,1,20261022,1,20261023,1,20261026,1,20261027,1,20261028,1,20261029,1,20261030,1,20261102,1,20261103,1,20261104,1,20261105,1,20261106,1,20261109,1,20261110,1,20261111,1,20261112,1,20261113,1,20261116,1,20261117,1,20261118,1,20261119,1,20261120,1,20261123,1,20261124,1,20261125,1,20261126,1,20261127,1,20261130,1,20261201,1,20261202,1,20261203,1,20261204,1,20261207,1,20261208,1,20261209,1,20261210,1,20261211,1,20261214,1,20261215,1,20261216,1,20261217,1,20261218,1,20261221,1,20261222,1,20261223,1,20261224,1,20261225,1,20261228,1,20261229,1,20261230,1,20261231,1,20270101,1,20270104,1,20270105,1,20270106,1,20270107,1,20270108,1,20270111,1,20270112,1,20270113,1,20270114,1,20270115,1,20270118,1,20270119,1,20270120,1,20270121,1,20270122,1,20270125,1,20270126,1,20270127,1,20270128,1,20270129,1,20270201,1,20270202,1,20270203,1,20270204,1,20270205,1,20270208,1,20270209,1,20270210,1,20270211,1,20270212,1,20270215,1,20270216,1,20270217,1,20270218,1,20270219,1,20270222,1,20270223,1,20270224,1,20270225,1,20270226,1,20270301,1,20270302,1,20270303,1,20270304,1,20270305,1,20270308,1,20270309,1,20270310,1,20270311,1,20270312,1,20270315,1,20270316,1,20270317,1,20270318,1,20270319,1,20270322,1,20270323,1,20270324,1,20270325,1,20270326,1,20270329,1,20270330,1,20270331,1,20270401,1,20270402,1,20270405,1,20270406,1,20270407,1,20270408,1,20270409,1,20270412,1,20270413,1,20270414,1,20270415,1,20270416,1,20270419,1,20270420,1,20270421,1,20270422,1,20270423,1,20270426,1,20270427,1,20270428,1,20270429,1,20270430,1,20270503,1,20270504,1,20270505,1,20270506,1,20270507,1,20270510,1,20270511,1,20270512,1,20270513,1,20270514,1,20270517,1,20270518,1,20270519,1,20270520,1,20270521,1,20270524,1,20270525,1,20270526,1,20270527,1,20270528,1,20270531,1,20270601,1,20270602,1,20270603,1,20270604,1,20270607,1,20270608,1,20270609,1,20270610,1,20270611,1,20270614,1,20270615,1,20270616,1,20270617,1,20270618,1,20270621,1,20270622,1,20270623,1,20270624,1,20270625,1,20270628,1,20270629,1,20270630,1,20270701,1,20270702,1,20270705,1,20270706,1,20270707,1,20270708,1,20270709,1,20270712,1,20270713,1,20270714,1,20270715,1,20270716,1,20270719,1,20270720,1,20270721,1,20270722,1,20270723,1,20270726,1,20270727,1,20270728,1,20270729,1,20270730,1,20270802,1,20270803,1,20270804,1,20270805,1,20270806,1,20270809,1,20270810,1,20270811,1,20270812,1,20270813,1,20270816,1,20270817,1,20270818,1,20270819,1,20270820,1,20270823,1,20270824,1,20270825,1,20270826,1,20270827,1,20270830,1,20270831,1,20270901,1,20270902,1,20270903,1,20270906,1,20270907,1,20270908,1,20270909,1,20270910,1,20270913,1,20270914,1,20270915,1,20270916,1,20270917,1,20270920,1,20270921,1,20270922,1,20270923,1,20270924,1,20270927,1,20270928,1,20270929,1,20270930,1,20271001,1,20271004,1,20271005,1,20271006,1,20271007,1,20271008,1,20271011,1,20271012,1,20271013,1,20271014,1,20271015,1,20271018,1,20271019,1,20271020,1,20271021,1,20271022,1,20271025,1,20271026,1,20271027,1,20271028,1,20271029,1,20271101,1,20271102,1,20271103,1,20271104,1,20271105,1,20271108,1,20271109,1,20271110,1,20271111,1,20271112,1,20271115,1,20271116,1,20271117,1,20271118,1,20271119,1,20271122,1,20271123,1,20271124,1,20271125,1,20271126,1,20271129,1,20271130,1,20271201,1,20271202,1,20271203,1,20271206,1,20271207,1,20271208,1,20271209,1,20271210,1,20271213,1,20271214,1,20271215,1,20271216,1,20271217,1,20271220,1,20271221,1,20271222,1,20271223,1,20271224,1,20271227,1,20271228,1,20271229,1,20271230,1,20271231,1
'1457268',20261010,1,20261017,1,20261024,1,20261031,1,20261107,1,20261114,1,20261121,1,20261128,1,20261205,1,20261212,1,20261219,1,20261226,1,20270102,1,20270109,1,20270116,1,20270123,1,20270130,1,20270206,1,20270213,1,20270220,1,20270227,1,20270306,1,20270313,1,20270320,1,20270327,1,20270403,1,20270410,1,20270417,1,20270424,1,20270501,1,20270508,1,20270515,1,20270522,1,20270529,1,20270605,1,20270612,1,20270619,1,20270626,1,20270703,1,20270710,1,20270717,1,20270724,1,20270731,1,20270807,1,20270814,1,20270821,1,20270828,1,20270904,1,20270911,1,20270918,1,20270925,1,20271002,1,20271009,1,20271016,1,20271023,1,20271030,1,20271106,1,20271113,1,20271120,1,20271127,1,20271204,1,20271211,1,20271218,1,20271225,1,20280101,1
'1457283',20261008,1,20261009,1,20261012,1,20261013,1,20261014,1,20261015,1,20261016,1,20261019,1,20261020,1,20261021,1,20261022,1,20261023,1,20261026,1,20261027,1,20261028,1,20261029,1,20261030,1,20261102,1,20261103,1,20261104,1,20261105,1,20261106,1,20261109,1,20261110,1,20261111,1,20261112,1,20261113,1,20261116,1,20261117,1,20261118,1,20261119,1,20261120,1,20261123,1,20261124,1,20261125,1,20261126,1,20261127,1,20261130,1,20261201,1,20261202,1,20261203,1,20261204,1,20261207,1,20261208,1,20261209,1,20261210,1,20261211,1,20261214,1,20261215,1,20261216,1,20261217,1,20261218,1,20261221,1,20261222,1,20261223,1,20261224,1,20261225,1,20261228,1,20261229,1,20261230,1,20261231,1,20270101,1,20270104,1,20270105,1,20270106,1,20270107,1,20270108,1,20270111,1,20270112,1,20270113,1,20270114,1,20270115,1,20270118,1,20270119,1,20270120,1,20270121,1,20270122,1,20270125,1,20270126,1,20270127,1,20270128,1,20270129,1,20270201,1,20270202,1,20270203,1,20270204,1,20270205,1,20270208,1,20270209,1,20270210,1,20270211,1,20270212,1,20270215,1,20270216,1,20270217,1,20270218,1,20270219,1,20270222,1,20270223,1,20270224,1,20270225,1,20270226,1,20270301,1,20270302,1,20270303,1,20270304,1,20270305,1,20270308,1,20270309,1,20270310,1,20270311,1,20270312,1,20270315,1,20270316,1,20270317,1,20270318,1,20270319,1,20270322,1,20270323,1,20270324,1,20270325,1,20270326,1,20270329,1,20270330,1,20270331,1,20270401,1,20270402,1,20270405,1,20270406,1,20270407,1,20270408,1,20270409,1,20270412,1,20270413,1,20270414,1,20270415,1,20270416,1,20270419,1,20270420,1,20270421,1,20270422,1,20270423,1,20270426,1,20270427,1,20270428,1,20270429,1,20270430,1,20270503,1,20270504,1,20270505,1,20270506,1,20270507,1,20270510,1,20270511,1,20270512,1,20270513,1,20270514,1,20270517,1,20270518,1,20270519,1,20270520,1,20270521,1,20270524,1,20270525,1,20270526,1,20270527,1,20270528,1,20270531,1,20270601,1,20270602,1,20270603,1,20270604,1,20270607,1,20270608,1,20270609,1,20270610,1,20270611,1,20270614,1,20270615,1,20270616,1,20270617,1,20270618,1,20270621,1,20270622,1,20270623,1,20270624,1,20270625,1,20270628,1,20270629,1,20270630,1,20270701,1,20270702,1,20270705,1,20270706,1,20270707,1,20270708,1,20270709,1,20270712,1,20270713,1,20270714,1,20270715,1,20270716,1,20270719,1,20270720,1,20270721,1,20270722,1,20270723,1,20270726,1,20270727,1,20270728,1,20270729,1,20270730,1,20270802,1,20270803,1,20270804,1,20270805,1,20270806,1,20270809,1,20270810,1,20270811,1,20270812,1,20270813,1,20270816,1,20270817,1,20270818,1,20270819,1,20270820,1,20270823,1,20270824,1,20270825,1,20270826,1,20270827,1,20270830,1,20270831,1,20270901,1,20270902,1,20270903,1,20270906,1,20270907,1,20270908,1,20270909,1,20270910,1,20270913,1,20270914,1,20270915,1,20270916,1,20270917,1,20270920,1,20270921,1,20270922,1,20270923,1,20270924,1,20270927,1,20270928,1,20270929,1,20270930,1,20271001,1,20271004,1,20271005,1,20271006,1,20271007,1,20271008,1,20271011,1,20271012,1,20271013,1,20271014,1,20271015,1,20271018,1,20271019,1,20271020,1,20271021,1,20271022,1,20271025,1,20271026,1,20271027,1,20271028,1,20271029,1,20271101,1,20271102,1,20271103,1,20271104,1,20271105,1,20271108,1,20271109,1,20271110,1,20271111,1,20271112,1,20271115,1,20271116,1,20271117,1,20271118,1,20271119,1,20271122,1,20271123,1,20271124,1,20271125,1,20271126,1,20271129,1,20271130,1,20271201,1,20271202,1,20271203,1,20271206,1,20271207,1,20271208,1,20271209,1,20271210,1,20271213,1,20271214,1,20271215,1,20271216,1,20271217,1,20271220,1,20271221,1,20271222,1,20271223,1,20271224,1,20271227,1,20271228,1,20271229,1,20271230,1,20271231,1
'1457290',20261008,1,20261009,1,20261012,1,20261013,1,20261014,1,20261015,1,20261016,1,20261019,1,20261020,1,20261021,1,20261022,1,20261023,1,20261026,1,20261027,1,20261028,1,20261029,1,20261030,1,20261102,1,20261103,1,20261104,1,20261105,1,20261106,1,20261109,1,20261110,1,20261111,1,20261112,1,20261113,1,20261116,1,20261117,1,20261118,1,20261119,1,20261120,1,20261123,1,20261124,1,20261125,1,20261126,1,20261127,1,20261130,1,20261201,1,20261202,1,20261203,1,20261204,1,20261207,1,20261208,1,20261209,1,20261210,1,20261211,1,20261214,1,20261215,1,20261216,1,20261217,1,20261218,1,20261221,1,20261222,1,20261223,1,20261224,1,20261225,1,20261228,1,20261229,1,20261230,1,20261231,1,20270101,1,20270104,1,20270105,1,20270106,1,20270107,1,20270108,1,20270111,1,20270112,1,20270113,1,20270114,1,20270115,1,20270118,1,20270119,1,20270120,1,20270121,1,20270122,1,20270125,1,20270126,1,20270127,1,20270128,1,20270129,1,20270201,1,20270202,1,20270203,1,20270204,1,20270205,1,20270208,1,20270209,1,20270210,1,20270211,1,20270212,1,20270215,1,20270216,1,20270217,1,20270218,1,20270219,1,20270222,1,20270223,1,20270224,1,20270225,1,20270226,1,20270301,1,20270302,1,20270303,1,20270304,1,20270305,1,20270308,1,20270309,1,20270310,1,20270311,1,20270312,1,20270315,1,20270316,1,20270317,1,20270318,1,20270319,1,20270322,1,20270323,1,20270324,1,20270325,1,20270326,1,20270329,1,20270330,1,20270331,1,20270401,1,20270402,1,20270405,1,20270406,1,20270407,1,20270408,1,20270409,1,20270412,1,20270413,1,20270414,1,20270415,1,20270416,1,20270419,1,20270420,1,20270421,1,20270422,1,20270423,1,20270426,1,20270427,1,20270428,1,20270429,1,20270430,1,20270503,1,20270504,1,20270505,1,20270506,1,20270507,1,20270510,1,20270511,1,20270512,1,20270513,1,20270514,1,20270517,1,20270518,1,20270519,1,20270520,1,20270521,1,20270524,1,20270525,1,20270526,1,20270527,1,20270528,1,20270531,1,20270601,1,20270602,1,20270603,1,20270604,1,20270607,1,20270608,1,20270609,1,20270610,1,20270611,1,20270614,1,20270615,1,20270616,1,20270617,1,20270618,1,20270621,1,20270622,1,20270623,1,20270624,1,20270625,1,20270628,1,20270629,1,20270630,1,20270701,1,20270702,1,20270705,1,20270706,1,20270707,1,20270708,1,20270709,1,20270712,1,20270713,1,20270714,1,20270715,1,20270716,1,20270719,1,20270720,1,20270721,1,20270722,1,20270723,1,20270726,1,20270727,1,20270728,1,20270729,1,20270730,1,20270802,1,20270803,1,20270804,1,20270805,1,20270806,1,20270809,1,20270810,1,20270811,1,20270812,1,20270813,1,20270816,1,20270817,1,20270818,1,20270819,1,20270820,1,20270823,1,20270824,1,20270825,1,20270826,1,20270827,1,20270830,1,20270831,1,20270901,1,20270902,1,20270903,1,20270906,1,20270907,1,20270908,1,20270909,1,20270910,1,20270913,1,20270914,1,20270915,1,20270916,1,20270917,1,20270920,1,20270921,1,20270922,1,20270923,1,20270924,1,20270927,1,20270928,1,20270929,1,20270930,1,20271001,1,20271004,1,20271005,1,20271006,1,20271007,1,20271008,1,20271011,1,20271012,1,20271013,1,20271014,1,20271015,1,20271018,1,20271019,1,20271020,1,20271021,1,20271022,1,20271025,1,20271026,1,20271027,1,20271028,1,20271029,1,20271101,1,20271102,1,20271103,1,20271104,1,20271105,1,20271108,1,20271109,1,20271110,1,20271111,1,20271112,1,20271115,1,20271116,1,20271117,1,20271118,1,20271119,1,20271122,1,20271123,1,20271124,1,20271125,1,20271126,1,20271129,1,20271130,1,20271201,1,20271202,1,20271203,1,20271206,1,20271207,1,20271208,1,20271209,1,20271210,1,20271213,1,20271214,1,20271215,1,20271216,1,20271217,1,20271220,1,20271221,1,20271222,1,20271223,1,20271224,1,20271227,1,20271228,1,20271229,1,20271230,1,20271231,1
'1457302',20261008,1,20261009,1,20261012,1,20261013,1,20261014,1,20261015,1,20261016,1,20261019,1,20261020,1,20261021,1,20261022,1,20261023,1,20261026,1,20261027,1,20261028,1,20261029,1,20261030,1,20261102,1,20261103,1,20261104,1,20261105,1,20261106,1,20261109,1,20261110,1,20261111,1,20261112,1,20261113,1,20261116,1,20261117,1,20261118,1,20261119,1,20261120,1,20261123,1,20261124,1,20261125,1,20261126,1,20261127,1,20261130,1,20261201,1,20261202,1,20261203,1,20261204,1,20261207,1,20261208,1,20261209,1,20261210,1,20261211,1,20261214,1,20261215,1,20261216,1,20261217,1,20261218,1,20261221,1,20261222,1,20261223,1,20261224,1,20261225,1,20261228,1,20261229,1,20261230,1,20261231,1,20270101,1,20270104,1,20270105,1,20270106,1,20270107,1,20270108,1,20270111,1,20270112,1,20270113,1,20270114,1,20270115,1,20270118,1,20270119,1,20270120,1,20270121,1,20270122,1,20270125,1,20270126,1,20270127,1,20270128,1,20270129,1,20270201,1,20270202,1,20270203,1,20270204,1,20270205,1,20270208,1,20270209,1,20270210,1,20270211,1,20270212,1,20270215,1,20270216,1,20270217,1,20270218,1,20270219,1,20270222,1,20270223,1,20270224,1,20270225,1,20270226,1,20270301,1,20270302,1,20270303,1,20270304,1,20270305,1,20270308,1,20270309,1,20270310,1,20270311,1,20270312,1,20270315,1,20270316,1,20270317,1,20270318,1,20270319,1,20270322,1,20270323,1,20270324,1,20270325,1,20270326,1,20270329,1,20270330,1,20270331,1,20270401,1,20270402,1,20270405,1,20270406,1,20270407,1,20270408,1,20270409,1,20270412,1,20270413,1,20270414,1,20270415,1,20270416,1,20270419,1,20270420,1,20270421,1,20270422,1,20270423,1,20270426,1,20270427,1,20270428,1,20270429,1,20270430,1,20270503,1,20270504,1,20270505,1,20270506,1,20270507,1,20270510,1,20270511,1,20270512,1,20270513,1,20270514,1,20270517,1,20270518,1,20270519,1,20270520,1,20270521,1,20270524,1,20270525,1,20270526,1,20270527,1,20270528,1,20270531,1,20270601,1,20270602,1,20270603,1,20270604,1,20270607,1,20270608,1,20270609,1,20270610,1,20270611,1,20270614,1,20270615,1,20270616,1,20270617,1,20270618,1,20270621,1,20270622,1,20270623,1,20270624,1,20270625,1,20270628,1,20270629,1,20270630,1,20270701,1,20270702,1,20270705,1,20270706,1,20270707,1,20270708,1,20270709,1,20270712,1,20270713,1,20270714,1,20270715,1,20270716,1,20270719,1,20270720,1,20270721,1,20270722,1,20270723,1,20270726,1,20270727,1,20270728,1,20270729,1,20270730,1,20270802,1,20270803,1,20270804,1,20270805,1,20270806,1,20270809,1,20270810,1,20270811,1,20270812,1,20270813,1,20270816,1,20270817,1,20270818,1,20270819,1,20270820,1,20270823,1,20270824,1,20270825,1,20270826,1,20270827,1,20270830,1,20270831,1,20270901,1,20270902,1,20270903,1,20270906,1,20270907,1,20270908,1,20270909,1,20270910,1,20270913,1,20270914,1,20270915,1,20270916,1,20270917,1,20270920,1,20270921,1,20270922,1,20270923,1,20270924,1,20270927,1,20270928,1,20270929,1,20270930,1,20271001,1,20271004,1,20271005,1,20271006,1,20271007,1,20271008,1,20271011,1,20271012,1,20271013,1,20271014,1,20271015,1,20271018,1,20271019,1,20271020,1,20271021,1,20271022,1,20271025,1,20271026,1,20271027,1,20271028,1,20271029,1,20271101,1,20271102,1,20271103,1,20271104,1,20271105,1,20271108,1,20271109,1,20271110,1,20271111,1,20271112,1,20271115,1,20271116,1,20271117,1,20271118,1,20271119,1,20271122,1,20271123,1,20271124,1,20271125,1,20271126,1,20271129,1,20271130,1,20271201,1,20271202,1,20271203,1,20271206,1,20271207,1,20271208,1,20271209,1,20271210,1,20271213,1,20271214,1,20271215,1,20271216,1,20271217,1,20271220,1,20271221,1,20271222,1,20271223,1,20271224,1,20271227,1,20271228,1,20271229,1,20271230,1,20271231,1
'1457309',20261010,1,20261017,1,20261024,1,20261031,1,20261107,1,20261114,1,20261121,1,20261128,1,20261205,1,20261212,1,20261219,1,20261226,1,20270102,1,20270109,1,20270116,1,20270123,1,20270130,1,20270206,1,20270213,1,20270220,1,20270227,1,20270306,1,20270313,1,20270320,1,20270327,1,20270403,1,20270410,1,20270417,1,20270424,1,20270501,1,20270508,1,20270515,1,20270522,1,20270529,1,20270605,1,20270612,1,20270619,1,20270626,1,20270703,1,20270710,1,20270717,1,20270724,1,20270731,1,20270807,1,20270814,1,20270821,1,20270828,1,20270904,1,20270911,1,20270918,1,20270925,1,20271002,1,20271009,1,20271016,1,20271023,1,20271030,1,20271106,1,20271113,1,20271120,1,20271127,1,20271204,1,20271211,1,20271218,1,20271225,1,20280101,1
'1457336',20261008,1,20261009,1,20261012,1,20261013,1,20261014,1,20261015,1,20261016,1,20261019,1,20261020,1,20261021,1,20261022,1,20261023,1,20261026,1,20261027,1,20261028,1,20261029,1,20261030,1,20261102,1,20261103,1,20261104,1,20261105,1,20261106,1,20261109,1,20261110,1,20261111,1,20261112,1,20261113,1,20261116,1,20261117,1,20261118,1,20261119,1,20261120,1,20261123,1,20261124,1,20261125,1,20261126,1,20261127,1,20261130,1,20261201,1,20261202,1,20261203,1,20261204,1,20261207,1,20261208,1,20261209,1,20261210,1,20261211,1,20261214,1,20261215,1,20261216,1,20261217,1,20261218,1,20261221,1,20261222,1,20261223,1,20261224,1,20261225,1,20261228,1,20261229,1,20261230,1,20261231,1,20270101,1,20270104,1,20270105,1,20270106,1,20270107,1,20270108,1,20270111,1,20270112,1,20270113,1,20270114,1,20270115,1,20270118,1,20270119,1,20270120,1,20270121,1,20270122,1,20270125,1,20270126,1,20270127,1,20270128,1,20270129,1,20270201,1,20270202,1,20270203,1,20270204,1,20270205,1,20270208,1,20270209,1,20270210,1,20270211,1,20270212,1,20270215,1,20270216,1,20270217,1,20270218,1,20270219,1,20270222,1,20270223,1,20270224,1,20270225,1,20270226,1,20270301,1,20270302,1,20270303,1,20270304,1,20270305,1,20270308,1,20270309,1,20270310,1,20270311,1,20270312,1,20270315,1,20270316,1,20270317,1,20270318,1,20270319,1,20270322,1,20270323,1,20270324,1,20270325,1,20270326,1,20270329,1,20270330,1,20270331,1,20270401,1,20270402,1,20270405,1,20270406,1,20270407,1,20270408,1,20270409,1,20270412,1,20270413,1,20270414,1,20270415,1,20270416,1,20270419,1,20270420,1,20270421,1,20270422,1,20270423,1,20270426,1,20270427,1,20270428,1,20270429,1,20270430,1,20270503,1,20270504,1,20270505,1,20270506,1,20270507,1,20270510,1,20270511,1,20270512,1,20270513,1,20270514,1,20270517,1,20270518,1,20270519,1,20270520,1,20270521,1,20270524,1,20270525,1,20270526,1,20270527,1,20270528,1,20270531,1,20270601,1,20270602,1,20270603,1,20270604,1,20270607,1,20270608,1,20270609,1,20270610,1,20270611,1,20270614,1,20270615,1,20270616,1,20270617,1,20270618,1,20270621,1,20270622,1,20270623,1,20270624,1,20270625,1,20270628,1,20270629,1,20270630,1,20270701,1,20270702,1,20270705,1,20270706,1,20270707,1,20270708,1,20270709,1,20270712,1,20270713,1,20270714,1,20270715,1,20270716,1,20270719,1,20270720,1,20270721,1,20270722,1,20270723,1,20270726,1,20270727,1,20270728,1,20270729,1,20270730,1,20270802,1,20270803,1,20270804,1,20270805,1,20270806,1,20270809,1,20270810,1,20270811,1,20270812,1,20270813,1,20270816,1,20270817,1,20270818,1,20270819,1,20270820,1,20270823,1,20270824,1,20270825,1,20270826,1,20270827,1,20270830,1,20270831,1,20270901,1,20270902,1,20270903,1,20270906,1,20270907,1,20270908,1,20270909,1,20270910,1,20270913,1,20270914,1,20270915,1,20270916,1,20270917,1,20270920,1,20270921,1,20270922,1,20270923,1,20270924,1,20270927,1,20270928,1,20270929,1,20270930,1,20271001,1,20271004,1,20271005,1,20271006,1,20271007,1,20271008,1,20271011,1,20271012,1,20271013,1,20271014,1,20271015,1,20271018,1,20271019,1,20271020,1,20271021,1,20271022,1,20271025,1,20271026,1,20271027,1,20271028,1,20271029,1,20271101,1,20271102,1,20271103,1,20271104,1,20271105,1,20271108,1,20271109,1,20271110,1,20271111,1,20271112,1,20271115,1,20271116,1,20271117,1,20271118,1,20271119,1,20271122,1,20271123,1,20271124,1,20271125,1,20271126,1,20271129,1,20271130,1,20271201,1,20271202,1,20271203,1,20271206,1,20271207,1,20271208,1,20271209,1,20271210,1,20271213,1,20271214,1,20271215,1,20271216,1,20271217,1,20271220,1,20271221,1,20271222,1,20271223,1,20271224,1,20271227,1,20271228,1,20271229,1,20271230,1,20271231,1
'1457337',20261010,1,20261011,1,20261017,1,20261018,1,20261024,1,20261025,1,20261031,1,20261101,1,20261107,1,20261108,1,20261114,1,20261115,1,20261121,1,20261122,1,20261128,1,20261129,1,20261205,1,20261206,1,20261212,1,20261213,1,20261219,1,20261220,1,20261226,1,20261227,1,20270102,1,20270103,1,20270109,1,20270110,1,20270116,1,20270117,1,20270123,1,20270124,1,20270130,1,20270131,1,20270206,1,20270207,1,20270213,1,20270214,1,20270220,1,20270221,1,20270227,1,20270228,1,20270306,1,20270307,1,20270313,1,20270314,1,20270320,1,20270321,1,20270327,1,20270328,1,20270403,1,20270404,1,20270410,1,20270411,1,20270417,1,20270418,1,20270424,1,20270425,1,20270501,1,20270502,1,20270508,1,20270509,1,20270515,1,20270516,1,20270522,1,20270523,1,20270529,1,20270530,1,20270605,1,20270606,1,20270612,1,20270613,1,20270619,1,20270620,1,20270626,1,20270627,1,20270703,1,20270704,1,20270710,1,20270711,1,20270717,1,20270718,1,20270724,1,20270725,1,20270731,1,20270801,1,20270807,1,20270808,1,20270814,1,20270815,1,20270821,1,20270822,1,20270828,1,20270829,1,20270904,1,20270905,1,20270911,1,20270912,1,20270918,1,20270919,1,20270925,1,20270926,1,20271002,1,20271003,1,20271009,1,20271010,1,20271016,1,20271017,1,20271023,1,20271024,1,20271030,1,20271031,1,20271106,1,20271107,1,20271113,1,20271114,1,20271120,1,20271121,1,20271127,1,20271128,1,20271204,1,20271205,1,20271211,1,20271212,1,20271218,1,20271219,1,20271225,1,20271226,1,20280101,1
'1457368',20261008,1,20261009,1,20261012,1,20261013,1,20261014,1,20261015,1,20261016,1,20261019,1,20261020,1,20261021,1,20261022,1,20261023,1,20261026,1,20261027,1,20261028,1,20261029,1,20261030,1,20261102,1,20261103,1,20261104,1,20261105,1,20261106,1,20261109,1,20261110,1,20261111,1,20261112,1,20261113,1,20261116,1,20261117,1,20261118,1,20261119,1,20261120,1,20261123,1,20261124,1,20261125,1,20261126,1,20261127,1,20261130,1,20261201,1,20261202,1,20261203,1,20261204,1,20261207,1,20261208,1,20261209,1,20261210,1,20261211,1,20261214,1,20261215,1,20261216,1,20261217,1,20261218,1,20261221,1,20261222,1,20261223,1,20261224,1,20261225,1,20261228,1,20261229,1,20261230,1,20261231,1,20270101,1,20270104,1,20270105,1,20270106,1,20270107,1,20270108,1,20270111,1,20270112,1,20270113,1,20270114,1,20270115,1,20270118,1,20270119,1,20270120,1,20270121,1,20270122,1,20270125,1,20270126,1,20270127,1,20270128,1,20270129,1,20270201,1,20270202,1,20270203,1,20270204,1,20270205,1,20270208,1,20270209,1,20270210,1,20270211,1,20270212,1,20270215,1,20270216,1,20270217,1,20270218,1,20270219,1,20270222,1,20270223,1,20270224,1,20270225,1,20270226,1,20270301,1,20270302,1,20270303,1,20270304,1,20270305,1,20270308,1,20270309,1,20270310,1,20270311,1,20270312,1,20270315,1,20270316,1,20270317,1,20270318,1,20270319,1,20270322,1,20270323,1,20270324,1,20270325,1,20270326,1,20270329,1,20270330,1,20270331,1,20270401,1,20270402,1,20270405,1,20270406,1,20270407,1,20270408,1,20270409,1,20270412,1,20270413,1,20270414,1,20270415,1,20270416,1,20270419,1,20270420,1,20270421,1,20270422,1,20270423,1,20270426,1,20270427,1,20270428,1,20270429,1,20270430,1,20270503,1,20270504,1,20270505,1,20270506,1,20270507,1,20270510,1,20270511,1,20270512,1,20270513,1,20270514,1,20270517,1,20270518,1,20270519,1,20270520,1,20270521,1,20270524,1,20270525,1,20270526,1,20270527,1,20270528,1,20270531,1,20270601,1,20270602,1,20270603,1,20270604,1,20270607,1,20270608,1,20270609,1,20270610,1,20270611,1,20270614,1,20270615,1,20270616,1,20270617,1,20270618,1,20270621,1,20270622,1,20270623,1,20270624,1,20270625,1,20270628,1,20270629,1,20270630,1,20270701,1,20270702,1,20270705,1,20270706,1,20270707,1,20270708,1,20270709,1,20270712,1,20270713,1,20270714,1,20270715,1,20270716,1,20270719,1,20270720,1,20270721,1,20270722,1,20270723,1,20270726,1,20270727,1,20270728,1,20270729,1,20270730,1,20270802,1,20270803,1,20270804,1,20270805,1,20270806,1,20270809,1,20270810,1,20270811,1,20270812,1,20270813,1,20270816,1,20270817,1,20270818,1,20270819,1,20270820,1,20270823,1,20270824,1,20270825,1,20270826,1,20270827,1,20270830,1,20270831,1,20270901,1,20270902,1,20270903,1,20270906,1,20270907,1,20270908,1,20270909,1,20270910,1,20270913,1,20270914,1,20270915,1,20270916,1,20270917,1,20270920,1,20270921,1,20270922,1,20270923,1,20270924,1,20270927,1,20270928,1,20270929,1,20270930,1,20271001,1,20271004,1,20271005,1,20271006,1,20271007,1,20271008,1,20271011,1,20271012,1,20271013,1,20271014,1,20271015,1,20271018,1,20271019,1,20271020,1,20271021,1,20271022,1,20271025,1,20271026,1,20271027,1,20271028,1,20271029,1,20271101,1,20271102,1,20271103,1,20271104,1,20271105,1,20271108,1,20271109,1,20271110,1,20271111,1,20271112,1,20271115,1,20271116,1,20271117,1,20271118,1,20271119,1,20271122,1,20271123,1,20271124,1,20271125,1,20271126,1,20271129,1,20271130,1,20271201,1,20271202,1,20271203,1,20271206,1,20271207,1,20271208,1,20271209,1,20271210,1,20271213,1,20271214,1,20271215,1,20271216,1,20271217,1,20271220,1,20271221,1,20271222,1,20271223,1,20271224,1,20271227,1,20271228,1,20271229,1,20271230,1,20271231,1
'1457373',20261008,1,20261009,1,20261012,1,20261013,1,20261014,1,20261015,1,20261016,1,20261019,1,20261020,1,20261021,1,20261022,1,20261023,1,20261026,1,20261027,1,20261028,1,20261029,1,20261030,1,20261102,1,20261103,1,20261104,1,20261105,1,20261106,1,20261109,1,20261110,1,20261111,1,20261112,1,20261113,1,20261116,1,20261117,1,20261118,1,20261119,1,20261120,1,20261123,1,20261124,1,20261125,1,20261126,1,20261127,1,20261130,1,20261201,1,20261202,1,20261203,1,20261204,1,20261207,1,20261208,1,20261209,1,20261210,1,20261211,1,20261214,1,20261215,1,20261216,1,20261217,1,20261218,1,20261221,1,20261222,1,20261223,1,20261224,1,20261225,1,20261228,1,20261229,1,20261230,1,20261231,1,20270101,1,20270104,1,20270105,1,20270106,1,20270107,1,20270108,1,20270111,1,20270112,1,20270113,1,20270114,1,20270115,1,20270118,1,20270119,1,20270120,1,20270121,1,20270122,1,20270125,1,20270126,1,20270127,1,20270128,1,20270129,1,20270201,1,20270202,1,20270203,1,20270204,1,20270205,1,20270208,1,20270209,1,20270210,1,20270211,1,20270212,1,20270215,1,20270216,1,20270217,1,20270218,1,20270219,1,20270222,1,20270223,1,20270224,1,20270225,1,20270226,1,20270301,1,20270302,1,20270303,1,20270304,1,20270305,1,20270308,1,20270309,1,20270310,1,20270311,1,20270312,1,20270315,1,20270316,1,20270317,1,20270318,1,20270319,1,20270322,1,20270323,1,20270324,1,20270325,1,20270326,1,20270329,1,20270330,1,20270331,1,20270401,1,20270402,1,20270405,1,20270406,1,20270407,1,20270408,1,20270409,1,20270412,1,20270413,1,20270414,1,20270415,1,20270416,1,20270419,1,20270420,1,20270421,1,20270422,1,20270423,1,20270426,1,20270427,1,20270428,1,20270429,1,20270430,1,20270503,1,20270504,1,20270505,1,20270506,1,20270507,1,20270510,1,20270511,1,20270512,1,20270513,1,20270514,1,20270517,1,20270518,1,20270519,1,20270520,1,20270521,1,20270524,1,20270525,1,20270526,1,20270527,1,20270528,1,20270531,1,20270601,1,20270602,1,20270603,1,20270604,1,20270607,1,20270608,1,20270609,1,20270610,1,20270611,1,20270614,1,20270615,1,20270616,1,20270617,1,20270618,1,20270621,1,20270622,1,20270623,1,20270624,1,20270625,1,20270628,1,20270629,1,20270630,1,20270701,1,20270702,1,20270705,1,20270706,1,20270707,1,20270708,1,20270709,1,20270712,1,20270713,1,20270714,1,20270715,1,20270716,1,20270719,1,20270720,1,20270721,1,20270722,1,20270723,1,20270726,1,20270727,1,20270728,1,20270729,1,20270730,1,20270802,1,20270803,1,20270804,1,20270805,1,20270806,1,20270809,1,20270810,1,20270811,1,20270812,1,20270813,1,20270816,1,20270817,1,20270818,1,20270819,1,20270820,1,20270823,1,20270824,1,20270825,1,20270826,1,20270827,1,20270830,1,20270831,1,20270901,1,20270902,1,20270903,1,20270906,1,20270907,1,20270908,1,20270909,1,20270910,1,20270913,1,20270914,1,20270915,1,20270916,1,20270917,1,20270920,1,20270921,1,20270922,1,20270923,1,20270924,1,20270927,1,20270928,1,20270929,1,20270930,1,20271001,1,20271004,1,20271005,1,20271006,1,20271007,1,20271008,1,20271011,1,20271012,1,20271013,1,20271014,1,20271015,1,20271018,1,20271019,1,20271020,1,20271021,1,20271022,1,20271025,1,20271026,1,20271027,1,20271028,1,20271029,1,20271101,1,20271102,1,20271103,1,20271104,1,20271105,1,20271108,1,20271109,1,20271110,1,20271111,1,20271112,1,20271115,1,20271116,1,20271117,1,20271118,1,20271119,1,20271122,1,20271123,1,20271124,1,20271125,1,20271126,1,20271129,1,20271130,1,20271201,1,20271202,1,20271203,1,20271206,1,20271207,1,20271208,1,20271209,1,20271210,1,20271213,1,20271214,1,20271215,1,20271216,1,20271217,1,20271220,1,20271221,1,20271222,1,20271223,1,20271224,1,20271227,1,20271228,1,20271229,1,20271230,1,20271231,1
'1457382',20261008,1,20261009,1,20261012,1,20261013,1,20261014,1,20261015,1,20261016,1,20261019,1,20261020,1,20261021,1,20261022,1,20261023,1,20261026,1,20261027,1,20261028,1,20261029,1,20261030,1,20261102,1,20261103,1,20261104,1,20261105,1,20261106,1,20261109,1,20261110,1,20261111,1,20261112,1,20261113,1,20261116,1,20261117,1,20261118,1,20261119,1,20261120,1,20261123,1,20261124,1,20261125,1,20261126,1,20261127,1,20261130,1,20261201,1,20261202,1,20261203,1,20261204,1,20261207,1,20261208,1,20261209,1,20261210,1,20261211,1,20261214,1,20261215,1,20261216,1,20261217,1,20261218,1,20261221,1,20261222,1,20261223,1,20261224,1,20261225,1,20261228,1,20261229,1,20261230,1,20261231,1,20270101,1,20270104,1,20270105,1,20270106,1,20270107,1,20270108,1,20270111,1,20270112,1,20270113,1,20270114,1,20270115,1,20270118,1,20270119,1,20270120,1,20270121,1,20270122,1,20270125,1,20270126,1,20270127,1,20270128,1,20270129,1,20270201,1,20270202,1,20270203,1,20270204,1,20270205,1,20270208,1,20270209,1,20270210,1,20270211,1,20270212,1,20270215,1,20270216,1,20270217,1,20270218,1,20270219,1,20270222,1,20270223,1,20270224,1,20270225,1,20270226,1,20270301,1,20270302,1,20270303,1,20270304,1,20270305,1,20270308,1,20270309,1,20270310,1,20270311,1,20270312,1,20270315,1,20270316,1,20270317,1,20270318,1,20270319,1,20270322,1,20270323,1,20270324,1,20270325,1,20270326,1,20270329,1,20270330,1,20270331,1,20270401,1,20270402,1,20270405,1,20270406,1,20270407,1,20270408,1,20270409,1,20270412,1,20270413,1,20270414,1,20270415,1,20270416,1,20270419,1,20270420,1,20270421,1,20270422,1,20270423,1,20270426,1,20270427,1,20270428,1,20270429,1,20270430,1,20270503,1,20270504,1,20270505,1,20270506,1,20270507,1,20270510,1,20270511,1,20270512,1,20270513,1,20270514,1,20270517,1,20270518,1,20270519,1,20270520,1,20270521,1,20270524,1,20270525,1,20270526,1,20270527,1,20270528,1,20270531,1,20270601,1,20270602,1,20270603,1,20270604,1,20270607,1,20270608,1,20270609,1,20270610,1,20270611,1,20270614,1,20270615,1,20270616,1,20270617,1,20270618,1,20270621,1,20270622,1,20270623,1,20270624,1,20270625,1,20270628,1,20270629,1,20270630,1,20270701,1,20270702,1,20270705,1,20270706,1,20270707,1,20270708,1,20270709,1,20270712,1,20270713,1,20270714,1,20270715,1,20270716,1,20270719,1,20270720,1,20270721,1,20270722,1,20270723,1,20270726,1,20270727,1,20270728,1,20270729,1,20270730,1,20270802,1,20270803,1,20270804,1,20270805,1,20270806,1,20270809,1,20270810,1,20270811,1,20270812,1,20270813,1,20270816,1,20270817,1,20270818,1,20270819,1,20270820,1,20270823,1,20270824,1,20270825,1,20270826,1,20270827,1,20270830,1,20270831,1,20270901,1,20270902,1,20270903,1,20270906,1,20270907,1,20270908,1,20270909,1,20270910,1,20270913,1,20270914,1,20270915,1,20270916,1,20270917,1,20270920,1,20270921,1,20270922,1,20270923,1,20270924,1,20270927,1,20270928,1,20270929,1,20270930,1,20271001,1,20271004,1,20271005,1,20271006,1,20271007,1,20271008,1,20271011,1,20271012,1,20271013,1,20271014,1,20271015,1,20271018,1,20271019,1,20271020,1,20271021,1,20271022,1,20271025,1,20271026,1,20271027,1,20271028,1,20271029,1,20271101,1,20271102,1,20271103,1,20271104,1,20271105,1,20271108,1,20271109,1,20271110,1,20271111,1,20271112,1,20271115,1,20271116,1,20271117,1,20271118,1,20271119,1,20271122,1,20271123,1,20271124,1,20271125,1,20271126,1,20271129,1,20271130,1,20271201,1,20271202,1,20271203,1,20271206,1,20271207,1,20271208,1,20271209,1,20271210,1,20271213,1,20271214,1,20271215,1,20271216,1,20271217,1,20271220,1,20271221,1,20271222,1,20271223,1,20271224,1,20271227,1,20271228,1,20271229,1,20271230,1,20271231,1
'1471238',20261010,1,20261011,1,20261017,1,20261018,1,20261024,1,20261025,1,20261031,1,20261101,1,20261107,1,20261108,1,20261114,1,20261115,1,20261121,1,20261122,1,20261128,1,20261129,1,20261205,1,20261206,1,20261212,1,20261213,1,20261219,1,20261220,1,20261226,1,20261227,1,20270102,1,20270103,1,20270109,1,20270110,1,20270116,1,20270117,1,20270123,1,20270124,1,20270130,1,20270131,1,20270206,1,20270207,1,20270213,1,20270214,1,20270220,1,20270221,1,20270227,1,20270228,1,20270306,1,20270307,1,20270313,1,20270314,1,20270320,1,20270321,1,20270327,1,20270328,1,20270403,1,20270404,1,20270410,1,20270411,1,20270417,1,20270418,1,20270424,1,20270425,1,20270501,1,20270502,1,20270508,1,20270509,1,20270515,1,20270516,1,20270522,1,20270523,1,20270529,1,20270530,1,20270605,1,20270606,1,20270612,1,20270613,1,20270619,1,20270620,1,20270626,1,20270627,1,20270703,1,20270704,1,20270710,1,20270711,1,20270717,1,20270718,1,20270724,1,20270725,1,20270731,1,20270801,1,20270807,1,20270808,1,20270814,1,20270815,1,20270821,1,20270822,1,20270828,1,20270829,1,20270904,1,20270905,1,20270911,1,20270912,1,20270918,1,20270919,1,20270925,1,20270926,1,20271002,1,20271003,1,20271009,1,20271010,1,20271016,1,20271017,1,20271023,1,20271024,1,20271030,1,20271031,1,20271106,1,20271107,1,20271113,1,20271114,1,20271120,1,20271121,1,20271127,1,20271128,1,20271204,1,20271205,1,20271211,1,20271212,1,20271218,1,20271219,1,20271225,1,20271226,1,20280101,1
'1471239',20261010,1,20261011,1,20261017,1,20261018,1,20261024,1,20261025,1,20261031,1,20261101,1,20261107,1,20261108,1,20261114,1,20261115,1,20261121,1,20261122,1,20261128,1,20261129,1,20261205,1,20261206,1,20261212,1,20261213,1,20261219,1,20261220,1,20261226,1,20261227,1,20270102,1,20270103,1,20270109,1,20270110,1,20270116,1,20270117,1,20270123,1,20270124,1,20270130,1,20270131,1,20270206,1,20270207,1,20270213,1,20270214,1,20270220,1,20270221,1,20270227,1,20270228,1,20270306,1,20270307,1,20270313,1,20270314,1,20270320,1,20270321,1,20270327,1,20270328,1,20270403,1,20270404,1,20270410,1,20270411,1,20270417,1,20270418,1,20270424,1,20270425,1,20270501,1,20270502,1,20270508,1,20270509,1,20270515,1,20270516,1,20270522,1,20270523,1,20270529,1,20270530,1,20270605,1,20270606,1,20270612,1,20270613,1,20270619,1,20270620,1,20270626,1,20270627,1,20270703,1,20270704,1,20270710,1,20270711,1,20270717,1,20270718,1,20270724,1,20270725,1,20270731,1,20270801,1,20270807,1,20270808,1,20270814,1,20270815,1,20270821,1,20270822,1,20270828,1,20270829,1,20270904,1,20270905,1,20270911,1,20270912,1,20270918,1,20270919,1,20270925,1,20270926,1,20271002,1,20271003,1,20271009,1,20271010,1,20271016,1,20271017,1,20271023,1,20271024,1,20271030,1,20271031,1,20271106,1,20271107,1,20271113,1,20271114,1,20271120,1,20271121,1,20271127,1,20271128,1,20271204,1,20271205,1,20271211,1,20271212,1,20271218,1,20271219,1,20271225,1,20271226,1,20280101,1
'1471240',20261010,1,20261011,1,20261017,1,20261018,1,20261024,1,20261025,1,20261031,1,20261101,1,20261107,1,20261108,1,20261114,1,20261115,1,20261121,1,20261122,1,20261128,1,20261129,1,20261205,1,20261206,1,20261212,1,20261213,1,20261219,1,20261220,1,20261226,1,20261227,1,20270102,1,20270103,1,20270109,1,20270110,1,20270116,1,20270117,1,20270123,1,20270124,1,20270130,1,20270131,1,20270206,1,20270207,1,20270213,1,20270214,1,20270220,1,20270221,1,20270227,1,20270228,1,20270306,1,20270307,1,20270313,1,20270314,1,20270320,1,20270321,1,20270327,1,20270328,1,20270403,1,20270404,1,20270410,1,20270411,1,20270417,1,20270418,1,20270424,1,20270425,1,20270501,1,20270502,1,20270508,1,20270509,1,20270515,1,20270516,1,20270522,1,20270523,1,20270529,1,20270530,1,20270605,1,20270606,1,20270612,1,20270613,1,20270619,1,20270620,1,20270626,1,20270627,1,20270703,1,20270704,1,20270710,1,20270711,1,20270717,1,20270718,1,20270724,1,20270725,1,20270731,1,20270801,1,20270807,1,20270808,1,20270814,1,20270815,1,20270821,1,20270822,1,20270828,1,20270829,1,20270904,1,20270905,1,20270911,1,20270912,1,20270918,1,20270919,1,20270925,1,20270926,1,20271002,1,20271003,1,20271009,1,20271010,1,20271016,1,20271017,1,20271023,1,20271024,1,20271030,1,20271031,1,20271106,1,20271107,1,20271113,1,20271114,1,20271120,1,20271121,1,20271127,1,20271128,1,20271204,1,20271205,1,20271211,1,20271212,1,20271218,1,20271219,1,20271225,1,20271226,1,20280101,1
'1471241',20261010,1,20261011,1,20261017,1,20261018,1,20261024,1,20261025,1,20261031,1,20261101,1,20261107,1,20261108,1,20261114,1,20261115,1,20261121,1,20261122,1,20261128,1,20261129,1,20261205,1,20261206,1,20261212,1,20261213,1,20261219,1,20261220,1,20261226,1,20261227,1,20270102,1,20270103,1,20270109,1,20270110,1,20270116,1,20270117,1,20270123,1,20270124,1,20270130,1,20270131,1,20270206,1,20270207,1,20270213,1,20270214,1,20270220,1,20270221,1,20270227,1,20270228,1,20270306,1,20270307,1,20270313,1,20270314,1,20270320,1,20270321,1,20270327,1,20270328,1,20270403,1,20270404,1,20270410,1,20270411,1,20270417,1,20270418,1,20270424,1,20270425,1,20270501,1,20270502,1,20270508,1,20270509,1,20270515,1,20270516,1,20270522,1,20270523,1,20270529,1,20270530,1,20270605,1,20270606,1,20270612,1,20270613,1,20270619,1,20270620,1,20270626,1,20270627,1,20270703,1,20270704,1,20270710,1,20270711,1,20270717,1,20270718,1,20270724,1,20270725,1,20270731,1,20270801,1,20270807,1,20270808,1,20270814,1,20270815,1,20270821,1,20270822,1,20270828,1,20270829,1,20270904,1,20270905,1,20270911,1,20270912,1,20270918,1,20270919,1,20270925,1,20270926,1,20271002,1,20271003,1,20271009,1,20271010,1,20271016,1,20271017,1,20271023,1,20271024,1,20271030,1,20271031,1,20271106,1,20271107,1,20271113,1,20271114,1,20271120,1,20271121,1,20271127,1,20271128,1,20271204,1,20271205,1,20271211,1,20271212,1,20271218,1,20271219,1,20271225,1,20271226,1,20280101,1
'1471242',20261010,1,20261011,1,20261017,1,20261018,1,20261024,1,20261025,1,20261031,1,20261101,1,20261107,1,20261108,1,20261114,1,20261115,1,20261121,1,20261122,1,20261128,1,20261129,1,20261205,1,20261206,1,20261212,1,20261213,1,20261219,1,20261220,1,20261226,1,20261227,1,20270102,1,20270103,1,20270109,1,20270110,1,20270116,1,20270117,1,20270123,1,20270124,1,20270130,1,20270131,1,20270206,1,20270207,1,20270213,1,20270214,1,20270220,1,20270221,1,20270227,1,20270228,1,20270306,1,20270307,1,20270313,1,20270314,1,20270320,1,20270321,1,20270327,1,20270328,1,20270403,1,20270404,1,20270410,1,20270411,1,20270417,1,20270418,1,20270424,1,20270425,1,20270501,1,20270502,1,20270508,1,20270509,1,20270515,1,20270516,1,20270522,1,20270523,1,20270529,1,20270530,1,20270605,1,20270606,1,20270612,1,20270613,1,20270619,1,20270620,1,20270626,1,20270627,1,20270703,1,20270704,1,20270710,1,20270711,1,20270717,1,20270718,1,20270724,1,20270725,1,20270731,1,20270801,1,20270807,1,20270808,1,20270814,1,20270815,1,20270821,1,20270822,1,20270828,1,20270829,1,20270904,1,20270905,1,20270911,1,20270912,1,20270918,1,20270919,1,20270925,1,20270926,1,20271002,1,20271003,1,20271009,1,20271010,1,20271016,1,20271017,1,20271023,1,20271024,1,20271030,1,20271031,1,20271106,1,20271107,1,20271113,1,20271114,1,20271120,1,20271121,1,20271127,1,20271128,1,20271204,1,20271205,1,20271211,1,20271212,1,20271218,1,20271219,1,20271225,1,20271226,1,20280101,1
'1471243',20261010,1,20261011,1,20261017,1,20261018,1,20261024,1,20261025,1,20261031,1,20261101,1,20261107,1,20261108,1,20261114,1,20261115,1,20261121,1,20261122,1,20261128,1,20261129,1,20261205,1,20261206,1,20261212,1,20261213,1,20261219,1,20261220,1,20261226,1,20261227,1,20270102,1,20270103,1,20270109,1,20270110,1,20270116,1,20270117,1,20270123,1,20270124,1,20270130,1,20270131,1,20270206,1,20270207,1,20270213,1,20270214,1,20270220,1,20270221,1,20270227,1,20270228,1,20270306,1,20270307,1,20270313,1,20270314,1,20270320,1,20270321,1,20270327,1,20270328,1,20270403,1,20270404,1,20270410,1,20270411,1,20270417,1,20270418,1,20270424,1,20270425,1,20270501,1,20270502,1,20270508,1,20270509,1,20270515,1,20270516,1,20270522,1,20270523,1,20270529,1,20270530,1,20270605,1,20270606,1,20270612,1,20270613,1,20270619,1,20270620,1,20270626,1,20270627,1,20270703,1,20270704,1,20270710,1,20270711,1,20270717,1,20270718,1,20270724,1,20270725,1,20270731,1,20270801,1,20270807,1,20270808,1,20270814,1,20270815,1,20270821,1,20270822,1,20270828,1,20270829,1,20270904,1,20270905,1,20270911,1,20270912,1,20270918,1,20270919,1,20270925,1,20270926,1,20271002,1,20271003,1,20271009,1,20271010,1,20271016,1,20271017,1,20271023,1,20271024,1,20271030,1,20271031,1,20271106,1,20271107,1,20271113,1,20271114,1,20271120,1,20271121,1,20271127,1,20271128,1,20271204,1,20271205,1,20271211,1,20271212,1,20271218,1,20271219,1,20271225,1,20271226,1,20280101,1
'1471244',20261010,1,20261011,1,20261017,1,20261018,1,20261024,1,20261025,1,20261031,1,20261101,1,20261107,1,20261108,1,20261114,1,20261115,1,20261121,1,20261122,1,20261128,1,20261129,1,20261205,1,20261206,1,20261212,1,20261213,1,20261219,1,20261220,1,20261226,1,20261227,1,20270102,1,20270103,1,20270109,1,20270110,1,20270116,1,20270117,1,20270123,1,20270124,1,20270130,1,20270131,1,20270206,1,20270207,1,20270213,1,20270214,1,20270220,1,20270221,1,20270227,1,20270228,1,20270306,1,20270307,1,20270313,1,20270314,1,20270320,1,20270321,1,20270327,1,20270328,1,20270403,1,20270404,1,20270410,1,20270411,1,20270417,1,20270418,1,20270424,1,20270425,1,20270501,1,20270502,1,20270508,1,20270509,1,20270515,1,20270516,1,20270522,1,20270523,1,20270529,1,20270530,1,20270605,1,20270606,1,20270612,1,20270613,1,20270619,1,20270620,1,20270626,1,20270627,1,20270703,1,20270704,1,20270710,1,20270711,1,20270717,1,20270718,1,20270724,1,20270725,1,20270731,1,20270801,1,20270807,1,20270808,1,20270814,1,20270815,1,20270821,1,20270822,1,20270828,1,20270829,1,20270904,1,20270905,1,20270911,1,20270912,1,20270918,1,20270919,1,20270925,1,20270926,1,20271002,1,20271003,1,20271009,1,20271010,1,20271016,1,20271017,1,20271023,1,20271024,1,20271030,1,20271031,1,20271106,1,20271107,1,20271113,1,20271114,1,20271120,1,20271121,1,20271127,1,20271128,1,20271204,1,20271205,1,20271211,1,20271212,1,20271218,1,20271219,1,20271225,1,20271226,1,20280101,1
'1471245',20261010,1,20261011,1,20261017,1,20261018,1,20261024,1,20261025,1,20261031,1,20261101,1,20261107,1,20261108,1,20261114,1,20261115,1,20261121,1,20261122,1,20261128,1,20261129,1,20261205,1,20261206,1,20261212,1,20261213,1,20261219,1,20261220,1,20261226,1,20261227,1,20270102,1,20270103,1,20270109,1,20270110,1,20270116,1,20270117,1,20270123,1,20270124,1,20270130,1,20270131,1,20270206,1,20270207,1,20270213,1,20270214,1,20270220,1,20270221,1,20270227,1,20270228,1,20270306,1,20270307,1,20270313,1,20270314,1,20270320,1,20270321,1,20270327,1,20270328,1,20270403,1,20270404,1,20270410,1,20270411,1,20270417,1,20270418,1,20270424,1,20270425,1,20270501,1,20270502,1,20270508,1,20270509,1,20270515,1,20270516,1,20270522,1,20270523,1,20270529,1,20270530,1,20270605,1,20270606,1,20270612,1,20270613,1,20270619,1,20270620,1,20270626,1,20270627,1,20270703,1,20270704,1,20270710,1,20270711,1,20270717,1,20270718,1,20270724,1,20270725,1,20270731,1,20270801,1,20270807,1,20270808,1,20270814,1,20270815,1,20270821,1,20270822,1,20270828,1,20270829,1,20270904,1,20270905,1,20270911,1,20270912,1,20270918,1,20270919,1,20270925,1,20270926,1,20271002,1,20271003,1,20271009,1,20271010,1,20271016,1,20271017,1,20271023,1,20271024,1,20271030,1,20271031,1,20271106,1,20271107,1,20271113,1,20271114,1,20271120,1,20271121,1,20271127,1,20271128,1,20271204,1,20271205,1,20271211,1,20271212,1,20271218,1,20271219,1,20271225,1,20271226,1,20280101,1
'1471246',20261010,1,20261011,1,20261017,1,20261018,1,20261024,1,20261025,1,20261031,1,20261101,1,20261107,1,20261108,1,20261114,1,20261115,1,20261121,1,20261122,1,20261128,1,20261129,1,20261205,1,20261206,1,20261212,1,20261213,1,20261219,1,20261220,1,20261226,1,20261227,1,20270102,1,20270103,1,20270109,1,20270110,1,20270116,1,20270117,1,20270123,1,20270124,1,20270130,1,20270131,1,20270206,1,20270207,1,20270213,1,20270214,1,20270220,1,20270221,1,20270227,1,20270228,1,20270306,1,20270307,1,20270313,1,20270314,1,20270320,1,20270321,1,20270327,1,20270328,1,20270403,1,20270404,1,20270410,1,20270411,1,20270417,1,20270418,1,20270424,1,20270425,1,20270501,1,20270502,1,20270508,1,20270509,1,20270515,1,20270516,1,20270522,1,20270523,1,20270529,1,20270530,1,20270605,1,20270606,1,20270612,1,20270613,1,20270619,1,20270620,1,20270626,1,20270627,1,20270703,1,20270704,1,20270710,1,20270711,1,20270717,1,20270718,1,20270724,1,20270725,1,20270731,1,20270801,1,20270807,1,20270808,1,20270814,1,20270815,1,20270821,1,20270822,1,20270828,1,20270829,1,20270904,1,20270905,1,20270911,1,20270912,1,20270918,1,20270919,1,20270925,1,20270926,1,20271002,1,20271003,1,20271009,1,20271010,1,20271016,1,20271017,1,20271023,1,20271024,1,20271030,1,20271031,1,20271106,1,20271107,1,20271113,1,20271114,1,20271120,1,20271121,1,20271127,1,20271128,1,20271204,1,20271205,1,20271211,1,20271212,1,20271218,1,20271219,1,20271225,1,20271226,1,20280101,1
'1471247',20261010,1,20261011,1,20261017,1,20261018,1,20261024,1,20261025,1,20261031,1,20261101,1,20261107,1,20261108,1,20261114,1,20261115,1,20261121,1,20261122,1,20261128,1,20261129,1,20261205,1,20261206,1,20261212,1,20261213,1,20261219,1,20261220,1,20261226,1,20261227,1,20270102,1,20270103,1,20270109,1,20270110,1,20270116,1,20270117,1,20270123,1,20270124,1,20270130,1,20270131,1,20270206,1,20270207,1,20270213,1,20270214,1,20270220,1,20270221,1,20270227,1,20270228,1,20270306,1,20270307,1,20270313,1,20270314,1,20270320,1,20270321,1,20270327,1,20270328,1,20270403,1,20270404,1,20270410,1,20270411,1,20270417,1,20270418,1,20270424,1,20270425,1,20270501,1,20270502,1,20270508,1,20270509,1,20270515,1,20270516,1,20270522,1,20270523,1,20270529,1,20270530,1,20270605,1,20270606,1,20270612,1,20270613,1,20270619,1,20270620,1,20270626,1,20270627,1,20270703,1,20270704,1,20270710,1,20270711,1,20270717,1,20270718,1,20270724,1,20270725,1,20270731,1,20270801,1,20270807,1,20270808,1,20270814,1,20270815,1,20270821,1,20270822,1,20270828,1,20270829,1,20270904,1,20270905,1,20270911,1,20270912,1,20270918,1,20270919,1,20270925,1,20270926,1,20271002,1,20271003,1,20271009,1,20271010,1,20271016,1,20271017,1,20271023,1,20271024,1,20271030,1,20271031,1,20271106,1,20271107,1,20271113,1,20271114,1,20271120,1,20271121,1,20271127,1,20271128,1,20271204,1,20271205,1,20271211,1,20271212,1,20271218,1,20271219,1,20271225,1,20271226,1,20280101,1
'1471248',20261010,1,20261011,1,20261017,1,20261018,1,20261024,1,20261025,1,20261031,1,20261101,1,20261107,1,20261108,1,20261114,1,20261115,1,20261121,1,20261122,1,20261128,1,20261129,1,20261205,1,20261206,1,20261212,1,20261213,1,20261219,1,20261220,1,20261226,1,20261227,1,20270102,1,20270103,1,20270109,1,20270110,1,20270116,1,20270117,1,20270123,1,20270124,1,20270130,1,20270131,1,20270206,1,20270207,1,20270213,1,20270214,1,20270220,1,20270221,1,20270227,1,20270228,1,20270306,1,20270307,1,20270313,1,20270314,1,20270320,1,20270321,1,20270327,1,20270328,1,20270403,1,20270404,1,20270410,1,20270411,1,20270417,1,20270418,1,20270424,1,20270425,1,20270501,1,20270502,1,20270508,1,20270509,1,20270515,1,20270516,1,20270522,1,20270523,1,20270529,1,20270530,1,20270605,1,20270606,1,20270612,1,20270613,1,20270619,1,20270620,1,20270626,1,20270627,1,20270703,1,20270704,1,20270710,1,20270711,1,20270717,1,20270718,1,20270724,1,20270725,1,20270731,1,20270801,1,20270807,1,20270808,1,20270814,1,20270815,1,20270821,1,20270822,1,20270828,1,20270829,1,20270904,1,20270905,1,20270911,1,20270912,1,20270918,1,20270919,1,20270925,1,20270926,1,20271002,1,20271003,1,20271009,1,20271010,1,20271016,1,20271017,1,20271023,1,20271024,1,20271030,1,20271031,1,20271106,1,20271107,1,20271113,1,20271114,1,20271120,1,20271121,1,20271127,1,20271128,1,20271204,1,20271205,1,20271211,1,20271212,1,20271218,1,20271219,1,20271225,1,20271226,1,20280101,1
'1471249',20261010,1,20261011,1,20261017,1,20261018,1,20261024,1,20261025,1,20261031,1,20261101,1,20261107,1,20261108,1,20261114,1,20261115,1,20261121,1,20261122,1,20261128,1,20261129,1,20261205,1,20261206,1,20261212,1,20261213,1,20261219,1,20261220,1,20261226,1,20261227,1,20270102,1,20270103,1,20270109,1,20270110,1,20270116,1,20270117,1,20270123,1,20270124,1,20270130,1,20270131,1,20270206,1,20270207,1,20270213,1,20270214,1,20270220,1,20270221,1,20270227,1,20270228,1,20270306,1,20270307,1,20270313,1,20270314,1,20270320,1,20270321,1,20270327,1,20270328,1,20270403,1,20270404,1,20270410,1,20270411,1,20270417,1,20270418,1,20270424,1,20270425,1,20270501,1,20270502,1,20270508,1,20270509,1,20270515,1,20270516,1,20270522,1,20270523,1,20270529,1,20270530,1,20270605,1,20270606,1,20270612,1,20270613,1,20270619,1,20270620,1,20270626,1,20270627,1,20270703,1,20270704,1,20270710,1,20270711,1,20270717,1,20270718,1,20270724,1,20270725,1,20270731,1,20270801,1,20270807,1,20270808,1,20270814,1,20270815,1,20270821,1,20270822,1,20270828,1,20270829,1,20270904,1,20270905,1,20270911,1,20270912,1,20270918,1,20270919,1,20270925,1,20270926,1,20271002,1,20271003,1,20271009,1,20271010,1,20271016,1,20271017,1,20271023,1,20271024,1,20271030,1,20271031,1,20271106,1,20271107,1,20271113,1,20271114,1,20271120,1,20271121,1,20271127,1,20271128,1,20271204,1,20271205,1,20271211,1,20271212,1,20271218,1,20271219,1,20271225,1,20271226,1,20280101,1
'1471250',20261010,1,20261011,1,20261017,1,20261018,1,20261024,1,20261025,1,20261031,1,20261101,1,20261107,1,20261108,1,20261114,1,20261115,1,20261121,1,20261122,1,20261128,1,20261129,1,20261205,1,20261206,1,20261212,1,20261213,1,20261219,1,20261220,1,20261226,1,20261227,1,20270102,1,20270103,1,20270109,1,20270110,1,20270116,1,20270117,1,20270123,1,20270124,1,20270130,1,20270131,1,20270206,1,20270207,1,20270213,1,20270214,1,20270220,1,20270221,1,20270227,1,20270228,1,20270306,1,20270307,1,20270313,1,20270314,1,20270320,1,20270321,1,20270327,1,20270328,1,20270403,1,20270404,1,20270410,1,20270411,1,20270417,1,20270418,1,20270424,1,20270425,1,20270501,1,20270502,1,20270508,1,20270509,1,20270515,1,20270516,1,20270522,1,20270523,1,20270529,1,20270530,1,20270605,1,20270606,1,20270612,1,20270613,1,20270619,1,20270620,1,20270626,1,20270627,1,20270703,1,20270704,1,20270710,1,20270711,1,20270717,1,20270718,1,20270724,1,20270725,1,20270731,1,20270801,1,20270807,1,20270808,1,20270814,1,20270815,1,20270821,1,20270822,1,20270828,1,20270829,1,20270904,1,20270905,1,20270911,1,20270912,1,20270918,1,20270919,1,20270925,1,20270926,1,20271002,1,20271003,1,20271009,1,20271010,1,20271016,1,20271017,1,20271023,1,20271024,1,20271030,1,20271031,1,20271106,1,20271107,1,20271113,1,20271114,1,20271120,1,20271121,1,20271127,1,20271128,1,20271204,1,20271205,1,20271211,1,20271212,1,20271218,1,20271219,1,20271225,1,20271226,1,20280101,1
'1471251',20261010,1,20261011,1,20261017,1,20261018,1,20261024,1,20261025,1,20261031,1,20261101,1,20261107,1,20261108,1,20261114,1,20261115,1,20261121,1,20261122,1,20261128,1,20261129,1,20261205,1,20261206,1,20261212,1,20261213,1,20261219,1,20261220,1,20261226,1,20261227,1,20270102,1,20270103,1,20270109,1,20270110,1,20270116,1,20270117,1,20270123,1,20270124,1,20270130,1,20270131,1,20270206,1,20270207,1,20270213,1,20270214,1,20270220,1,20270221,1,20270227,1,20270228,1,20270306,1,20270307,1,20270313,1,20270314,1,20270320,1,20270321,1,20270327,1,20270328,1,20270403,1,20270404,1,20270410,1,20270411,1,20270417,1,20270418,1,20270424,1,20270425,1,20270501,1,20270502,1,20270508,1,20270509,1,20270515,1,20270516,1,20270522,1,20270523,1,20270529,1,20270530,1,20270605,1,20270606,1,20270612,1,20270613,1,20270619,1,20270620,1,20270626,1,20270627,1,20270703,1,20270704,1,20270710,1,20270711,1,20270717,1,20270718,1,20270724,1,20270725,1,20270731,1,20270801,1,20270807,1,20270808,1,20270814,1,20270815,1,20270821,1,20270822,1,20270828,1,20270829,1,20270904,1,20270905,1,20270911,1,20270912,1,20270918,1,20270919,1,20270925,1,20270926,1,20271002,1,20271003,1,20271009,1,20271010,1,20271016,1,20271017,1,20271023,1,20271024,1,20271030,1,20271031,1,20271106,1,20271107,1,20271113,1,20271114,1,20271120,1,20271121,1,20271127,1,20271128,1,20271204,1,20271205,1,20271211,1,20271212,1,20271218,1,20271219,1,20271225,1,20271226,1,20280101,1
'1471252',20261010,1,20261011,1,20261017,1,20261018,1,20261024,1,20261025,1,20261031,1,20261101,1,20261107,1,20261108,1,20261114,1,20261115,1,20261121,1,20261122,1,20261128,1,20261129,1,20261205,1,20261206,1,20261212,1,20261213,1,20261219,1,20261220,1,20261226,1,20261227,1,20270102,1,20270103,1,20270109,1,20270110,1,20270116,1,20270117,1,20270123,1,20270124,1,20270130,1,20270131,1,20270206,1,20270207,1,20270213,1,20270214,1,20270220,1,20270221,1,20270227,1,20270228,1,20270306,1,20270307,1,20270313,1,20270314,1,20270320,1,20270321,1,20270327,1,20270328,1,20270403,1,20270404,1,20270410,1,20270411,1,20270417,1,20270418,1,20270424,1,20270425,1,20270501,1,20270502,1,20270508,1,20270509,1,20270515,1,20270516,1,20270522,1,20270523,1,20270529,1,20270530,1,20270605,1,20270606,1,20270612,1,20270613,1,20270619,1,20270620,1,20270626,1,20270627,1,20270703,1,20270704,1,20270710,1,20270711,1,20270717,1,20270718,1,20270724,1,20270725,1,20270731,1,20270801,1,20270807,1,20270808,1,20270814,1,20270815,1,20270821,1,20270822,1,20270828,1,20270829,1,20270904,1,20270905,1,20270911,1,20270912,1,20270918,1,20270919,1,20270925,1,20270926,1,20271002,1,20271003,1,20271009,1,20271010,1,20271016,1,20271017,1,20271023,1,20271024,1,20271030,1,20271031,1,20271106,1,20271107,1,20271113,1,20271114,1,20271120,1,20271121,1,20271127,1,20271128,1,20271204,1,20271205,1,20271211,1,20271212,1,20271218,1,20271219,1,20271225,1,20271226,1,20280101,1
'1471253',20261010,1,20261011,1,20261017,1,20261018,1,20261024,1,20261025,1,20261031,1,20261101,1,20261107,1,20261108,1,20261114,1,20261115,1,20261121,1,20261122,1,20261128,1,20261129,1,20261205,1,20261206,1,20261212,1,20261213,1,20261219,1,20261220,1,20261226,1,20261227,1,20270102,1,20270103,1,20270109,1,20270110,1,20270116,1,20270117,1,20270123,1,20270124,1,20270130,1,20270131,1,20270206,1,20270207,1,20270213,1,20270214,1,20270220,1,20270221,1,20270227,1,20270228,1,20270306,1,20270307,1,20270313,1,20270314,1,20270320,1,20270321,1,20270327,1,20270328,1,20270403,1,20270404,1,20270410,1,20270411,1,20270417,1,20270418,1,20270424,1,20270425,1,20270501,1,20270502,1,20270508,1,20270509,1,20270515,1,20270516,1,20270522,1,20270523,1,20270529,1,20270530,1,20270605,1,20270606,1,20270612,1,20270613,1,20270619,1,20270620,1,20270626,1,20270627,1,20270703,1,20270704,1,20270710,1,20270711,1,20270717,1,20270718,1,20270724,1,20270725,1,20270731,1,20270801,1,20270807,1,20270808,1,20270814,1,20270815,1,20270821,1,20270822,1,20270828,1,20270829,1,20270904,1,20270905,1,20270911,1,20270912,1,20270918,1,20270919,1,20270925,1,20270926,1,20271002,1,20271003,1,20271009,1,20271010,1,20271016,1,20271017,1,20271023,1,20271024,1,20271030,1,20271031,1,20271106,1,20271107,1,20271113,1,20271114,1,20271120,1,20271121,1,20271127,1,20271128,1,20271204,1,20271205,1,20271211,1,20271212,1,20271218,1,20271219,1,20271225,1,20271226,1,20280101,1
'1471254',20261010,1,20261017,1,20261024,1,20261031,1,20261107,1,20261114,1,20261121,1,20261128,1,20261205,1,20261212,1,20261219,1,20261226,1,20270102,1,20270109,1,20270116,1,20270123,1,20270130,1,20270206,1,20270213,1,20270220,1,20270227,1,20270306,1,20270313,1,20270320,1,20270327,1,20270403,1,20270410,1,20270417,1,20270424,1,20270501,1,20270508,1,20270515,1,20270522,1,20270529,1,20270605,1,20270612,1,20270619,1,20270626,1,20270703,1,20270710,1,20270717,1,20270724,1,20270731,1,20270807,1,20270814,1,20270821,1,20270828,1,20270904,1,20270911,1,20270918,1,20270925,1,20271002,1,20271009,1,20271016,1,20271023,1,20271030,1,20271106,1,20271113,1,20271120,1,20271127,1,20271204,1,20271211,1,20271218,1,20271225,1,20280101,1
'1471255',20261010,1,20261017,1,20261024,1,20261031,1,20261107,1,20261114,1,20261121,1,20261128,1,20261205,1,20261212,1,20261219,1,20261226,1,20270102,1,20270109,1,20270116,1,20270123,1,20270130,1,20270206,1,20270213,1,20270220,1,20270227,1,20270306,1,20270313,1,20270320,1,20270327,1,20270403,1,20270410,1,20270417,1,20270424,1,20270501,1,20270508,1,20270515,1,20270522,1,20270529,1,20270605,1,20270612,1,20270619,1,20270626,1,20270703,1,20270710,1,20270717,1,20270724,1,20270731,1,20270807,1,20270814,1,20270821,1,20270828,1,20270904,1,20270911,1,20270918,1,20270925,1,20271002,1,20271009,1,20271016,1,20271023,1,20271030,1,20271106,1,20271113,1,20271120,1,20271127,1,20271204,1,20271211,1,20271218,1,20271225,1,20280101,1
'1471256',20261010,1,20261017,1,20261024,1,20261031,1,20261107,1,20261114,1,20261121,1,20261128,1,20261205,1,20261212,1,20261219,1,20261226,1,20270102,1,20270109,1,20270116,1,20270123,1,20270130,1,20270206,1,20270213,1,20270220,1,20270227,1,20270306,1,20270313,1,20270320,1,20270327,1,20270403,1,20270410,1,20270417,1,20270424,1,20270501,1,20270508,1,20270515,1,20270522,1,20270529,1,20270605,1,20270612,1,20270619,1,20270626,1,20270703,1,20270710,1,20270717,1,20270724,1,20270731,1,20270807,1,20270814,1,20270821,1,20270828,1,20270904,1,20270911,1,20270918,1,20270925,1,20271002,1,20271009,1,20271016,1,20271023,1,20271030,1,20271106,1,20271113,1,20271120,1,20271127,1,20271204,1,20271211,1,20271218,1,20271225,1,20280101,1
'1471257',20261010,1,20261017,1,20261024,1,20261031,1,20261107,1,20261114,1,20261121,1,20261128,1,20261205,1,20261212,1,20261219,1,20261226,1,20270102,1,20270109,1,20270116,1,20270123,1,20270130,1,20270206,1,20270213,1,20270220,1,20270227,1,20270306,1,20270313,1,20270320,1,20270327,1,20270403,1,20270410,1,20270417,1,20270424,1,20270501,1,20270508,1,20270515,1,20270522,1,20270529,1,20270605,1,20270612,1,20270619,1,20270626,1,20270703,1,20270710,1,20270717,1,20270724,1,20270731,1,20270807,1,20270814,1,20270821,1,20270828,1,20270904,1,20270911,1,20270918,1,20270925,1,20271002,1,20271009,1,20271016,1,20271023,1,20271030,1,20271106,1,20271113,1,20271120,1,20271127,1,20271204,1,20271211,1,20271218,1,20271225,1,20280101,1
'1471258',20261010,1,20261017,1,20261024,1,20261031,1,20261107,1,20261114,1,20261121,1,20261128,1,20261205,1,20261212,1,20261219,1,20261226,1,20270102,1,20270109,1,20270116,1,20270123,1,20270130,1,20270206,1,20270213,1,20270220,1,20270227,1,20270306,1,20270313,1,20270320,1,20270327,1,20270403,1,20270410,1,20270417,1,20270424,1,20270501,1,20270508,1,20270515,1,20270522,1,20270529,1,20270605,1,20270612,1,20270619,1,20270626,1,20270703,1,20270710,1,20270717,1,20270724,1,20270731,1,20270807,1,20270814,1,20270821,1,20270828,1,20270904,1,20270911,1,20270918,1,20270925,1,20271002,1,20271009,1,20271016,1,20271023,1,20271030,1,20271106,1,20271113,1,20271120,1,20271127,1,20271204,1,20271211,1,20271218,1,20271225,1,20280101,1
'1471259',20261010,1,20261017,1,20261024,1,20261031,1,20261107,1,20261114,1,20261121,1,20261128,1,20261205,1,20261212,1,20261219,1,20261226,1,20270102,1,20270109,1,20270116,1,20270123,1,20270130,1,20270206,1,20270213,1,20270220,1,20270227,1,20270306,1,20270313,1,20270320,1,20270327,1,20270403,1,20270410,1,20270417,1,20270424,1,20270501,1,20270508,1,20270515,1,20270522,1,20270529,1,20270605,1,20270612,1,20270619,1,20270626,1,20270703,1,20270710,1,20270717,1,20270724,1,20270731,1,20270807,1,20270814,1,20270821,1,20270828,1,20270904,1,20270911,1,20270918,1,20270925,1,20271002,1,20271009,1,20271016,1,20271023,1,20271030,1,20271106,1,20271113,1,20271120,1,20271127,1,20271204,1,20271211,1,20271218,1,20271225,1,20280101,1
'1471260',20261010,1,20261017,1,20261024,1,20261031,1,20261107,1,20261114,1,20261121,1,20261128,1,20261205,1,20261212,1,20261219,1,20261226,1,20270102,1,20270109,1,20270116,1,20270123,1,20270130,1,20270206,1,20270213,1,20270220,1,20270227,1,20270306,1,20270313,1,20270320,1,20270327,1,20270403,1,20270410,1,20270417,1,20270424,1,20270501,1,20270508,1,20270515,1,20270522,1,20270529,1,20270605,1,20270612,1,20270619,1,20270626,1,20270703,1,20270710,1,20270717,1,20270724,1,20270731,1,20270807,1,20270814,1,20270821,1,20270828,1,20270904,1,20270911,1,20270918,1,20270925,1,20271002,1,20271009,1,20271016,1,20271023,1,20271030,1,20271106,1,20271113,1,20271120,1,20271127,1,20271204,1,20271211,1,20271218,1,20271225,1,20280101,1
'1471628',20261010,1,20261017,1,20261024,1,20261031,1,20261107,1,20261114,1,20261121,1,20261128,1,20261205,1,20261212,1,20261219,1,20261226,1,20270102,1,20270109,1,20270116,1,20270123,1,20270130,1,20270206,1,20270213,1,20270220,1,20270227,1,20270306,1,20270313,1,20270320,1,20270327,1,20270403,1,20270410,1,20270417,1,20270424,1,20270501,1,20270508,1,20270515,1,20270522,1,20270529,1,20270605,1,20270612,1,20270619,1,20270626,1,20270703,1,20270710,1,20270717,1,20270724,1,20270731,1,20270807,1,20270814,1,20270821,1,20270828,1,20270904,1,20270911,1,20270918,1,20270925,1,20271002,1,20271009,1,20271016,1,20271023,1,20271030,1,20271106,1,20271113,1,20271120,1,20271127,1,20271204,1,20271211,1,20271218,1,20271225,1,20280101,1
'1474998',20261008,1,20261009,1,20261012,1,20261013,1,20261014,1,20261015,1,20261016,1,20261019,1,20261020,1,20261021,1,20261022,1,20261023,1,20261026,1,20261027,1,20261028,1,20261029,1,20261030,1,20261102,1,20261103,1,20261104,1,20261105,1,20261106,1,20261109,1,20261110,1,20261111,1,20261112,1,20261113,1,20261116,1,20261117,1,20261118,1,20261119,1,20261120,1,20261123,1,20261124,1,20261125,1,20261126,1,20261127,1,20261130,1,20261201,1,20261202,1,20261203,1,20261204,1,20261207,1,20261208,1,20261209,1,20261210,1,20261211,1,20261214,1,20261215,1,20261216,1,20261217,1,20261218,1,20261221,1,20261222,1,20261223,1,20261224,1,20261225,1,20261228,1,20261229,1,20261230,1,20261231,1,20270101,1,20270104,1,20270105,1,20270106,1,20270107,1,20270108,1,20270111,1,20270112,1,20270113,1,20270114,1,20270115,1,20270118,1,20270119,1,20270120,1,20270121,1,20270122,1,20270125,1,20270126,1,20270127,1,20270128,1,20270129,1,20270201,1,20270202,1,20270203,1,20270204,1,20270205,1,20270208,1,20270209,1,20270210,1,20270211,1,20270212,1,20270215,1,20270216,1,20270217,1,20270218,1,20270219,1,20270222,1,20270223,1,20270224,1,20270225,1,20270226,1,20270301,1,20270302,1,20270303,1,20270304,1,20270305,1,20270308,1,20270309,1,20270310,1,20270311,1,20270312,1,20270315,1,20270316,1,20270317,1,20270318,1,20270319,1,20270322,1,20270323,1,20270324,1,20270325,1,20270326,1,20270329,1,20270330,1,20270331,1,20270401,1,20270402,1,20270405,1,20270406,1,20270407,1,20270408,1,20270409,1,20270412,1,20270413,1,20270414,1,20270415,1,20270416,1,20270419,1,20270420,1,20270421,1,20270422,1,20270423,1,20270426,1,20270427,1,20270428,1,20270429,1,20270430,1,20270503,1,20270504,1,20270505,1,20270506,1,20270507,1,20270510,1,20270511,1,20270512,1,20270513,1,20270514,1,20270517,1,20270518,1,20270519,1,20270520,1,20270521,1,20270524,1,20270525,1,20270526,1,20270527,1,20270528,1,20270531,1,20270601,1,20270602,1,20270603,1,20270604,1,20270607,1,20270608,1,20270609,1,20270610,1,20270611,1,20270614,1,20270615,1,20270616,1,20270617,1,20270618,1,20270621,1,20270622,1,20270623,1,20270624,1,20270625,1,20270628,1,20270629,1,20270630,1,20270701,1,20270702,1,20270705,1,20270706,1,20270707,1,20270708,1,20270709,1,20270712,1,20270713,1,20270714,1,20270715,1,20270716,1,20270719,1,20270720,1,20270721,1,20270722,1,20270723,1,20270726,1,20270727,1,20270728,1,20270729,1,20270730,1,20270802,1,20270803,1,20270804,1,20270805,1,20270806,1,20270809,1,20270810,1,20270811,1,20270812,1,20270813,1,20270816,1,20270817,1,20270818,1,20270819,1,20270820,1,20270823,1,20270824,1,20270825,1,20270826,1,20270827,1,20270830,1,20270831,1,20270901,1,20270902,1,20270903,1,20270906,1,20270907,1,20270908,1,20270909,1,20270910,1,20270913,1,20270914,1,20270915,1,20270916,1,20270917,1,20270920,1,20270921,1,20270922,1,20270923,1,20270924,1,20270927,1,20270928,1,20270929,1,20270930,1,20271001,1,20271004,1,20271005,1,20271006,1,20271007,1,20271008,1,20271011,1,20271012,1,20271013,1,20271014,1,20271015,1,20271018,1,20271019,1,20271020,1,20271021,1,20271022,1,20271025,1,20271026,1,20271027,1,20271028,1,20271029,1,20271101,1,20271102,1,20271103,1,20271104,1,20271105,1,20271108,1,20271109,1,20271110,1,20271111,1,20271112,1,20271115,1,20271116,1,20271117,1,20271118,1,20271119,1,20271122,1,20271123,1,20271124,1,20271125,1,20271126,1,20271129,1,20271130,1,20271201,1,20271202,1,20271203,1,20271206,1,20271207,1,20271208,1,20271209,1,20271210,1,20271213,1,20271214,1,20271215,1,20271216,1,20271217,1,20271220,1,20271221,1,20271222,1,20271223,1,20271224,1,20271227,1,20271228,1,20271229,1,20271230,1,20271231,1
'1474999',20261008,1,20261009,1,20261012,1,20261013,1,20261014,1,20261015,1,20261016,1,20261019,1,20261020,1,20261021,1,20261022,1,20261023,1,20261026,1,20261027,1,20261028,1,20261029,1,20261030,1,20261102,1,20261103,1,20261104,1,20261105,1,20261106,1,20261109,1,20261110,1,20261111,1,20261112,1,20261113,1,20261116,1,20261117,1,20261118,1,20261119,1,20261120,1,20261123,1,20261124,1,20261125,1,20261126,1,20261127,1,20261130,1,20261201,1,20261202,1,20261203,1,20261204,1,20261207,1,20261208,1,20261209,1,20261210,1,20261211,1,20261214,1,20261215,1,20261216,1,20261217,1,20261218,1,20261221,1,20261222,1,20261223,1,20261224,1,20261225,1,20261228,1,20261229,1,20261230,1,20261231,1,20270101,1,20270104,1,20270105,1,20270106,1,20270107,1,20270108,1,20270111,1,20270112,1,20270113,1,20270114,1,20270115,1,20270118,1,20270119,1,20270120,1,20270121,1,20270122,1,20270125,1,20270126,1,20270127,1,20270128,1,20270129,1,20270201,1,20270202,1,20270203,1,20270204,1,20270205,1,20270208,1,20270209,1,20270210,1,20270211,1,20270212,1,20270215,1,20270216,1,20270217,1,20270218,1,20270219,1,20270222,1,20270223,1,20270224,1,20270225,1,20270226,1,20270301,1,20270302,1,20270303,1,20270304,1,20270305,1,20270308,1,20270309,1,20270310,1,20270311,1,20270312,1,20270315,1,20270316,1,20270317,1,20270318,1,20270319,1,20270322,1,20270323,1,20270324,1,20270325,1,20270326,1,20270329,1,20270330,1,20270331,1,20270401,1,20270402,1,20270405,1,20270406,1,20270407,1,20270408,1,20270409,1,20270412,1,20270413,1,20270414,1,20270415,1,20270416,1,20270419,1,20270420,1,20270421,1,20270422,1,20270423,1,20270426,1,20270427,1,20270428,1,20270429,1,20270430,1,20270503,1,20270504,1,20270505,1,20270506,1,20270507,1,20270510,1,20270511,1,20270512,1,20270513,1,20270514,1,20270517,1,20270518,1,20270519,1,20270520,1,20270521,1,20270524,1,20270525,1,20270526,1,20270527,1,20270528,1,20270531,1,20270601,1,20270602,1,20270603,1,20270604,1,20270607,1,20270608,1,20270609,1,20270610,1,20270611,1,20270614,1,20270615,1,20270616,1,20270617,1,20270618,1,20270621,1,20270622,1,20270623,1,20270624,1,20270625,1,20270628,1,20270629,1,20270630,1,20270701,1,20270702,1,20270705,1,20270706,1,20270707,1,20270708,1,20270709,1,20270712,1,20270713,1,20270714,1,20270715,1,20270716,1,20270719,1,20270720,1,20270721,1,20270722,1,20270723,1,20270726,1,20270727,1,20270728,1,20270729,1,20270730,1,20270802,1,20270803,1,20270804,1,20270805,1,20270806,1,20270809,1,20270810,1,20270811,1,20270812,1,20270813,1,20270816,1,20270817,1,20270818,1,20270819,1,20270820,1,20270823,1,20270824,1,20270825,1,20270826,1,20270827,1,20270830,1,20270831,1,20270901,1,20270902,1,20270903,1,20270906,1,20270907,1,20270908,1,20270909,1,20270910,1,20270913,1,20270914,1,20270915,1,20270916,1,20270917,1,20270920,1,20270921,1,20270922,1,20270923,1,20270924,1,20270927,1,20270928,1,20270929,1,20270930,1,20271001,1,20271004,1,20271005,1,20271006,1,20271007,1,20271008,1,20271011,1,20271012,1,20271013,1,20271014,1,20271015,1,20271018,1,20271019,1,20271020,1,20271021,1,20271022,1,20271025,1,20271026,1,20271027,1,20271028,1,20271029,1,20271101,1,20271102,1,20271103,1,20271104,1,20271105,1,20271108,1,20271109,1,20271110,1,20271111,1,20271112,1,20271115,1,20271116,1,20271117,1,20271118,1,20271119,1,20271122,1,20271123,1,20271124,1,20271125,1,20271126,1,20271129,1,20271130,1,20271201,1,20271202,1,20271203,1,20271206,1,20271207,1,20271208,1,20271209,1,20271210,1,20271213,1,20271214,1,20271215,1,20271216,1,20271217,1,20271220,1,20271221,1,20271222,1,20271223,1,20271224,1,20271227,1,20271228,1,20271229,1,20271230,1,20271231,1
'1475000',20261008,1,20261009,1,20261012,1,20261013,1,20261014,1,20261015,1,20261016,1,20261019,1,20261020,1,20261021,1,20261022,1,20261023,1,20261026,1,20261027,1,20261028,1,20261029,1,20261030,1,20261102,1,20261103,1,20261104,1,20261105,1,20261106,1,20261109,1,20261110,1,20261111,1,20261112,1,20261113,1,20261116,1,20261117,1,20261118,1,20261119,1,20261120,1,20261123,1,20261124,1,20261125,1,20261126,1,20261127,1,20261130,1,20261201,1,20261202,1,20261203,1,20261204,1,20261207,1,20261208,1,20261209,1,20261210,1,20261211,1,20261214,1,20261215,1,20261216,1,20261217,1,20261218,1,20261221,1,20261222,1,20261223,1,20261224,1,20261225,1,20261228,1,20261229,1,20261230,1,20261231,1,20270101,1,20270104,1,20270105,1,20270106,1,20270107,1,20270108,1,20270111,1,20270112,1,20270113,1,20270114,1,20270115,1,20270118,1,20270119,1,20270120,1,20270121,1,20270122,1,20270125,1,20270126,1,20270127,1,20270128,1,20270129,1,20270201,1,20270202,1,20270203,1,20270204,1,20270205,1,20270208,1,20270209,1,20270210,1,20270211,1,20270212,1,20270215,1,20270216,1,20270217,1,20270218,1,20270219,1,20270222,1,20270223,1,20270224,1,20270225,1,20270226,1,20270301,1,20270302,1,20270303,1,20270304,1,20270305,1,20270308,1,20270309,1,20270310,1,20270311,1,20270312,1,20270315,1,20270316,1,20270317,1,20270318,1,20270319,1,20270322,1,20270323,1,20270324,1,20270325,1,20270326,1,20270329,1,20270330,1,20270331,1,20270401,1,20270402,1,20270405,1,20270406,1,20270407,1,20270408,1,20270409,1,20270412,1,20270413,1,20270414,1,20270415,1,20270416,1,20270419,1,20270420,1,20270421,1,20270422,1,20270423,1,20270426,1,20270427,1,20270428,1,20270429,1,20270430,1,20270503,1,20270504,1,20270505,1,20270506,1,20270507,1,20270510,1,20270511,1,20270512,1,20270513,1,20270514,1,20270517,1,20270518,1,20270519,1,20270520,1,20270521,1,20270524,1,20270525,1,20270526,1,20270527,1,20270528,1,20270531,1,20270601,1,20270602,1,20270603,1,20270604,1,20270607,1,20270608,1,20270609,1,20270610,1,20270611,1,20270614,1,20270615,1,20270616,1,20270617,1,20270618,1,20270621,1,20270622,1,20270623,1,20270624,1,20270625,1,20270628,1,20270629,1,20270630,1,20270701,1,20270702,1,20270705,1,20270706,1,20270707,1,20270708,1,20270709,1,20270712,1,20270713,1,20270714,1,20270715,1,20270716,1,20270719,1,20270720,1,20270721,1,20270722,1,20270723,1,20270726,1,20270727,1,20270728,1,20270729,1,20270730,1,20270802,1,20270803,1,20270804,1,20270805,1,20270806,1,20270809,1,20270810,1,20270811,1,20270812,1,20270813,1,20270816,1,20270817,1,20270818,1,20270819,1,20270820,1,20270823,1,20270824,1,20270825,1,20270826,1,20270827,1,20270830,1,20270831,1,20270901,1,20270902,1,20270903,1,20270906,1,20270907,1,20270908,1,20270909,1,20270910,1,20270913,1,20270914,1,20270915,1,20270916,1,20270917,1,20270920,1,20270921,1,20270922,1,20270923,1,20270924,1,20270927,1,20270928,1,20270929,1,20270930,1,20271001,1,20271004,1,20271005,1,20271006,1,20271007,1,20271008,1,20271011,1,20271012,1,20271013,1,20271014,1,20271015,1,20271018,1,20271019,1,20271020,1,20271021,1,20271022,1,20271025,1,20271026,1,20271027,1,20271028,1,20271029,1,20271101,1,20271102,1,20271103,1,20271104,1,20271105,1,20271108,1,20271109,1,20271110,1,20271111,1,20271112,1,20271115,1,20271116,1,20271117,1,20271118,1,20271119,1,20271122,1,20271123,1,20271124,1,20271125,1,20271126,1,20271129,1,20271130,1,20271201,1,20271202,1,20271203,1,20271206,1,20271207,1,20271208,1,20271209,1,20271210,1,20271213,1,20271214,1,20271215,1,20271216,1,20271217,1,20271220,1,20271221,1,20271222,1,20271223,1,20271224,1,20271227,1,20271228,1,20271229,1,20271230,1,20271231,1
'1475001',20261008,1,20261009,1,20261012,1,20261013,1,20261014,1,20261015,1,20261016,1,20261019,1,20261020,1,20261021,1,20261022,1,20261023,1,20261026,1,20261027,1,20261028,1,20261029,1,20261030,1,20261102,1,20261103,1,20261104,1,20261105,1,20261106,1,20261109,1,20261110,1,20261111,1,20261112,1,20261113,1,20261116,1,20261117,1,20261118,1,20261119,1,20261120,1,20261123,1,20261124,1,20261125,1,20261126,1,20261127,1,20261130,1,20261201,1,20261202,1,20261203,1,20261204,1,20261207,1,20261208,1,20261209,1,20261210,1,20261211,1,20261214,1,20261215,1,20261216,1,20261217,1,20261218,1,20261221,1,20261222,1,20261223,1,20261224,1,20261225,1,20261228,1,20261229,1,20261230,1,20261231,1,20270101,1,20270104,1,20270105,1,20270106,1,20270107,1,20270108,1,20270111,1,20270112,1,20270113,1,20270114,1,20270115,1,20270118,1,20270119,1,20270120,1,20270121,1,20270122,1,20270125,1,20270126,1,20270127,1,20270128,1,20270129,1,20270201,1,20270202,1,20270203,1,20270204,1,20270205,1,20270208,1,20270209,1,20270210,1,20270211,1,20270212,1,20270215,1,20270216,1,20270217,1,20270218,1,20270219,1,20270222,1,20270223,1,20270224,1,20270225,1,20270226,1,20270301,1,20270302,1,20270303,1,20270304,1,20270305,1,20270308,1,20270309,1,20270310,1,20270311,1,20270312,1,20270315,1,20270316,1,20270317,1,20270318,1,20270319,1,20270322,1,20270323,1,20270324,1,20270325,1,20270326,1,20270329,1,20270330,1,20270331,1,20270401,1,20270402,1,20270405,1,20270406,1,20270407,1,20270408,1,20270409,1,20270412,1,20270413,1,20270414,1,20270415,1,20270416,1,20270419,1,20270420,1,20270421,1,20270422,1,20270423,1,20270426,1,20270427,1,20270428,1,20270429,1,20270430,1,20270503,1,20270504,1,20270505,1,20270506,1,20270507,1,20270510,1,20270511,1,20270512,1,20270513,1,20270514,1,20270517,1,20270518,1,20270519,1,20270520,1,20270521,1,20270524,1,20270525,1,20270526,1,20270527,1,20270528,1,20270531,1,20270601,1,20270602,1,20270603,1,20270604,1,20270607,1,20270608,1,20270609,1,20270610,1,20270611,1,20270614,1,20270615,1,20270616,1,20270617,1,20270618,1,20270621,1,20270622,1,20270623,1,20270624,1,20270625,1,20270628,1,20270629,1,20270630,1,20270701,1,20270702,1,20270705,1,20270706,1,20270707,1,20270708,1,20270709,1,20270712,1,20270713,1,20270714,1,20270715,1,20270716,1,20270719,1,20270720,1,20270721,1,20270722,1,20270723,1,20270726,1,20270727,1,20270728,1,20270729,1,20270730,1,20270802,1,20270803,1,20270804,1,20270805,1,20270806,1,20270809,1,20270810,1,20270811,1,20270812,1,20270813,1,20270816,1,20270817,1,20270818,1,20270819,1,20270820,1,20270823,1,20270824,1,20270825,1,20270826,1,20270827,1,20270830,1,20270831,1,20270901,1,20270902,1,20270903,1,20270906,1,20270907,1,20270908,1,20270909,1,20270910,1,20270913,1,20270914,1,20270915,1,20270916,1,20270917,1,20270920,1,20270921,1,20270922,1,20270923,1,20270924,1,20270927,1,20270928,1,20270929,1,20270930,1,20271001,1,20271004,1,20271005,1,20271006,1,20271007,1,20271008,1,20271011,1,20271012,1,20271013,1,20271014,1,20271015,1,20271018,1,20271019,1,20271020,1,20271021,1,20271022,1,20271025,1,20271026,1,20271027,1,20271028,1,20271029,1,20271101,1,20271102,1,20271103,1,20271104,1,20271105,1,20271108,1,20271109,1,20271110,1,20271111,1,20271112,1,20271115,1,20271116,1,20271117,1,20271118,1,20271119,1,20271122,1,20271123,1,20271124,1,20271125,1,20271126,1,20271129,1,20271130,1,20271201,1,20271202,1,20271203,1,20271206,1,20271207,1,20271208,1,20271209,1,20271210,1,20271213,1,20271214,1,20271215,1,20271216,1,20271217,1,20271220,1,20271221,1,20271222,1,20271223,1,20271224,1,20271227,1,20271228,1,20271229,1,20271230,1,20271231,1
'1475002',20261008,1,20261009,1,20261012,1,20261013,1,20261014,1,20261015,1,20261016,1,20261019,1,20261020,1,20261021,1,20261022,1,20261023,1,20261026,1,20261027,1,20261028,1,20261029,1,20261030,1,20261102,1,20261103,1,20261104,1,20261105,1,20261106,1,20261109,1,20261110,1,20261111,1,20261112,1,20261113,1,20261116,1,20261117,1,20261118,1,20261119,1,20261120,1,20261123,1,20261124,1,20261125,1,20261126,1,20261127,1,20261130,1,20261201,1,20261202,1,20261203,1,20261204,1,20261207,1,20261208,1,20261209,1,20261210,1,20261211,1,20261214,1,20261215,1,20261216,1,20261217,1,20261218,1,20261221,1,20261222,1,20261223,1,20261224,1,20261225,1,20261228,1,20261229,1,20261230,1,20261231,1,20270101,1,20270104,1,20270105,1,20270106,1,20270107,1,20270108,1,20270111,1,20270112,1,20270113,1,20270114,1,20270115,1,20270118,1,20270119,1,20270120,1,20270121,1,20270122,1,20270125,1,20270126,1,20270127,1,20270128,1,20270129,1,20270201,1,20270202,1,20270203,1,20270204,1,20270205,1,20270208,1,20270209,1,20270210,1,20270211,1,20270212,1,20270215,1,20270216,1,20270217,1,20270218,1,20270219,1,20270222,1,20270223,1,20270224,1,20270225,1,20270226,1,20270301,1,20270302,1,20270303,1,20270304,1,20270305,1,20270308,1,20270309,1,20270310,1,20270311,1,20270312,1,20270315,1,20270316,1,20270317,1,20270318,1,20270319,1,20270322,1,20270323,1,20270324,1,20270325,1,20270326,1,20270329,1,20270330,1,20270331,1,20270401,1,20270402,1,20270405,1,20270406,1,20270407,1,20270408,1,20270409,1,20270412,1,20270413,1,20270414,1,20270415,1,20270416,1,20270419,1,20270420,1,20270421,1,20270422,1,20270423,1,20270426,1,20270427,1,20270428,1,20270429,1,20270430,1,20270503,1,20270504,1,20270505,1,20270506,1,20270507,1,20270510,1,20270511,1,20270512,1,20270513,1,20270514,1,20270517,1,20270518,1,20270519,1,20270520,1,20270521,1,20270524,1,20270525,1,20270526,1,20270527,1,20270528,1,20270531,1,20270601,1,20270602,1,20270603,1,20270604,1,20270607,1,20270608,1,20270609,1,20270610,1,20270611,1,20270614,1,20270615,1,20270616,1,20270617,1,20270618,1,20270621,1,20270622,1,20270623,1,20270624,1,20270625,1,20270628,1,20270629,1,20270630,1,20270701,1,20270702,1,20270705,1,20270706,1,20270707,1,20270708,1,20270709,1,20270712,1,20270713,1,20270714,1,20270715,1,20270716,1,20270719,1,20270720,1,20270721,1,20270722,1,20270723,1,20270726,1,20270727,1,20270728,1,20270729,1,20270730,1,20270802,1,20270803,1,20270804,1,20270805,1,20270806,1,20270809,1,20270810,1,20270811,1,20270812,1,20270813,1,20270816,1,20270817,1,20270818,1,20270819,1,20270820,1,20270823,1,20270824,1,20270825,1,20270826,1,20270827,1,20270830,1,20270831,1,20270901,1,20270902,1,20270903,1,20270906,1,20270907,1,20270908,1,20270909,1,20270910,1,20270913,1,20270914,1,20270915,1,20270916,1,20270917,1,20270920,1,20270921,1,20270922,1,20270923,1,20270924,1,20270927,1,20270928,1,20270929,1,20270930,1,20271001,1,20271004,1,20271005,1,20271006,1,20271007,1,20271008,1,20271011,1,20271012,1,20271013,1,20271014,1,20271015,1,20271018,1,20271019,1,20271020,1,20271021,1,20271022,1,20271025,1,20271026,1,20271027,1,20271028,1,20271029,1,20271101,1,20271102,1,20271103,1,20271104,1,20271105,1,20271108,1,20271109,1,20271110,1,20271111,1,20271112,1,20271115,1,20271116,1,20271117,1,20271118,1,20271119,1,20271122,1,20271123,1,20271124,1,20271125,1,20271126,1,20271129,1,20271130,1,20271201,1,20271202,1,20271203,1,20271206,1,20271207,1,20271208,1,20271209,1,20271210,1,20271213,1,20271214,1,20271215,1,20271216,1,20271217,1,20271220,1,20271221,1,20271222,1,20271223,1,20271224,1,20271227,1,20271228,1,20271229,1,20271230,1,20271231,1
'1475003',20261008,1,20261009,1,20261012,1,20261013,1,20261014,1,20261015,1,20261016,1,20261019,1,20261020,1,20261021,1,20261022,1,20261023,1,20261026,1,20261027,1,20261028,1,20261029,1,20261030,1,20261102,1,20261103,1,20261104,1,20261105,1,20261106,1,20261109,1,20261110,1,20261111,1,20261112,1,20261113,1,20261116,1,20261117,1,20261118,1,20261119,1,20261120,1,20261123,1,20261124,1,20261125,1,20261126,1,20261127,1,20261130,1,20261201,1,20261202,1,20261203,1,20261204,1,20261207,1,20261208,1,20261209,1,20261210,1,20261211,1,20261214,1,20261215,1,20261216,1,20261217,1,20261218,1,20261221,1,20261222,1,20261223,1,20261224,1,20261225,1,20261228,1,20261229,1,20261230,1,20261231,1,20270101,1,20270104,1,20270105,1,20270106,1,20270107,1,20270108,1,20270111,1,20270112,1,20270113,1,20270114,1,20270115,1,20270118,1,20270119,1,20270120,1,20270121,1,20270122,1,20270125,1,20270126,1,20270127,1,20270128,1,20270129,1,20270201,1,20270202,1,20270203,1,20270204,1,20270205,1,20270208,1,20270209,1,20270210,1,20270211,1,20270212,1,20270215,1,20270216,1,20270217,1,20270218,1,20270219,1,20270222,1,20270223,1,20270224,1,20270225,1,20270226,1,20270301,1,20270302,1,20270303,1,20270304,1,20270305,1,20270308,1,20270309,1,20270310,1,20270311,1,20270312,1,20270315,1,20270316,1,20270317,1,20270318,1,20270319,1,20270322,1,20270323,1,20270324,1,20270325,1,20270326,1,20270329,1,20270330,1,20270331,1,20270401,1,20270402,1,20270405,1,20270406,1,20270407,1,20270408,1,20270409,1,20270412,1,20270413,1,20270414,1,20270415,1,20270416,1,20270419,1,20270420,1,20270421,1,20270422,1,20270423,1,20270426,1,20270427,1,20270428,1,20270429,1,20270430,1,20270503,1,20270504,1,20270505,1,20270506,1,20270507,1,20270510,1,20270511,1,20270512,1,20270513,1,20270514,1,20270517,1,20270518,1,20270519,1,20270520,1,20270521,1,20270524,1,20270525,1,20270526,1,20270527,1,20270528,1,20270531,1,20270601,1,20270602,1,20270603,1,20270604,1,20270607,1,20270608,1,20270609,1,20270610,1,20270611,1,20270614,1,20270615,1,20270616,1,20270617,1,20270618,1,20270621,1,20270622,1,20270623,1,20270624,1,20270625,1,20270628,1,20270629,1,20270630,1,20270701,1,20270702,1,20270705,1,20270706,1,20270707,1,20270708,1,20270709,1,20270712,1,20270713,1,20270714,1,20270715,1,20270716,1,20270719,1,20270720,1,20270721,1,20270722,1,20270723,1,20270726,1,20270727,1,20270728,1,20270729,1,20270730,1,20270802,1,20270803,1,20270804,1,20270805,1,20270806,1,20270809,1,20270810,1,20270811,1,20270812,1,20270813,1,20270816,1,20270817,1,20270818,1,20270819,1,20270820,1,20270823,1,20270824,1,20270825,1,20270826,1,20270827,1,20270830,1,20270831,1,20270901,1,20270902,1,20270903,1,20270906,1,20270907,1,20270908,1,20270909,1,20270910,1,20270913,1,20270914,1,20270915,1,20270916,1,20270917,1,20270920,1,20270921,1,20270922,1,20270923,1,20270924,1,20270927,1,20270928,1,20270929,1,20270930,1,20271001,1,20271004,1,20271005,1,20271006,1,20271007,1,20271008,1,20271011,1,20271012,1,20271013,1,20271014,1,20271015,1,20271018,1,20271019,1,20271020,1,20271021,1,20271022,1,20271025,1,20271026,1,20271027,1,20271028,1,20271029,1,20271101,1,20271102,1,20271103,1,20271104,1,20271105,1,20271108,1,20271109,1,20271110,1,20271111,1,20271112,1,20271115,1,20271116,1,20271117,1,20271118,1,20271119,1,20271122,1,20271123,1,20271124,1,20271125,1,20271126,1,20271129,1,20271130,1,20271201,1,20271202,1,20271203,1,20271206,1,20271207,1,20271208,1,20271209,1,20271210,1,20271213,1,20271214,1,20271215,1,20271216,1,20271217,1,20271220,1,20271221,1,20271222,1,20271223,1,20271224,1,20271227,1,20271228,1,20271229,1,20271230,1,20271231,1
'1475004',20261008,1,20261009,1,20261012,1,20261013,1,20261014,1,20261015,1,20261016,1,20261019,1,20261020,1,20261021,1,20261022,1,20261023,1,20261026,1,20261027,1,20261028,1,20261029,1,20261030,1,20261102,1,20261103,1,20261104,1,20261105,1,20261106,1,20261109,1,20261110,1,20261111,1,20261112,1,20261113,1,20261116,1,20261117,1,20261118,1,20261119,1,20261120,1,20261123,1,20261124,1,20261125,1,20261126,1,20261127,1,20261130,1,20261201,1,20261202,1,20261203,1,20261204,1,20261207,1,20261208,1,20261209,1,20261210,1,20261211,1,20261214,1,20261215,1,20261216,1,20261217,1,20261218,1,20261221,1,20261222,1,20261223,1,20261224,1,20261225,1,20261228,1,20261229,1,20261230,1,20261231,1,20270101,1,20270104,1,20270105,1,20270106,1,20270107,1,20270108,1,20270111,1,20270112,1,20270113,1,20270114,1,20270115,1,20270118,1,20270119,1,20270120,1,20270121,1,20270122,1,20270125,1,20270126,1,20270127,1,20270128,1,20270129,1,20270201,1,20270202,1,20270203,1,20270204,1,20270205,1,20270208,1,20270209,1,20270210,1,20270211,1,20270212,1,20270215,1,20270216,1,20270217,1,20270218,1,20270219,1,20270222,1,20270223,1,20270224,1,20270225,1,20270226,1,20270301,1,20270302,1,20270303,1,20270304,1,20270305,1,20270308,1,20270309,1,20270310,1,20270311,1,20270312,1,20270315,1,20270316,1,20270317,1,20270318,1,20270319,1,20270322,1,20270323,1,20270324,1,20270325,1,20270326,1,20270329,1,20270330,1,20270331,1,20270401,1,20270402,1,20270405,1,20270406,1,20270407,1,20270408,1,20270409,1,20270412,1,20270413,1,20270414,1,20270415,1,20270416,1,20270419,1,20270420,1,20270421,1,20270422,1,20270423,1,20270426,1,20270427,1,20270428,1,20270429,1,20270430,1,20270503,1,20270504,1,20270505,1,20270506,1,20270507,1,20270510,1,20270511,1,20270512,1,20270513,1,20270514,1,20270517,1,20270518,1,20270519,1,20270520,1,20270521,1,20270524,1,20270525,1,20270526,1,20270527,1,20270528,1,20270531,1,20270601,1,20270602,1,20270603,1,20270604,1,20270607,1,20270608,1,20270609,1,20270610,1,20270611,1,20270614,1,20270615,1,20270616,1,20270617,1,20270618,1,20270621,1,20270622,1,20270623,1,20270624,1,20270625,1,20270628,1,20270629,1,20270630,1,20270701,1,20270702,1,20270705,1,20270706,1,20270707,1,20270708,1,20270709,1,20270712,1,20270713,1,20270714,1,20270715,1,20270716,1,20270719,1,20270720,1,20270721,1,20270722,1,20270723,1,20270726,1,20270727,1,20270728,1,20270729,1,20270730,1,20270802,1,20270803,1,20270804,1,20270805,1,20270806,1,20270809,1,20270810,1,20270811,1,20270812,1,20270813,1,20270816,1,20270817,1,20270818,1,20270819,1,20270820,1,20270823,1,20270824,1,20270825,1,20270826,1,20270827,1,20270830,1,20270831,1,20270901,1,20270902,1,20270903,1,20270906,1,20270907,1,20270908,1,20270909,1,20270910,1,20270913,1,20270914,1,20270915,1,20270916,1,20270917,1,20270920,1,20270921,1,20270922,1,20270923,1,20270924,1,20270927,1,20270928,1,20270929,1,20270930,1,20271001,1,20271004,1,20271005,1,20271006,1,20271007,1,20271008,1,20271011,1,20271012,1,20271013,1,20271014,1,20271015,1,20271018,1,20271019,1,20271020,1,20271021,1,20271022,1,20271025,1,20271026,1,20271027,1,20271028,1,20271029,1,20271101,1,20271102,1,20271103,1,20271104,1,20271105,1,20271108,1,20271109,1,20271110,1,20271111,1,20271112,1,20271115,1,20271116,1,20271117,1,20271118,1,20271119,1,20271122,1,20271123,1,20271124,1,20271125,1,20271126,1,20271129,1,20271130,1,20271201,1,20271202,1,20271203,1,20271206,1,20271207,1,20271208,1,20271209,1,20271210,1,20271213,1,20271214,1,20271215,1,20271216,1,20271217,1,20271220,1,20271221,1,20271222,1,20271223,1,20271224,1,20271227,1,20271228,1,20271229,1,20271230,1,20271231,1
'1475005',20261008,1,20261009,1,20261012,1,20261013,1,20261014,1,20261015,1,20261016,1,20261019,1,20261020,1,20261021,1,20261022,1,20261023,1,20261026,1,20261027,1,20261028,1,20261029,1,20261030,1,20261102,1,20261103,1,20261104,1,20261105,1,20261106,1,20261109,1,20261110,1,20261111,1,20261112,1,20261113,1,20261116,1,20261117,1,20261118,1,20261119,1,20261120,1,20261123,1,20261124,1,20261125,1,20261126,1,20261127,1,20261130,1,20261201,1,20261202,1,20261203,1,20261204,1,20261207,1,20261208,1,20261209,1,20261210,1,20261211,1,20261214,1,20261215,1,20261216,1,20261217,1,20261218,1,20261221,1,20261222,1,20261223,1,20261224,1,20261225,1,20261228,1,20261229,1,20261230,1,20261231,1,20270101,1,20270104,1,20270105,1,20270106,1,20270107,1,20270108,1,20270111,1,20270112,1,20270113,1,20270114,1,20270115,1,20270118,1,20270119,1,20270120,1,20270121,1,20270122,1,20270125,1,20270126,1,20270127,1,20270128,1,20270129,1,20270201,1,20270202,1,20270203,1,20270204,1,20270205,1,20270208,1,20270209,1,20270210,1,20270211,1,20270212,1,20270215,1,20270216,1,20270217,1,20270218,1,20270219,1,20270222,1,20270223,1,20270224,1,20270225,1,20270226,1,20270301,1,20270302,1,20270303,1,20270304,1,20270305,1,20270308,1,20270309,1,20270310,1,20270311,1,20270312,1,20270315,1,20270316,1,20270317,1,20270318,1,20270319,1,20270322,1,20270323,1,20270324,1,20270325,1,20270326,1,20270329,1,20270330,1,20270331,1,20270401,1,20270402,1,20270405,1,20270406,1,20270407,1,20270408,1,20270409,1,20270412,1,20270413,1,20270414,1,20270415,1,20270416,1,20270419,1,20270420,1,20270421,1,20270422,1,20270423,1,20270426,1,20270427,1,20270428,1,20270429,1,20270430,1,20270503,1,20270504,1,20270505,1,20270506,1,20270507,1,20270510,1,20270511,1,20270512,1,20270513,1,20270514,1,20270517,1,20270518,1,20270519,1,20270520,1,20270521,1,20270524,1,20270525,1,20270526,1,20270527,1,20270528,1,20270531,1,20270601,1,20270602,1,20270603,1,20270604,1,20270607,1,20270608,1,20270609,1,20270610,1,20270611,1,20270614,1,20270615,1,20270616,1,20270617,1,20270618,1,20270621,1,20270622,1,20270623,1,20270624,1,20270625,1,20270628,1,20270629,1,20270630,1,20270701,1,20270702,1,20270705,1,20270706,1,20270707,1,20270708,1,20270709,1,20270712,1,20270713,1,20270714,1,20270715,1,20270716,1,20270719,1,20270720,1,20270721,1,20270722,1,20270723,1,20270726,1,20270727,1,20270728,1,20270729,1,20270730,1,20270802,1,20270803,1,20270804,1,20270805,1,20270806,1,20270809,1,20270810,1,20270811,1,20270812,1,20270813,1,20270816,1,20270817,1,20270818,1,20270819,1,20270820,1,20270823,1,20270824,1,20270825,1,20270826,1,20270827,1,20270830,1,20270831,1,20270901,1,20270902,1,20270903,1,20270906,1,20270907,1,20270908,1,20270909,1,20270910,1,20270913,1,20270914,1,20270915,1,20270916,1,20270917,1,20270920,1,20270921,1,20270922,1,20270923,1,20270924,1,20270927,1,20270928,1,20270929,1,20270930,1,20271001,1,20271004,1,20271005,1,20271006,1,20271007,1,20271008,1,20271011,1,20271012,1,20271013,1,20271014,1,20271015,1,20271018,1,20271019,1,20271020,1,20271021,1,20271022,1,20271025,1,20271026,1,20271027,1,20271028,1,20271029,1,20271101,1,20271102,1,20271103,1,20271104,1,20271105,1,20271108,1,20271109,1,20271110,1,20271111,1,20271112,1,20271115,1,20271116,1,20271117,1,20271118,1,20271119,1,20271122,1,20271123,1,20271124,1,20271125,1,20271126,1,20271129,1,20271130,1,20271201,1,20271202,1,20271203,1,20271206,1,20271207,1,20271208,1,20271209,1,20271210,1,20271213,1,20271214,1,20271215,1,20271216,1,20271217,1,20271220,1,20271221,1,20271222,1,20271223,1,20271224,1,20271227,1,20271228,1,20271229,1,20271230,1,20271231,1
'1475006',20261008,1,20261009,1,20261012,1,20261013,1,20261014,1,20261015,1,20261016,1,20261019,1,20261020,1,20261021,1,20261022,1,20261023,1,20261026,1,20261027,1,20261028,1,20261029,1,20261030,1,20261102,1,20261103,1,20261104,1,20261105,1,20261106,1,20261109,1,20261110,1,20261111,1,20261112,1,20261113,1,20261116,1,20261117,1,20261118,1,20261119,1,20261120,1,20261123,1,20261124,1,20261125,1,20261126,1,20261127,1,20261130,1,20261201,1,20261202,1,20261203,1,20261204,1,20261207,1,20261208,1,20261209,1,20261210,1,20261211,1,20261214,1,20261215,1,20261216,1,20261217,1,20261218,1,20261221,1,20261222,1,20261223,1,20261224,1,20261225,1,20261228,1,20261229,1,20261230,1,20261231,1,20270101,1,20270104,1,20270105,1,20270106,1,20270107,1,20270108,1,20270111,1,20270112,1,20270113,1,20270114,1,20270115,1,20270118,1,20270119,1,20270120,1,20270121,1,20270122,1,20270125,1,20270126,1,20270127,1,20270128,1,20270129,1,20270201,1,20270202,1,20270203,1,20270204,1,20270205,1,20270208,1,20270209,1,20270210,1,20270211,1,20270212,1,20270215,1,20270216,1,20270217,1,20270218,1,20270219,1,20270222,1,20270223,1,20270224,1,20270225,1,20270226,1,20270301,1,20270302,1,20270303,1,20270304,1,20270305,1,20270308,1,20270309,1,20270310,1,20270311,1,20270312,1,20270315,1,20270316,1,20270317,1,20270318,1,20270319,1,20270322,1,20270323,1,20270324,1,20270325,1,20270326,1,20270329,1,20270330,1,20270331,1,20270401,1,20270402,1,20270405,1,20270406,1,20270407,1,20270408,1,20270409,1,20270412,1,20270413,1,20270414,1,20270415,1,20270416,1,20270419,1,20270420,1,20270421,1,20270422,1,20270423,1,20270426,1,20270427,1,20270428,1,20270429,1,20270430,1,20270503,1,20270504,1,20270505,1,20270506,1,20270507,1,20270510,1,20270511,1,20270512,1,20270513,1,20270514,1,20270517,1,20270518,1,20270519,1,20270520,1,20270521,1,20270524,1,20270525,1,20270526,1,20270527,1,20270528,1,20270531,1,20270601,1,20270602,1,20270603,1,20270604,1,20270607,1,20270608,1,20270609,1,20270610,1,20270611,1,20270614,1,20270615,1,20270616,1,20270617,1,20270618,1,20270621,1,20270622,1,20270623,1,20270624,1,20270625,1,20270628,1,20270629,1,20270630,1,20270701,1,20270702,1,20270705,1,20270706,1,20270707,1,20270708,1,20270709,1,20270712,1,20270713,1,20270714,1,20270715,1,20270716,1,20270719,1,20270720,1,20270721,1,20270722,1,20270723,1,20270726,1,20270727,1,20270728,1,20270729,1,20270730,1,20270802,1,20270803,1,20270804,1,20270805,1,20270806,1,20270809,1,20270810,1,20270811,1,20270812,1,20270813,1,20270816,1,20270817,1,20270818,1,20270819,1,20270820,1,20270823,1,20270824,1,20270825,1,20270826,1,20270827,1,20270830,1,20270831,1,20270901,1,20270902,1,20270903,1,20270906,1,20270907,1,20270908,1,20270909,1,20270910,1,20270913,1,20270914,1,20270915,1,20270916,1,20270917,1,20270920,1,20270921,1,20270922,1,20270923,1,20270924,1,20270927,1,20270928,1,20270929,1,20270930,1,20271001,1,20271004,1,20271005,1,20271006,1,20271007,1,20271008,1,20271011,1,20271012,1,20271013,1,20271014,1,20271015,1,20271018,1,20271019,1,20271020,1,20271021,1,20271022,1,20271025,1,20271026,1,20271027,1,20271028,1,20271029,1,20271101,1,20271102,1,20271103,1,20271104,1,20271105,1,20271108,1,20271109,1,20271110,1,20271111,1,20271112,1,20271115,1,20271116,1,20271117,1,20271118,1,20271119,1,20271122,1,20271123,1,20271124,1,20271125,1,20271126,1,20271129,1,20271130,1,20271201,1,20271202,1,20271203,1,20271206,1,20271207,1,20271208,1,20271209,1,20271210,1,20271213,1,20271214,1,20271215,1,20271216,1,20271217,1,20271220,1,20271221,1,20271222,1,20271223,1,20271224,1,20271227,1,20271228,1,20271229,1,20271230,1,20271231,1
'1475007',20261008,1,20261009,1,20261012,1,20261013,1,20261014,1,20261015,1,20261016,1,20261019,1,20261020,1,20261021,1,20261022,1,20261023,1,20261026,1,20261027,1,20261028,1,20261029,1,20261030,1,20261102,1,20261103,1,20261104,1,20261105,1,20261106,1,20261109,1,20261110,1,20261111,1,20261112,1,20261113,1,20261116,1,20261117,1,20261118,1,20261119,1,20261120,1,20261123,1,20261124,1,20261125,1,20261126,1,20261127,1,20261130,1,20261201,1,20261202,1,20261203,1,20261204,1,20261207,1,20261208,1,20261209,1,20261210,1,20261211,1,20261214,1,20261215,1,20261216,1,20261217,1,20261218,1,20261221,1,20261222,1,20261223,1,20261224,1,20261225,1,20261228,1,20261229,1,20261230,1,20261231,1,20270101,1,20270104,1,20270105,1,20270106,1,20270107,1,20270108,1,20270111,1,20270112,1,20270113,1,20270114,1,20270115,1,20270118,1,20270119,1,20270120,1,20270121,1,20270122,1,20270125,1,20270126,1,20270127,1,20270128,1,20270129,1,20270201,1,20270202,1,20270203,1,20270204,1,20270205,1,20270208,1,20270209,1,20270210,1,20270211,1,20270212,1,20270215,1,20270216,1,20270217,1,20270218,1,20270219,1,20270222,1,20270223,1,20270224,1,20270225,1,20270226,1,20270301,1,20270302,1,20270303,1,20270304,1,20270305,1,20270308,1,20270309,1,20270310,1,20270311,1,20270312,1,20270315,1,20270316,1,20270317,1,20270318,1,20270319,1,20270322,1,20270323,1,20270324,1,20270325,1,20270326,1,20270329,1,20270330,1,20270331,1,20270401,1,20270402,1,20270405,1,20270406,1,20270407,1,20270408,1,20270409,1,20270412,1,20270413,1,20270414,1,20270415,1,20270416,1,20270419,1,20270420,1,20270421,1,20270422,1,20270423,1,20270426,1,20270427,1,20270428,1,20270429,1,20270430,1,20270503,1,20270504,1,20270505,1,20270506,1,20270507,1,20270510,1,20270511,1,20270512,1,20270513,1,20270514,1,20270517,1,20270518,1,20270519,1,20270520,1,20270521,1,20270524,1,20270525,1,20270526,1,20270527,1,20270528,1,20270531,1,20270601,1,20270602,1,20270603,1,20270604,1,20270607,1,20270608,1,20270609,1,20270610,1,20270611,1,20270614,1,20270615,1,20270616,1,20270617,1,20270618,1,20270621,1,20270622,1,20270623,1,20270624,1,20270625,1,20270628,1,20270629,1,20270630,1,20270701,1,20270702,1,20270705,1,20270706,1,20270707,1,20270708,1,20270709,1,20270712,1,20270713,1,20270714,1,20270715,1,20270716,1,20270719,1,20270720,1,20270721,1,20270722,1,20270723,1,20270726,1,20270727,1,20270728,1,20270729,1,20270730,1,20270802,1,20270803,1,20270804,1,20270805,1,20270806,1,20270809,1,20270810,1,20270811,1,20270812,1,20270813,1,20270816,1,20270817,1,20270818,1,20270819,1,20270820,1,20270823,1,20270824,1,20270825,1,20270826,1,20270827,1,20270830,1,20270831,1,20270901,1,20270902,1,20270903,1,20270906,1,20270907,1,20270908,1,20270909,1,20270910,1,20270913,1,20270914,1,20270915,1,20270916,1,20270917,1,20270920,1,20270921,1,20270922,1,20270923,1,20270924,1,20270927,1,20270928,1,20270929,1,20270930,1,20271001,1,20271004,1,20271005,1,20271006,1,20271007,1,20271008,1,20271011,1,20271012,1,20271013,1,20271014,1,20271015,1,20271018,1,20271019,1,20271020,1,20271021,1,20271022,1,20271025,1,20271026,1,20271027,1,20271028,1,20271029,1,20271101,1,20271102,1,20271103,1,20271104,1,20271105,1,20271108,1,20271109,1,20271110,1,20271111,1,20271112,1,20271115,1,20271116,1,20271117,1,20271118,1,20271119,1,20271122,1,20271123,1,20271124,1,20271125,1,20271126,1,20271129,1,20271130,1,20271201,1,20271202,1,20271203,1,20271206,1,20271207,1,20271208,1,20271209,1,20271210,1,20271213,1,20271214,1,20271215,1,20271216,1,20271217,1,20271220,1,20271221,1,20271222,1,20271223,1,20271224,1,20271227,1,20271228,1,20271229,1,20271230,1,20271231,1
'1475008',20261008,1,20261009,1,20261012,1,20261013,1,20261014,1,20261015,1,20261016,1,20261019,1,20261020,1,20261021,1,20261022,1,20261023,1,20261026,1,20261027,1,20261028,1,20261029,1,20261030,1,20261102,1,20261103,1,20261104,1,20261105,1,20261106,1,20261109,1,20261110,1,20261111,1,20261112,1,20261113,1,20261116,1,20261117,1,20261118,1,20261119,1,20261120,1,20261123,1,20261124,1,20261125,1,20261126,1,20261127,1,20261130,1,20261201,1,20261202,1,20261203,1,20261204,1,20261207,1,20261208,1,20261209,1,20261210,1,20261211,1,20261214,1,20261215,1,20261216,1,20261217,1,20261218,1,20261221,1,20261222,1,20261223,1,20261224,1,20261225,1,20261228,1,20261229,1,20261230,1,20261231,1,20270101,1,20270104,1,20270105,1,20270106,1,20270107,1,20270108,1,20270111,1,20270112,1,20270113,1,20270114,1,20270115,1,20270118,1,20270119,1,20270120,1,20270121,1,20270122,1,20270125,1,20270126,1,20270127,1,20270128,1,20270129,1,20270201,1,20270202,1,20270203,1,20270204,1,20270205,1,20270208,1,20270209,1,20270210,1,20270211,1,20270212,1,20270215,1,20270216,1,20270217,1,20270218,1,20270219,1,20270222,1,20270223,1,20270224,1,20270225,1,20270226,1,20270301,1,20270302,1,20270303,1,20270304,1,20270305,1,20270308,1,20270309,1,20270310,1,20270311,1,20270312,1,20270315,1,20270316,1,20270317,1,20270318,1,20270319,1,20270322,1,20270323,1,20270324,1,20270325,1,20270326,1,20270329,1,20270330,1,20270331,1,20270401,1,20270402,1,20270405,1,20270406,1,20270407,1,20270408,1,20270409,1,20270412,1,20270413,1,20270414,1,20270415,1,20270416,1,20270419,1,20270420,1,20270421,1,20270422,1,20270423,1,20270426,1,20270427,1,20270428,1,20270429,1,20270430,1,20270503,1,20270504,1,20270505,1,20270506,1,20270507,1,20270510,1,20270511,1,20270512,1,20270513,1,20270514,1,20270517,1,20270518,1,20270519,1,20270520,1,20270521,1,20270524,1,20270525,1,20270526,1,20270527,1,20270528,1,20270531,1,20270601,1,20270602,1,20270603,1,20270604,1,20270607,1,20270608,1,20270609,1,20270610,1,20270611,1,20270614,1,20270615,1,20270616,1,20270617,1,20270618,1,20270621,1,20270622,1,20270623,1,20270624,1,20270625,1,20270628,1,20270629,1,20270630,1,20270701,1,20270702,1,20270705,1,20270706,1,20270707,1,20270708,1,20270709,1,20270712,1,20270713,1,20270714,1,20270715,1,20270716,1,20270719,1,20270720,1,20270721,1,20270722,1,20270723,1,20270726,1,20270727,1,20270728,1,20270729,1,20270730,1,20270802,1,20270803,1,20270804,1,20270805,1,20270806,1,20270809,1,20270810,1,20270811,1,20270812,1,20270813,1,20270816,1,20270817,1,20270818,1,20270819,1,20270820,1,20270823,1,20270824,1,20270825,1,20270826,1,20270827,1,20270830,1,20270831,1,20270901,1,20270902,1,20270903,1,20270906,1,20270907,1,20270908,1,20270909,1,20270910,1,20270913,1,20270914,1,20270915,1,20270916,1,20270917,1,20270920,1,20270921,1,20270922,1,20270923,1,20270924,1,20270927,1,20270928,1,20270929,1,20270930,1,20271001,1,20271004,1,20271005,1,20271006,1,20271007,1,20271008,1,20271011,1,20271012,1,20271013,1,20271014,1,20271015,1,20271018,1,20271019,1,20271020,1,20271021,1,20271022,1,20271025,1,20271026,1,20271027,1,20271028,1,20271029,1,20271101,1,20271102,1,20271103,1,20271104,1,20271105,1,20271108,1,20271109,1,20271110,1,20271111,1,20271112,1,20271115,1,20271116,1,20271117,1,20271118,1,20271119,1,20271122,1,20271123,1,20271124,1,20271125,1,20271126,1,20271129,1,20271130,1,20271201,1,20271202,1,20271203,1,20271206,1,20271207,1,20271208,1,20271209,1,20271210,1,20271213,1,20271214,1,20271215,1,20271216,1,20271217,1,20271220,1,20271221,1,20271222,1,20271223,1,20271224,1,20271227,1,20271228,1,20271229,1,20271230,1,20271231,1
'1475009',20261008,1,20261009,1,20261012,1,20261013,1,20261014,1,20261015,1,20261016,1,20261019,1,20261020,1,20261021,1,20261022,1,20261023,1,20261026,1,20261027,1,20261028,1,20261029,1,20261030,1,20261102,1,20261103,1,20261104,1,20261105,1,20261106,1,20261109,1,20261110,1,20261111,1,20261112,1,20261113,1,20261116,1,20261117,1,20261118,1,20261119,1,20261120,1,20261123,1,20261124,1,20261125,1,20261126,1,20261127,1,20261130,1,20261201,1,20261202,1,20261203,1,20261204,1,20261207,1,20261208,1,20261209,1,20261210,1,20261211,1,20261214,1,20261215,1,20261216,1,20261217,1,20261218,1,20261221,1,20261222,1,20261223,1,20261224,1,20261225,1,20261228,1,20261229,1,20261230,1,20261231,1,20270101,1,20270104,1,20270105,1,20270106,1,20270107,1,20270108,1,20270111,1,20270112,1,20270113,1,20270114,1,20270115,1,20270118,1,20270119,1,20270120,1,20270121,1,20270122,1,20270125,1,20270126,1,20270127,1,20270128,1,20270129,1,20270201,1,20270202,1,20270203,1,20270204,1,20270205,1,20270208,1,20270209,1,20270210,1,20270211,1,20270212,1,20270215,1,20270216,1,20270217,1,20270218,1,20270219,1,20270222,1,20270223,1,20270224,1,20270225,1,20270226,1,20270301,1,20270302,1,20270303,1,20270304,1,20270305,1,20270308,1,20270309,1,20270310,1,20270311,1,20270312,1,20270315,1,20270316,1,20270317,1,20270318,1,20270319,1,20270322,1,20270323,1,20270324,1,20270325,1,20270326,1,20270329,1,20270330,1,20270331,1,20270401,1,20270402,1,20270405,1,20270406,1,20270407,1,20270408,1,20270409,1,20270412,1,20270413,1,20270414,1,20270415,1,20270416,1,20270419,1,20270420,1,20270421,1,20270422,1,20270423,1,20270426,1,20270427,1,20270428,1,20270429,1,20270430,1,20270503,1,20270504,1,20270505,1,20270506,1,20270507,1,20270510,1,20270511,1,20270512,1,20270513,1,20270514,1,20270517,1,20270518,1,20270519,1,20270520,1,20270521,1,20270524,1,20270525,1,20270526,1,20270527,1,20270528,1,20270531,1,20270601,1,20270602,1,20270603,1,20270604,1,20270607,1,20270608,1,20270609,1,20270610,1,20270611,1,20270614,1,20270615,1,20270616,1,20270617,1,20270618,1,20270621,1,20270622,1,20270623,1,20270624,1,20270625,1,20270628,1,20270629,1,20270630,1,20270701,1,20270702,1,20270705,1,20270706,1,20270707,1,20270708,1,20270709,1,20270712,1,20270713,1,20270714,1,20270715,1,20270716,1,20270719,1,20270720,1,20270721,1,20270722,1,20270723,1,20270726,1,20270727,1,20270728,1,20270729,1,20270730,1,20270802,1,20270803,1,20270804,1,20270805,1,20270806,1,20270809,1,20270810,1,20270811,1,20270812,1,20270813,1,20270816,1,20270817,1,20270818,1,20270819,1,20270820,1,20270823,1,20270824,1,20270825,1,20270826,1,20270827,1,20270830,1,20270831,1,20270901,1,20270902,1,20270903,1,20270906,1,20270907,1,20270908,1,20270909,1,20270910,1,20270913,1,20270914,1,20270915,1,20270916,1,20270917,1,20270920,1,20270921,1,20270922,1,20270923,1,20270924,1,20270927,1,20270928,1,20270929,1,20270930,1,20271001,1,20271004,1,20271005,1,20271006,1,20271007,1,20271008,1,20271011,1,20271012,1,20271013,1,20271014,1,20271015,1,20271018,1,20271019,1,20271020,1,20271021,1,20271022,1,20271025,1,20271026,1,20271027,1,20271028,1,20271029,1,20271101,1,20271102,1,20271103,1,20271104,1,20271105,1,20271108,1,20271109,1,20271110,1,20271111,1,20271112,1,20271115,1,20271116,1,20271117,1,20271118,1,20271119,1,20271122,1,20271123,1,20271124,1,20271125,1,20271126,1,20271129,1,20271130,1,20271201,1,20271202,1,20271203,1,20271206,1,20271207,1,20271208,1,20271209,1,20271210,1,20271213,1,20271214,1,20271215,1,20271216,1,20271217,1,20271220,1,20271221,1,20271222,1,20271223,1,20271224,1,20271227,1,20271228,1,20271229,1,20271230,1,20271231,1
'1475010',20261008,1,20261009,1,20261012,1,20261013,1,20261014,1,20261015,1,20261016,1,20261019,1,20261020,1,20261021,1,20261022,1,20261023,1,20261026,1,20261027,1,20261028,1,20261029,1,20261030,1,20261102,1,20261103,1,20261104,1,20261105,1,20261106,1,20261109,1,20261110,1,20261111,1,20261112,1,20261113,1,20261116,1,20261117,1,20261118,1,20261119,1,20261120,1,20261123,1,20261124,1,20261125,1,20261126,1,20261127,1,20261130,1,20261201,1,20261202,1,20261203,1,20261204,1,20261207,1,20261208,1,20261209,1,20261210,1,20261211,1,20261214,1,20261215,1,20261216,1,20261217,1,20261218,1,20261221,1,20261222,1,20261223,1,20261224,1,20261225,1,20261228,1,20261229,1,20261230,1,20261231,1,20270101,1,20270104,1,20270105,1,20270106,1,20270107,1,20270108,1,20270111,1,20270112,1,20270113,1,20270114,1,20270115,1,20270118,1,20270119,1,20270120,1,20270121,1,20270122,1,20270125,1,20270126,1,20270127,1,20270128,1,20270129,1,20270201,1,20270202,1,20270203,1,20270204,1,20270205,1,20270208,1,20270209,1,20270210,1,20270211,1,20270212,1,20270215,1,20270216,1,20270217,1,20270218,1,20270219,1,20270222,1,20270223,1,20270224,1,20270225,1,20270226,1,20270301,1,20270302,1,20270303,1,20270304,1,20270305,1,20270308,1,20270309,1,20270310,1,20270311,1,20270312,1,20270315,1,20270316,1,20270317,1,20270318,1,20270319,1,20270322,1,20270323,1,20270324,1,20270325,1,20270326,1,20270329,1,20270330,1,20270331,1,20270401,1,20270402,1,20270405,1,20270406,1,20270407,1,20270408,1,20270409,1,20270412,1,20270413,1,20270414,1,20270415,1,20270416,1,20270419,1,20270420,1,20270421,1,20270422,1,20270423,1,20270426,1,20270427,1,20270428,1,20270429,1,20270430,1,20270503,1,20270504,1,20270505,1,20270506,1,20270507,1,20270510,1,20270511,1,20270512,1,20270513,1,20270514,1,20270517,1,20270518,1,20270519,1,20270520,1,20270521,1,20270524,1,20270525,1,20270526,1,20270527,1,20270528,1,20270531,1,20270601,1,20270602,1,20270603,1,20270604,1,20270607,1,20270608,1,20270609,1,20270610,1,20270611,1,20270614,1,20270615,1,20270616,1,20270617,1,20270618,1,20270621,1,20270622,1,20270623,1,20270624,1,20270625,1,20270628,1,20270629,1,20270630,1,20270701,1,20270702,1,20270705,1,20270706,1,20270707,1,20270708,1,20270709,1,20270712,1,20270713,1,20270714,1,20270715,1,20270716,1,20270719,1,20270720,1,20270721,1,20270722,1,20270723,1,20270726,1,20270727,1,20270728,1,20270729,1,20270730,1,20270802,1,20270803,1,20270804,1,20270805,1,20270806,1,20270809,1,20270810,1,20270811,1,20270812,1,20270813,1,20270816,1,20270817,1,20270818,1,20270819,1,20270820,1,20270823,1,20270824,1,20270825,1,20270826,1,20270827,1,20270830,1,20270831,1,20270901,1,20270902,1,20270903,1,20270906,1,20270907,1,20270908,1,20270909,1,20270910,1,20270913,1,20270914,1,20270915,1,20270916,1,20270917,1,20270920,1,20270921,1,20270922,1,20270923,1,20270924,1,20270927,1,20270928,1,20270929,1,20270930,1,20271001,1,20271004,1,20271005,1,20271006,1,20271007,1,20271008,1,20271011,1,20271012,1,20271013,1,20271014,1,20271015,1,20271018,1,20271019,1,20271020,1,20271021,1,20271022,1,20271025,1,20271026,1,20271027,1,20271028,1,20271029,1,20271101,1,20271102,1,20271103,1,20271104,1,20271105,1,20271108,1,20271109,1,20271110,1,20271111,1,20271112,1,20271115,1,20271116,1,20271117,1,20271118,1,20271119,1,20271122,1,20271123,1,20271124,1,20271125,1,20271126,1,20271129,1,20271130,1,20271201,1,20271202,1,20271203,1,20271206,1,20271207,1,20271208,1,20271209,1,20271210,1,20271213,1,20271214,1,20271215,1,20271216,1,20271217,1,20271220,1,20271221,1,20271222,1,20271223,1,20271224,1,20271227,1,20271228,1,20271229,1,20271230,1,20271231,1
'1475011',20261008,1,20261009,1,20261012,1,20261013,1,20261014,1,20261015,1,20261016,1,20261019,1,20261020,1,20261021,1,20261022,1,20261023,1,20261026,1,20261027,1,20261028,1,20261029,1,20261030,1,20261102,1,20261103,1,20261104,1,20261105,1,20261106,1,20261109,1,20261110,1,20261111,1,20261112,1,20261113,1,20261116,1,20261117,1,20261118,1,20261119,1,20261120,1,20261123,1,20261124,1,20261125,1,20261126,1,20261127,1,20261130,1,20261201,1,20261202,1,20261203,1,20261204,1,20261207,1,20261208,1,20261209,1,20261210,1,20261211,1,20261214,1,20261215,1,20261216,1,20261217,1,20261218,1,20261221,1,20261222,1,20261223,1,20261224,1,20261225,1,20261228,1,20261229,1,20261230,1,20261231,1,20270101,1,20270104,1,20270105,1,20270106,1,20270107,1,20270108,1,20270111,1,20270112,1,20270113,1,20270114,1,20270115,1,20270118,1,20270119,1,20270120,1,20270121,1,20270122,1,20270125,1,20270126,1,20270127,1,20270128,1,20270129,1,20270201,1,20270202,1,20270203,1,20270204,1,20270205,1,20270208,1,20270209,1,20270210,1,20270211,1,20270212,1,20270215,1,20270216,1,20270217,1,20270218,1,20270219,1,20270222,1,20270223,1,20270224,1,20270225,1,20270226,1,20270301,1,20270302,1,20270303,1,20270304,1,20270305,1,20270308,1,20270309,1,20270310,1,20270311,1,20270312,1,20270315,1,20270316,1,20270317,1,20270318,1,20270319,1,20270322,1,20270323,1,20270324,1,20270325,1,20270326,1,20270329,1,20270330,1,20270331,1,20270401,1,20270402,1,20270405,1,20270406,1,20270407,1,20270408,1,20270409,1,20270412,1,20270413,1,20270414,1,20270415,1,20270416,1,20270419,1,20270420,1,20270421,1,20270422,1,20270423,1,20270426,1,20270427,1,20270428,1,20270429,1,20270430,1,20270503,1,20270504,1,20270505,1,20270506,1,20270507,1,20270510,1,20270511,1,20270512,1,20270513,1,20270514,1,20270517,1,20270518,1,20270519,1,20270520,1,20270521,1,20270524,1,20270525,1,20270526,1,20270527,1,20270528,1,20270531,1,20270601,1,20270602,1,20270603,1,20270604,1,20270607,1,20270608,1,20270609,1,20270610,1,20270611,1,20270614,1,20270615,1,20270616,1,20270617,1,20270618,1,20270621,1,20270622,1,20270623,1,20270624,1,20270625,1,20270628,1,20270629,1,20270630,1,20270701,1,20270702,1,20270705,1,20270706,1,20270707,1,20270708,1,20270709,1,20270712,1,20270713,1,20270714,1,20270715,1,20270716,1,20270719,1,20270720,1,20270721,1,20270722,1,20270723,1,20270726,1,20270727,1,20270728,1,20270729,1,20270730,1,20270802,1,20270803,1,20270804,1,20270805,1,20270806,1,20270809,1,20270810,1,20270811,1,20270812,1,20270813,1,20270816,1,20270817,1,20270818,1,20270819,1,20270820,1,20270823,1,20270824,1,20270825,1,20270826,1,20270827,1,20270830,1,20270831,1,20270901,1,20270902,1,20270903,1,20270906,1,20270907,1,20270908,1,20270909,1,20270910,1,20270913,1,20270914,1,20270915,1,20270916,1,20270917,1,20270920,1,20270921,1,20270922,1,20270923,1,20270924,1,20270927,1,20270928,1,20270929,1,20270930,1,20271001,1,20271004,1,20271005,1,20271006,1,20271007,1,20271008,1,20271011,1,20271012,1,20271013,1,20271014,1,20271015,1,20271018,1,20271019,1,20271020,1,20271021,1,20271022,1,20271025,1,20271026,1,20271027,1,20271028,1,20271029,1,20271101,1,20271102,1,20271103,1,20271104,1,20271105,1,20271108,1,20271109,1,20271110,1,20271111,1,20271112,1,20271115,1,20271116,1,20271117,1,20271118,1,20271119,1,20271122,1,20271123,1,20271124,1,20271125,1,20271126,1,20271129,1,20271130,1,20271201,1,20271202,1,20271203,1,20271206,1,20271207,1,20271208,1,20271209,1,20271210,1,20271213,1,20271214,1,20271215,1,20271216,1,20271217,1,20271220,1,20271221,1,20271222,1,20271223,1,20271224,1,20271227,1,20271228,1,20271229,1,20271230,1,20271231,1
'1475012',20261008,1,20261009,1,20261012,1,20261013,1,20261014,1,20261015,1,20261016,1,20261019,1,20261020,1,20261021,1,20261022,1,20261023,1,20261026,1,20261027,1,20261028,1,20261029,1,20261030,1,20261102,1,20261103,1,20261104,1,20261105,1,20261106,1,20261109,1,20261110,1,20261111,1,20261112,1,20261113,1,20261116,1,20261117,1,20261118,1,20261119,1,20261120,1,20261123,1,20261124,1,20261125,1,20261126,1,20261127,1,20261130,1,20261201,1,20261202,1,20261203,1,20261204,1,20261207,1,20261208,1,20261209,1,20261210,1,20261211,1,20261214,1,20261215,1,20261216,1,20261217,1,20261218,1,20261221,1,20261222,1,20261223,1,20261224,1,20261225,1,20261228,1,20261229,1,20261230,1,20261231,1,20270101,1,20270104,1,20270105,1,20270106,1,20270107,1,20270108,1,20270111,1,20270112,1,20270113,1,20270114,1,20270115,1,20270118,1,20270119,1,20270120,1,20270121,1,20270122,1,20270125,1,20270126,1,20270127,1,20270128,1,20270129,1,20270201,1,20270202,1,20270203,1,20270204,1,20270205,1,20270208,1,20270209,1,20270210,1,20270211,1,20270212,1,20270215,1,20270216,1,20270217,1,20270218,1,20270219,1,20270222,1,20270223,1,20270224,1,20270225,1,20270226,1,20270301,1,20270302,1,20270303,1,20270304,1,20270305,1,20270308,1,20270309,1,20270310,1,20270311,1,20270312,1,20270315,1,20270316,1,20270317,1,20270318,1,20270319,1,20270322,1,20270323,1,20270324,1,20270325,1,20270326,1,20270329,1,20270330,1,20270331,1,20270401,1,20270402,1,20270405,1,20270406,1,20270407,1,20270408,1,20270409,1,20270412,1,20270413,1,20270414,1,20270415,1,20270416,1,20270419,1,20270420,1,20270421,1,20270422,1,20270423,1,20270426,1,20270427,1,20270428,1,20270429,1,20270430,1,20270503,1,20270504,1,20270505,1,20270506,1,20270507,1,20270510,1,20270511,1,20270512,1,20270513,1,20270514,1,20270517,1,20270518,1,20270519,1,20270520,1,20270521,1,20270524,1,20270525,1,20270526,1,20270527,1,20270528,1,20270531,1,20270601,1,20270602,1,20270603,1,20270604,1,20270607,1,20270608,1,20270609,1,20270610,1,20270611,1,20270614,1,20270615,1,20270616,1,20270617,1,20270618,1,20270621,1,20270622,1,20270623,1,20270624,1,20270625,1,20270628,1,20270629,1,20270630,1,20270701,1,20270702,1,20270705,1,20270706,1,20270707,1,20270708,1,20270709,1,20270712,1,20270713,1,20270714,1,20270715,1,20270716,1,20270719,1,20270720,1,20270721,1,20270722,1,20270723,1,20270726,1,20270727,1,20270728,1,20270729,1,20270730,1,20270802,1,20270803,1,20270804,1,20270805,1,20270806,1,20270809,1,20270810,1,20270811,1,20270812,1,20270813,1,20270816,1,20270817,1,20270818,1,20270819,1,20270820,1,20270823,1,20270824,1,20270825,1,20270826,1,20270827,1,20270830,1,20270831,1,20270901,1,20270902,1,20270903,1,20270906,1,20270907,1,20270908,1,20270909,1,20270910,1,20270913,1,20270914,1,20270915,1,20270916,1,20270917,1,20270920,1,20270921,1,20270922,1,20270923,1,20270924,1,20270927,1,20270928,1,20270929,1,20270930,1,20271001,1,20271004,1,20271005,1,20271006,1,20271007,1,20271008,1,20271011,1,20271012,1,20271013,1,20271014,1,20271015,1,20271018,1,20271019,1,20271020,1,20271021,1,20271022,1,20271025,1,20271026,1,20271027,1,20271028,1,20271029,1,20271101,1,20271102,1,20271103,1,20271104,1,20271105,1,20271108,1,20271109,1,20271110,1,20271111,1,20271112,1,20271115,1,20271116,1,20271117,1,20271118,1,20271119,1,20271122,1,20271123,1,20271124,1,20271125,1,20271126,1,20271129,1,20271130,1,20271201,1,20271202,1,20271203,1,20271206,1,20271207,1,20271208,1,20271209,1,20271210,1,20271213,1,20271214,1,20271215,1,20271216,1,20271217,1,20271220,1,20271221,1,20271222,1,20271223,1,20271224,1,20271227,1,20271228,1,20271229,1,20271230,1,20271231,1
'1475013',20261008,1,20261009,1,20261012,1,20261013,1,20261014,1,20261015,1,20261016,1,20261019,1,20261020,1,20261021,1,20261022,1,20261023,1,20261026,1,20261027,1,20261028,1,20261029,1,20261030,1,20261102,1,20261103,1,20261104,1,20261105,1,20261106,1,20261109,1,20261110,1,20261111,1,20261112,1,20261113,1,20261116,1,20261117,1,20261118,1,20261119,1,20261120,1,20261123,1,20261124,1,20261125,1,20261126,1,20261127,1,20261130,1,20261201,1,20261202,1,20261203,1,20261204,1,20261207,1,20261208,1,20261209,1,20261210,1,20261211,1,20261214,1,20261215,1,20261216,1,20261217,1,20261218,1,20261221,1,20261222,1,20261223,1,20261224,1,20261225,1,20261228,1,20261229,1,20261230,1,20261231,1,20270101,1,20270104,1,20270105,1,20270106,1,20270107,1,20270108,1,20270111,1,20270112,1,20270113,1,20270114,1,20270115,1,20270118,1,20270119,1,20270120,1,20270121,1,20270122,1,20270125,1,20270126,1,20270127,1,20270128,1,20270129,1,20270201,1,20270202,1,20270203,1,20270204,1,20270205,1,20270208,1,20270209,1,20270210,1,20270211,1,20270212,1,20270215,1,20270216,1,20270217,1,20270218,1,20270219,1,20270222,1,20270223,1,20270224,1,20270225,1,20270226,1,20270301,1,20270302,1,20270303,1,20270304,1,20270305,1,20270308,1,20270309,1,20270310,1,20270311,1,20270312,1,20270315,1,20270316,1,20270317,1,20270318,1,20270319,1,20270322,1,20270323,1,20270324,1,20270325,1,20270326,1,20270329,1,20270330,1,20270331,1,20270401,1,20270402,1,20270405,1,20270406,1,20270407,1,20270408,1,20270409,1,20270412,1,20270413,1,20270414,1,20270415,1,20270416,1,20270419,1,20270420,1,20270421,1,20270422,1,20270423,1,20270426,1,20270427,1,20270428,1,20270429,1,20270430,1,20270503,1,20270504,1,20270505,1,20270506,1,20270507,1,20270510,1,20270511,1,20270512,1,20270513,1,20270514,1,20270517,1,20270518,1,20270519,1,20270520,1,20270521,1,20270524,1,20270525,1,20270526,1,20270527,1,20270528,1,20270531,1,20270601,1,20270602,1,20270603,1,20270604,1,20270607,1,20270608,1,20270609,1,20270610,1,20270611,1,20270614,1,20270615,1,20270616,1,20270617,1,20270618,1,20270621,1,20270622,1,20270623,1,20270624,1,20270625,1,20270628,1,20270629,1,20270630,1,20270701,1,20270702,1,20270705,1,20270706,1,20270707,1,20270708,1,20270709,1,20270712,1,20270713,1,20270714,1,20270715,1,20270716,1,20270719,1,20270720,1,20270721,1,20270722,1,20270723,1,20270726,1,20270727,1,20270728,1,20270729,1,20270730,1,20270802,1,20270803,1,20270804,1,20270805,1,20270806,1,20270809,1,20270810,1,20270811,1,20270812,1,20270813,1,20270816,1,20270817,1,20270818,1,20270819,1,20270820,1,20270823,1,20270824,1,20270825,1,20270826,1,20270827,1,20270830,1,20270831,1,20270901,1,20270902,1,20270903,1,20270906,1,20270907,1,20270908,1,20270909,1,20270910,1,20270913,1,20270914,1,20270915,1,20270916,1,20270917,1,20270920,1,20270921,1,20270922,1,20270923,1,20270924,1,20270927,1,20270928,1,20270929,1,20270930,1,20271001,1,20271004,1,20271005,1,20271006,1,20271007,1,20271008,1,20271011,1,20271012,1,20271013,1,20271014,1,20271015,1,20271018,1,20271019,1,20271020,1,20271021,1,20271022,1,20271025,1,20271026,1,20271027,1,20271028,1,20271029,1,20271101,1,20271102,1,20271103,1,20271104,1,20271105,1,20271108,1,20271109,1,20271110,1,20271111,1,20271112,1,20271115,1,20271116,1,20271117,1,20271118,1,20271119,1,20271122,1,20271123,1,20271124,1,20271125,1,20271126,1,20271129,1,20271130,1,20271201,1,20271202,1,20271203,1,20271206,1,20271207,1,20271208,1,20271209,1,20271210,1,20271213,1,20271214,1,20271215,1,20271216,1,20271217,1,20271220,1,20271221,1,20271222,1,20271223,1,20271224,1,20271227,1,20271228,1,20271229,1,20271230,1,20271231,1
'1475014',20261008,1,20261009,1,20261012,1,20261013,1,20261014,1,20261015,1,20261016,1,20261019,1,20261020,1,20261021,1,20261022,1,20261023,1,20261026,1,20261027,1,20261028,1,20261029,1,20261030,1,20261102,1,20261103,1,20261104,1,20261105,1,20261106,1,20261109,1,20261110,1,20261111,1,20261112,1,20261113,1,20261116,1,20261117,1,20261118,1,20261119,1,20261120,1,20261123,1,20261124,1,20261125,1,20261126,1,20261127,1,20261130,1,20261201,1,20261202,1,20261203,1,20261204,1,20261207,1,20261208,1,20261209,1,20261210,1,20261211,1,20261214,1,20261215,1,20261216,1,20261217,1,20261218,1,20261221,1,20261222,1,20261223,1,20261224,1,20261225,1,20261228,1,20261229,1,20261230,1,20261231,1,20270101,1,20270104,1,20270105,1,20270106,1,20270107,1,20270108,1,20270111,1,20270112,1,20270113,1,20270114,1,20270115,1,20270118,1,20270119,1,20270120,1,20270121,1,20270122,1,20270125,1,20270126,1,20270127,1,20270128,1,20270129,1,20270201,1,20270202,1,20270203,1,20270204,1,20270205,1,20270208,1,20270209,1,20270210,1,20270211,1,20270212,1,20270215,1,20270216,1,20270217,1,20270218,1,20270219,1,20270222,1,20270223,1,20270224,1,20270225,1,20270226,1,20270301,1,20270302,1,20270303,1,20270304,1,20270305,1,20270308,1,20270309,1,20270310,1,20270311,1,20270312,1,20270315,1,20270316,1,20270317,1,20270318,1,20270319,1,20270322,1,20270323,1,20270324,1,20270325,1,20270326,1,20270329,1,20270330,1,20270331,1,20270401,1,20270402,1,20270405,1,20270406,1,20270407,1,20270408,1,20270409,1,20270412,1,20270413,1,20270414,1,20270415,1,20270416,1,20270419,1,20270420,1,20270421,1,20270422,1,20270423,1,20270426,1,20270427,1,20270428,1,20270429,1,20270430,1,20270503,1,20270504,1,20270505,1,20270506,1,20270507,1,20270510,1,20270511,1,20270512,1,20270513,1,20270514,1,20270517,1,20270518,1,20270519,1,20270520,1,20270521,1,20270524,1,20270525,1,20270526,1,20270527,1,20270528,1,20270531,1,20270601,1,20270602,1,20270603,1,20270604,1,20270607,1,20270608,1,20270609,1,20270610,1,20270611,1,20270614,1,20270615,1,20270616,1,20270617,1,20270618,1,20270621,1,20270622,1,20270623,1,20270624,1,20270625,1,20270628,1,20270629,1,20270630,1,20270701,1,20270702,1,20270705,1,20270706,1,20270707,1,20270708,1,20270709,1,20270712,1,20270713,1,20270714,1,20270715,1,20270716,1,20270719,1,20270720,1,20270721,1,20270722,1,20270723,1,20270726,1,20270727,1,20270728,1,20270729,1,20270730,1,20270802,1,20270803,1,20270804,1,20270805,1,20270806,1,20270809,1,20270810,1,20270811,1,20270812,1,20270813,1,20270816,1,20270817,1,20270818,1,20270819,1,20270820,1,20270823,1,20270824,1,20270825,1,20270826,1,20270827,1,20270830,1,20270831,1,20270901,1,20270902,1,20270903,1,20270906,1,20270907,1,20270908,1,20270909,1,20270910,1,20270913,1,20270914,1,20270915,1,20270916,1,20270917,1,20270920,1,20270921,1,20270922,1,20270923,1,20270924,1,20270927,1,20270928,1,20270929,1,20270930,1,20271001,1,20271004,1,20271005,1,20271006,1,20271007,1,20271008,1,20271011,1,20271012,1,20271013,1,20271014,1,20271015,1,20271018,1,20271019,1,20271020,1,20271021,1,20271022,1,20271025,1,20271026,1,20271027,1,20271028,1,20271029,1,20271101,1,20271102,1,20271103,1,20271104,1,20271105,1,20271108,1,20271109,1,20271110,1,20271111,1,20271112,1,20271115,1,20271116,1,20271117,1,20271118,1,20271119,1,20271122,1,20271123,1,20271124,1,20271125,1,20271126,1,20271129,1,20271130,1,20271201,1,20271202,1,20271203,1,20271206,1,20271207,1,20271208,1,20271209,1,20271210,1,20271213,1,20271214,1,20271215,1,20271216,1,20271217,1,20271220,1,20271221,1,20271222,1,20271223,1,20271224,1,20271227,1,20271228,1,20271229,1,20271230,1,20271231,1
'1475015',20261008,1,20261009,1,20261012,1,20261013,1,20261014,1,20261015,1,20261016,1,20261019,1,20261020,1,20261021,1,20261022,1,20261023,1,20261026,1,20261027,1,20261028,1,20261029,1,20261030,1,20261102,1,20261103,1,20261104,1,20261105,1,20261106,1,20261109,1,20261110,1,20261111,1,20261112,1,20261113,1,20261116,1,20261117,1,20261118,1,20261119,1,20261120,1,20261123,1,20261124,1,20261125,1,20261126,1,20261127,1,20261130,1,20261201,1,20261202,1,20261203,1,20261204,1,20261207,1,20261208,1,20261209,1,20261210,1,20261211,1,20261214,1,20261215,1,20261216,1,20261217,1,20261218,1,20261221,1,20261222,1,20261223,1,20261224,1,20261225,1,20261228,1,20261229,1,20261230,1,20261231,1,20270101,1,20270104,1,20270105,1,20270106,1,20270107,1,20270108,1,20270111,1,20270112,1,20270113,1,20270114,1,20270115,1,20270118,1,20270119,1,20270120,1,20270121,1,20270122,1,20270125,1,20270126,1,20270127,1,20270128,1,20270129,1,20270201,1,20270202,1,20270203,1,20270204,1,20270205,1,20270208,1,20270209,1,20270210,1,20270211,1,20270212,1,20270215,1,20270216,1,20270217,1,20270218,1,20270219,1,20270222,1,20270223,1,20270224,1,20270225,1,20270226,1,20270301,1,20270302,1,20270303,1,20270304,1,20270305,1,20270308,1,20270309,1,20270310,1,20270311,1,20270312,1,20270315,1,20270316,1,20270317,1,20270318,1,20270319,1,20270322,1,20270323,1,20270324,1,20270325,1,20270326,1,20270329,1,20270330,1,20270331,1,20270401,1,20270402,1,20270405,1,20270406,1,20270407,1,20270408,1,20270409,1,20270412,1,20270413,1,20270414,1,20270415,1,20270416,1,20270419,1,20270420,1,20270421,1,20270422,1,20270423,1,20270426,1,20270427,1,20270428,1,20270429,1,20270430,1,20270503,1,20270504,1,20270505,1,20270506,1,20270507,1,20270510,1,20270511,1,20270512,1,20270513,1,20270514,1,20270517,1,20270518,1,20270519,1,20270520,1,20270521,1,20270524,1,20270525,1,20270526,1,20270527,1,20270528,1,20270531,1,20270601,1,20270602,1,20270603,1,20270604,1,20270607,1,20270608,1,20270609,1,20270610,1,20270611,1,20270614,1,20270615,1,20270616,1,20270617,1,20270618,1,20270621,1,20270622,1,20270623,1,20270624,1,20270625,1,20270628,1,20270629,1,20270630,1,20270701,1,20270702,1,20270705,1,20270706,1,20270707,1,20270708,1,20270709,1,20270712,1,20270713,1,20270714,1,20270715,1,20270716,1,20270719,1,20270720,1,20270721,1,20270722,1,20270723,1,20270726,1,20270727,1,20270728,1,20270729,1,20270730,1,20270802,1,20270803,1,20270804,1,20270805,1,20270806,1,20270809,1,20270810,1,20270811,1,20270812,1,20270813,1,20270816,1,20270817,1,20270818,1,20270819,1,20270820,1,20270823,1,20270824,1,20270825,1,20270826,1,20270827,1,20270830,1,20270831,1,20270901,1,20270902,1,20270903,1,20270906,1,20270907,1,20270908,1,20270909,1,20270910,1,20270913,1,20270914,1,20270915,1,20270916,1,20270917,1,20270920,1,20270921,1,20270922,1,20270923,1,20270924,1,20270927,1,20270928,1,20270929,1,20270930,1,20271001,1,20271004,1,20271005,1,20271006,1,20271007,1,20271008,1,20271011,1,20271012,1,20271013,1,20271014,1,20271015,1,20271018,1,20271019,1,20271020,1,20271021,1,20271022,1,20271025,1,20271026,1,20271027,1,20271028,1,20271029,1,20271101,1,20271102,1,20271103,1,20271104,1,20271105,1,20271108,1,20271109,1,20271110,1,20271111,1,20271112,1,20271115,1,20271116,1,20271117,1,20271118,1,20271119,1,20271122,1,20271123,1,20271124,1,20271125,1,20271126,1,20271129,1,20271130,1,20271201,1,20271202,1,20271203,1,20271206,1,20271207,1,20271208,1,20271209,1,20271210,1,20271213,1,20271214,1,20271215,1,20271216,1,20271217,1,20271220,1,20271221,1,20271222,1,20271223,1,20271224,1,20271227,1,20271228,1,20271229,1,20271230,1,20271231,1
'1475016',20261008,1,20261009,1,20261012,1,20261013,1,20261014,1,20261015,1,20261016,1,20261019,1,20261020,1,20261021,1,20261022,1,20261023,1,20261026,1,20261027,1,20261028,1,20261029,1,20261030,1,20261102,1,20261103,1,20261104,1,20261105,1,20261106,1,20261109,1,20261110,1,20261111,1,20261112,1,20261113,1,20261116,1,20261117,1,20261118,1,20261119,1,20261120,1,20261123,1,20261124,1,20261125,1,20261126,1,20261127,1,20261130,1,20261201,1,20261202,1,20261203,1,20261204,1,20261207,1,20261208,1,20261209,1,20261210,1,20261211,1,20261214,1,20261215,1,20261216,1,20261217,1,20261218,1,20261221,1,20261222,1,20261223,1,20261224,1,20261225,1,20261228,1,20261229,1,20261230,1,20261231,1,20270101,1,20270104,1,20270105,1,20270106,1,20270107,1,20270108,1,20270111,1,20270112,1,20270113,1,20270114,1,20270115,1,20270118,1,20270119,1,20270120,1,20270121,1,20270122,1,20270125,1,20270126,1,20270127,1,20270128,1,20270129,1,20270201,1,20270202,1,20270203,1,20270204,1,20270205,1,20270208,1,20270209,1,20270210,1,20270211,1,20270212,1,20270215,1,20270216,1,20270217,1,20270218,1,20270219,1,20270222,1,20270223,1,20270224,1,20270225,1,20270226,1,20270301,1,20270302,1,20270303,1,20270304,1,20270305,1,20270308,1,20270309,1,20270310,1,20270311,1,20270312,1,20270315,1,20270316,1,20270317,1,20270318,1,20270319,1,20270322,1,20270323,1,20270324,1,20270325,1,20270326,1,20270329,1,20270330,1,20270331,1,20270401,1,20270402,1,20270405,1,20270406,1,20270407,1,20270408,1,20270409,1,20270412,1,20270413,1,20270414,1,20270415,1,20270416,1,20270419,1,20270420,1,20270421,1,20270422,1,20270423,1,20270426,1,20270427,1,20270428,1,20270429,1,20270430,1,20270503,1,20270504,1,20270505,1,20270506,1,20270507,1,20270510,1,20270511,1,20270512,1,20270513,1,20270514,1,20270517,1,20270518,1,20270519,1,20270520,1,20270521,1,20270524,1,20270525,1,20270526,1,20270527,1,20270528,1,20270531,1,20270601,1,20270602,1,20270603,1,20270604,1,20270607,1,20270608,1,20270609,1,20270610,1,20270611,1,20270614,1,20270615,1,20270616,1,20270617,1,20270618,1,20270621,1,20270622,1,20270623,1,20270624,1,20270625,1,20270628,1,20270629,1,20270630,1,20270701,1,20270702,1,20270705,1,20270706,1,20270707,1,20270708,1,20270709,1,20270712,1,20270713,1,20270714,1,20270715,1,20270716,1,20270719,1,20270720,1,20270721,1,20270722,1,20270723,1,20270726,1,20270727,1,20270728,1,20270729,1,20270730,1,20270802,1,20270803,1,20270804,1,20270805,1,20270806,1,20270809,1,20270810,1,20270811,1,20270812,1,20270813,1,20270816,1,20270817,1,20270818,1,20270819,1,20270820,1,20270823,1,20270824,1,20270825,1,20270826,1,20270827,1,20270830,1,20270831,1,20270901,1,20270902,1,20270903,1,20270906,1,20270907,1,20270908,1,20270909,1,20270910,1,20270913,1,20270914,1,20270915,1,20270916,1,20270917,1,20270920,1,20270921,1,20270922,1,20270923,1,20270924,1,20270927,1,20270928,1,20270929,1,20270930,1,20271001,1,20271004,1,20271005,1,20271006,1,20271007,1,20271008,1,20271011,1,20271012,1,20271013,1,20271014,1,20271015,1,20271018,1,20271019,1,20271020,1,20271021,1,20271022,1,20271025,1,20271026,1,20271027,1,20271028,1,20271029,1,20271101,1,20271102,1,20271103,1,20271104,1,20271105,1,20271108,1,20271109,1,20271110,1,20271111,1,20271112,1,20271115,1,20271116,1,20271117,1,20271118,1,20271119,1,20271122,1,20271123,1,20271124,1,20271125,1,20271126,1,20271129,1,20271130,1,20271201,1,20271202,1,20271203,1,20271206,1,20271207,1,20271208,1,20271209,1,20271210,1,20271213,1,20271214,1,20271215,1,20271216,1,20271217,1,20271220,1,20271221,1,20271222,1,20271223,1,20271224,1,20271227,1,20271228,1,20271229,1,20271230,1,20271231,1
'1475017',20261008,1,20261009,1,20261012,1,20261013,1,20261014,1,20261015,1,20261016,1,20261019,1,20261020,1,20261021,1,20261022,1,20261023,1,20261026,1,20261027,1,20261028,1,20261029,1,20261030,1,20261102,1,20261103,1,20261104,1,20261105,1,20261106,1,20261109,1,20261110,1,20261111,1,20261112,1,20261113,1,20261116,1,20261117,1,20261118,1,20261119,1,20261120,1,20261123,1,20261124,1,20261125,1,20261126,1,20261127,1,20261130,1,20261201,1,20261202,1,20261203,1,20261204,1,20261207,1,20261208,1,20261209,1,20261210,1,20261211,1,20261214,1,20261215,1,20261216,1,20261217,1,20261218,1,20261221,1,20261222,1,20261223,1,20261224,1,20261225,1,20261228,1,20261229,1,20261230,1,20261231,1,20270101,1,20270104,1,20270105,1,20270106,1,20270107,1,20270108,1,20270111,1,20270112,1,20270113,1,20270114,1,20270115,1,20270118,1,20270119,1,20270120,1,20270121,1,20270122,1,20270125,1,20270126,1,20270127,1,20270128,1,20270129,1,20270201,1,20270202,1,20270203,1,20270204,1,20270205,1,20270208,1,20270209,1,20270210,1,20270211,1,20270212,1,20270215,1,20270216,1,20270217,1,20270218,1,20270219,1,20270222,1,20270223,1,20270224,1,20270225,1,20270226,1,20270301,1,20270302,1,20270303,1,20270304,1,20270305,1,20270308,1,20270309,1,20270310,1,20270311,1,20270312,1,20270315,1,20270316,1,20270317,1,20270318,1,20270319,1,20270322,1,20270323,1,20270324,1,20270325,1,20270326,1,20270329,1,20270330,1,20270331,1,20270401,1,20270402,1,20270405,1,20270406,1,20270407,1,20270408,1,20270409,1,20270412,1,20270413,1,20270414,1,20270415,1,20270416,1,20270419,1,20270420,1,20270421,1,20270422,1,20270423,1,20270426,1,20270427,1,20270428,1,20270429,1,20270430,1,20270503,1,20270504,1,20270505,1,20270506,1,20270507,1,20270510,1,20270511,1,20270512,1,20270513,1,20270514,1,20270517,1,20270518,1,20270519,1,20270520,1,20270521,1,20270524,1,20270525,1,20270526,1,20270527,1,20270528,1,20270531,1,20270601,1,20270602,1,20270603,1,20270604,1,20270607,1,20270608,1,20270609,1,20270610,1,20270611,1,20270614,1,20270615,1,20270616,1,20270617,1,20270618,1,20270621,1,20270622,1,20270623,1,20270624,1,20270625,1,20270628,1,20270629,1,20270630,1,20270701,1,20270702,1,20270705,1,20270706,1,20270707,1,20270708,1,20270709,1,20270712,1,20270713,1,20270714,1,20270715,1,20270716,1,20270719,1,20270720,1,20270721,1,20270722,1,20270723,1,20270726,1,20270727,1,20270728,1,20270729,1,20270730,1,20270802,1,20270803,1,20270804,1,20270805,1,20270806,1,20270809,1,20270810,1,20270811,1,20270812,1,20270813,1,20270816,1,20270817,1,20270818,1,20270819,1,20270820,1,20270823,1,20270824,1,20270825,1,20270826,1,20270827,1,20270830,1,20270831,1,20270901,1,20270902,1,20270903,1,20270906,1,20270907,1,20270908,1,20270909,1,20270910,1,20270913,1,20270914,1,20270915,1,20270916,1,20270917,1,20270920,1,20270921,1,20270922,1,20270923,1,20270924,1,20270927,1,20270928,1,20270929,1,20270930,1,20271001,1,20271004,1,20271005,1,20271006,1,20271007,1,20271008,1,20271011,1,20271012,1,20271013,1,20271014,1,20271015,1,20271018,1,20271019,1,20271020,1,20271021,1,20271022,1,20271025,1,20271026,1,20271027,1,20271028,1,20271029,1,20271101,1,20271102,1,20271103,1,20271104,1,20271105,1,20271108,1,20271109,1,20271110,1,20271111,1,20271112,1,20271115,1,20271116,1,20271117,1,20271118,1,20271119,1,20271122,1,20271123,1,20271124,1,20271125,1,20271126,1,20271129,1,20271130,1,20271201,1,20271202,1,20271203,1,20271206,1,20271207,1,20271208,1,20271209,1,20271210,1,20271213,1,20271214,1,20271215,1,20271216,1,20271217,1,20271220,1,20271221,1,20271222,1,20271223,1,20271224,1,20271227,1,20271228,1,20271229,1,20271230,1,20271231,1
'1475018',20261008,1,20261009,1,20261012,1,20261013,1,20261014,1,20261015,1,20261016,1,20261019,1,20261020,1,20261021,1,20261022,1,20261023,1,20261026,1,20261027,1,20261028,1,20261029,1,20261030,1,20261102,1,20261103,1,20261104,1,20261105,1,20261106,1,20261109,1,20261110,1,20261111,1,20261112,1,20261113,1,20261116,1,20261117,1,20261118,1,20261119,1,20261120,1,20261123,1,20261124,1,20261125,1,20261126,1,20261127,1,20261130,1,20261201,1,20261202,1,20261203,1,20261204,1,20261207,1,20261208,1,20261209,1,20261210,1,20261211,1,20261214,1,20261215,1,20261216,1,20261217,1,20261218,1,20261221,1,20261222,1,20261223,1,20261224,1,20261225,1,20261228,1,20261229,1,20261230,1,20261231,1,20270101,1,20270104,1,20270105,1,20270106,1,20270107,1,20270108,1,20270111,1,20270112,1,20270113,1,20270114,1,20270115,1,20270118,1,20270119,1,20270120,1,20270121,1,20270122,1,20270125,1,20270126,1,20270127,1,20270128,1,20270129,1,20270201,1,20270202,1,20270203,1,20270204,1,20270205,1,20270208,1,20270209,1,20270210,1,20270211,1,20270212,1,20270215,1,20270216,1,20270217,1,20270218,1,20270219,1,20270222,1,20270223,1,20270224,1,20270225,1,20270226,1,20270301,1,20270302,1,20270303,1,20270304,1,20270305,1,20270308,1,20270309,1,20270310,1,20270311,1,20270312,1,20270315,1,20270316,1,20270317,1,20270318,1,20270319,1,20270322,1,20270323,1,20270324,1,20270325,1,20270326,1,20270329,1,20270330,1,20270331,1,20270401,1,20270402,1,20270405,1,20270406,1,20270407,1,20270408,1,20270409,1,20270412,1,20270413,1,20270414,1,20270415,1,20270416,1,20270419,1,20270420,1,20270421,1,20270422,1,20270423,1,20270426,1,20270427,1,20270428,1,20270429,1,20270430,1,20270503,1,20270504,1,20270505,1,20270506,1,20270507,1,20270510,1,20270511,1,20270512,1,20270513,1,20270514,1,20270517,1,20270518,1,20270519,1,20270520,1,20270521,1,20270524,1,20270525,1,20270526,1,20270527,1,20270528,1,20270531,1,20270601,1,20270602,1,20270603,1,20270604,1,20270607,1,20270608,1,20270609,1,20270610,1,20270611,1,20270614,1,20270615,1,20270616,1,20270617,1,20270618,1,20270621,1,20270622,1,20270623,1,20270624,1,20270625,1,20270628,1,20270629,1,20270630,1,20270701,1,20270702,1,20270705,1,20270706,1,20270707,1,20270708,1,20270709,1,20270712,1,20270713,1,20270714,1,20270715,1,20270716,1,20270719,1,20270720,1,20270721,1,20270722,1,20270723,1,20270726,1,20270727,1,20270728,1,20270729,1,20270730,1,20270802,1,20270803,1,20270804,1,20270805,1,20270806,1,20270809,1,20270810,1,20270811,1,20270812,1,20270813,1,20270816,1,20270817,1,20270818,1,20270819,1,20270820,1,20270823,1,20270824,1,20270825,1,20270826,1,20270827,1,20270830,1,20270831,1,20270901,1,20270902,1,20270903,1,20270906,1,20270907,1,20270908,1,20270909,1,20270910,1,20270913,1,20270914,1,20270915,1,20270916,1,20270917,1,20270920,1,20270921,1,20270922,1,20270923,1,20270924,1,20270927,1,20270928,1,20270929,1,20270930,1,20271001,1,20271004,1,20271005,1,20271006,1,20271007,1,20271008,1,20271011,1,20271012,1,20271013,1,20271014,1,20271015,1,20271018,1,20271019,1,20271020,1,20271021,1,20271022,1,20271025,1,20271026,1,20271027,1,20271028,1,20271029,1,20271101,1,20271102,1,20271103,1,20271104,1,20271105,1,20271108,1,20271109,1,20271110,1,20271111,1,20271112,1,20271115,1,20271116,1,20271117,1,20271118,1,20271119,1,20271122,1,20271123,1,20271124,1,20271125,1,20271126,1,20271129,1,20271130,1,20271201,1,20271202,1,20271203,1,20271206,1,20271207,1,20271208,1,20271209,1,20271210,1,20271213,1,20271214,1,20271215,1,20271216,1,20271217,1,20271220,1,20271221,1,20271222,1,20271223,1,20271224,1,20271227,1,20271228,1,20271229,1,20271230,1,20271231,1
'1475019',20261008,1,20261009,1,20261012,1,20261013,1,20261014,1,20261015,1,20261016,1,20261019,1,20261020,1,20261021,1,20261022,1,20261023,1,20261026,1,20261027,1,20261028,1,20261029,1,20261030,1,20261102,1,20261103,1,20261104,1,20261105,1,20261106,1,20261109,1,20261110,1,20261111,1,20261112,1,20261113,1,20261116,1,20261117,1,20261118,1,20261119,1,20261120,1,20261123,1,20261124,1,20261125,1,20261126,1,20261127,1,20261130,1,20261201,1,20261202,1,20261203,1,20261204,1,20261207,1,20261208,1,20261209,1,20261210,1,20261211,1,20261214,1,20261215,1,20261216,1,20261217,1,20261218,1,20261221,1,20261222,1,20261223,1,20261224,1,20261225,1,20261228,1,20261229,1,20261230,1,20261231,1,20270101,1,20270104,1,20270105,1,20270106,1,20270107,1,20270108,1,20270111,1,20270112,1,20270113,1,20270114,1,20270115,1,20270118,1,20270119,1,20270120,1,20270121,1,20270122,1,20270125,1,20270126,1,20270127,1,20270128,1,20270129,1,20270201,1,20270202,1,20270203,1,20270204,1,20270205,1,20270208,1,20270209,1,20270210,1,20270211,1,20270212,1,20270215,1,20270216,1,20270217,1,20270218,1,20270219,1,20270222,1,20270223,1,20270224,1,20270225,1,20270226,1,20270301,1,20270302,1,20270303,1,20270304,1,20270305,1,20270308,1,20270309,1,20270310,1,20270311,1,20270312,1,20270315,1,20270316,1,20270317,1,20270318,1,20270319,1,20270322,1,20270323,1,20270324,1,20270325,1,20270326,1,20270329,1,20270330,1,20270331,1,20270401,1,20270402,1,20270405,1,20270406,1,20270407,1,20270408,1,20270409,1,20270412,1,20270413,1,20270414,1,20270415,1,20270416,1,20270419,1,20270420,1,20270421,1,20270422,1,20270423,1,20270426,1,20270427,1,20270428,1,20270429,1,20270430,1,20270503,1,20270504,1,20270505,1,20270506,1,20270507,1,20270510,1,20270511,1,20270512,1,20270513,1,20270514,1,20270517,1,20270518,1,20270519,1,20270520,1,20270521,1,20270524,1,20270525,1,20270526,1,20270527,1,20270528,1,20270531,1,20270601,1,20270602,1,20270603,1,20270604,1,20270607,1,20270608,1,20270609,1,20270610,1,20270611,1,20270614,1,20270615,1,20270616,1,20270617,1,20270618,1,20270621,1,20270622,1,20270623,1,20270624,1,20270625,1,20270628,1,20270629,1,20270630,1,20270701,1,20270702,1,20270705,1,20270706,1,20270707,1,20270708,1,20270709,1,20270712,1,20270713,1,20270714,1,20270715,1,20270716,1,20270719,1,20270720,1,20270721,1,20270722,1,20270723,1,20270726,1,20270727,1,20270728,1,20270729,1,20270730,1,20270802,1,20270803,1,20270804,1,20270805,1,20270806,1,20270809,1,20270810,1,20270811,1,20270812,1,20270813,1,20270816,1,20270817,1,20270818,1,20270819,1,20270820,1,20270823,1,20270824,1,20270825,1,20270826,1,20270827,1,20270830,1,20270831,1,20270901,1,20270902,1,20270903,1,20270906,1,20270907,1,20270908,1,20270909,1,20270910,1,20270913,1,20270914,1,20270915,1,20270916,1,20270917,1,20270920,1,20270921,1,20270922,1,20270923,1,20270924,1,20270927,1,20270928,1,20270929,1,20270930,1,20271001,1,20271004,1,20271005,1,20271006,1,20271007,1,20271008,1,20271011,1,20271012,1,20271013,1,20271014,1,20271015,1,20271018,1,20271019,1,20271020,1,20271021,1,20271022,1,20271025,1,20271026,1,20271027,1,20271028,1,20271029,1,20271101,1,20271102,1,20271103,1,20271104,1,20271105,1,20271108,1,20271109,1,20271110,1,20271111,1,20271112,1,20271115,1,20271116,1,20271117,1,20271118,1,20271119,1,20271122,1,20271123,1,20271124,1,20271125,1,20271126,1,20271129,1,20271130,1,20271201,1,20271202,1,20271203,1,20271206,1,20271207,1,20271208,1,20271209,1,20271210,1,20271213,1,20271214,1,20271215,1,20271216,1,20271217,1,20271220,1,20271221,1,20271222,1,20271223,1,20271224,1,20271227,1,20271228,1,20271229,1,20271230,1,20271231,1
'1475020',20261008,1,20261009,1,20261012,1,20261013,1,20261014,1,20261015,1,20261016,1,20261019,1,20261020,1,20261021,1,20261022,1,20261023,1,20261026,1,20261027,1,20261028,1,20261029,1,20261030,1,20261102,1,20261103,1,20261104,1,20261105,1,20261106,1,20261109,1,20261110,1,20261111,1,20261112,1,20261113,1,20261116,1,20261117,1,20261118,1,20261119,1,20261120,1,20261123,1,20261124,1,20261125,1,20261126,1,20261127,1,20261130,1,20261201,1,20261202,1,20261203,1,20261204,1,20261207,1,20261208,1,20261209,1,20261210,1,20261211,1,20261214,1,20261215,1,20261216,1,20261217,1,20261218,1,20261221,1,20261222,1,20261223,1,20261224,1,20261225,1,20261228,1,20261229,1,20261230,1,20261231,1,20270101,1,20270104,1,20270105,1,20270106,1,20270107,1,20270108,1,20270111,1,20270112,1,20270113,1,20270114,1,20270115,1,20270118,1,20270119,1,20270120,1,20270121,1,20270122,1,20270125,1,20270126,1,20270127,1,20270128,1,20270129,1,20270201,1,20270202,1,20270203,1,20270204,1,20270205,1,20270208,1,20270209,1,20270210,1,20270211,1,20270212,1,20270215,1,20270216,1,20270217,1,20270218,1,20270219,1,20270222,1,20270223,1,20270224,1,20270225,1,20270226,1,20270301,1,20270302,1,20270303,1,20270304,1,20270305,1,20270308,1,20270309,1,20270310,1,20270311,1,20270312,1,20270315,1,20270316,1,20270317,1,20270318,1,20270319,1,20270322,1,20270323,1,20270324,1,20270325,1,20270326,1,20270329,1,20270330,1,20270331,1,20270401,1,20270402,1,20270405,1,20270406,1,20270407,1,20270408,1,20270409,1,20270412,1,20270413,1,20270414,1,20270415,1,20270416,1,20270419,1,20270420,1,20270421,1,20270422,1,20270423,1,20270426,1,20270427,1,20270428,1,20270429,1,20270430,1,20270503,1,20270504,1,20270505,1,20270506,1,20270507,1,20270510,1,20270511,1,20270512,1,20270513,1,20270514,1,20270517,1,20270518,1,20270519,1,20270520,1,20270521,1,20270524,1,20270525,1,20270526,1,20270527,1,20270528,1,20270531,1,20270601,1,20270602,1,20270603,1,20270604,1,20270607,1,20270608,1,20270609,1,20270610,1,20270611,1,20270614,1,20270615,1,20270616,1,20270617,1,20270618,1,20270621,1,20270622,1,20270623,1,20270624,1,20270625,1,20270628,1,20270629,1,20270630,1,20270701,1,20270702,1,20270705,1,20270706,1,20270707,1,20270708,1,20270709,1,20270712,1,20270713,1,20270714,1,20270715,1,20270716,1,20270719,1,20270720,1,20270721,1,20270722,1,20270723,1,20270726,1,20270727,1,20270728,1,20270729,1,20270730,1,20270802,1,20270803,1,20270804,1,20270805,1,20270806,1,20270809,1,20270810,1,20270811,1,20270812,1,20270813,1,20270816,1,20270817,1,20270818,1,20270819,1,20270820,1,20270823,1,20270824,1,20270825,1,20270826,1,20270827,1,20270830,1,20270831,1,20270901,1,20270902,1,20270903,1,20270906,1,20270907,1,20270908,1,20270909,1,20270910,1,20270913,1,20270914,1,20270915,1,20270916,1,20270917,1,20270920,1,20270921,1,20270922,1,20270923,1,20270924,1,20270927,1,20270928,1,20270929,1,20270930,1,20271001,1,20271004,1,20271005,1,20271006,1,20271007,1,20271008,1,20271011,1,20271012,1,20271013,1,20271014,1,20271015,1,20271018,1,20271019,1,20271020,1,20271021,1,20271022,1,20271025,1,20271026,1,20271027,1,20271028,1,20271029,1,20271101,1,20271102,1,20271103,1,20271104,1,20271105,1,20271108,1,20271109,1,20271110,1,20271111,1,20271112,1,20271115,1,20271116,1,20271117,1,20271118,1,20271119,1,20271122,1,20271123,1,20271124,1,20271125,1,20271126,1,20271129,1,20271130,1,20271201,1,20271202,1,20271203,1,20271206,1,20271207,1,20271208,1,20271209,1,20271210,1,20271213,1,20271214,1,20271215,1,20271216,1,20271217,1,20271220,1,20271221,1,20271222,1,20271223,1,20271224,1,20271227,1,20271228,1,20271229,1,20271230,1,20271231,1
'1475021',20261008,1,20261009,1,20261012,1,20261013,1,20261014,1,20261015,1,20261016,1,20261019,1,20261020,1,20261021,1,20261022,1,20261023,1,20261026,1,20261027,1,20261028,1,20261029,1,20261030,1,20261102,1,20261103,1,20261104,1,20261105,1,20261106,1,20261109,1,20261110,1,20261111,1,20261112,1,20261113,1,20261116,1,20261117,1,20261118,1,20261119,1,20261120,1,20261123,1,20261124,1,20261125,1,20261126,1,20261127,1,20261130,1,20261201,1,20261202,1,20261203,1,20261204,1,20261207,1,20261208,1,20261209,1,20261210,1,20261211,1,20261214,1,20261215,1,20261216,1,20261217,1,20261218,1,20261221,1,20261222,1,20261223,1,20261224,1,20261225,1,20261228,1,20261229,1,20261230,1,20261231,1,20270101,1,20270104,1,20270105,1,20270106,1,20270107,1,20270108,1,20270111,1,20270112,1,20270113,1,20270114,1,20270115,1,20270118,1,20270119,1,20270120,1,20270121,1,20270122,1,20270125,1,20270126,1,20270127,1,20270128,1,20270129,1,20270201,1,20270202,1,20270203,1,20270204,1,20270205,1,20270208,1,20270209,1,20270210,1,20270211,1,20270212,1,20270215,1,20270216,1,20270217,1,20270218,1,20270219,1,20270222,1,20270223,1,20270224,1,20270225,1,20270226,1,20270301,1,20270302,1,20270303,1,20270304,1,20270305,1,20270308,1,20270309,1,20270310,1,20270311,1,20270312,1,20270315,1,20270316,1,20270317,1,20270318,1,20270319,1,20270322,1,20270323,1,20270324,1,20270325,1,20270326,1,20270329,1,20270330,1,20270331,1,20270401,1,20270402,1,20270405,1,20270406,1,20270407,1,20270408,1,20270409,1,20270412,1,20270413,1,20270414,1,20270415,1,20270416,1,20270419,1,20270420,1,20270421,1,20270422,1,20270423,1,20270426,1,20270427,1,20270428,1,20270429,1,20270430,1,20270503,1,20270504,1,20270505,1,20270506,1,20270507,1,20270510,1,20270511,1,20270512,1,20270513,1,20270514,1,20270517,1,20270518,1,20270519,1,20270520,1,20270521,1,20270524,1,20270525,1,20270526,1,20270527,1,20270528,1,20270531,1,20270601,1,20270602,1,20270603,1,20270604,1,20270607,1,20270608,1,20270609,1,20270610,1,20270611,1,20270614,1,20270615,1,20270616,1,20270617,1,20270618,1,20270621,1,20270622,1,20270623,1,20270624,1,20270625,1,20270628,1,20270629,1,20270630,1,20270701,1,20270702,1,20270705,1,20270706,1,20270707,1,20270708,1,20270709,1,20270712,1,20270713,1,20270714,1,20270715,1,20270716,1,20270719,1,20270720,1,20270721,1,20270722,1,20270723,1,20270726,1,20270727,1,20270728,1,20270729,1,20270730,1,20270802,1,20270803,1,20270804,1,20270805,1,20270806,1,20270809,1,20270810,1,20270811,1,20270812,1,20270813,1,20270816,1,20270817,1,20270818,1,20270819,1,20270820,1,20270823,1,20270824,1,20270825,1,20270826,1,20270827,1,20270830,1,20270831,1,20270901,1,20270902,1,20270903,1,20270906,1,20270907,1,20270908,1,20270909,1,20270910,1,20270913,1,20270914,1,20270915,1,20270916,1,20270917,1,20270920,1,20270921,1,20270922,1,20270923,1,20270924,1,20270927,1,20270928,1,20270929,1,20270930,1,20271001,1,20271004,1,20271005,1,20271006,1,20271007,1,20271008,1,20271011,1,20271012,1,20271013,1,20271014,1,20271015,1,20271018,1,20271019,1,20271020,1,20271021,1,20271022,1,20271025,1,20271026,1,20271027,1,20271028,1,20271029,1,20271101,1,20271102,1,20271103,1,20271104,1,20271105,1,20271108,1,20271109,1,20271110,1,20271111,1,20271112,1,20271115,1,20271116,1,20271117,1,20271118,1,20271119,1,20271122,1,20271123,1,20271124,1,20271125,1,20271126,1,20271129,1,20271130,1,20271201,1,20271202,1,20271203,1,20271206,1,20271207,1,20271208,1,20271209,1,20271210,1,20271213,1,20271214,1,20271215,1,20271216,1,20271217,1,20271220,1,20271221,1,20271222,1,20271223,1,20271224,1,20271227,1,20271228,1,20271229,1,20271230,1,20271231,1
'1475022',20261008,1,20261009,1,20261012,1,20261013,1,20261014,1,20261015,1,20261016,1,20261019,1,20261020,1,20261021,1,20261022,1,20261023,1,20261026,1,20261027,1,20261028,1,20261029,1,20261030,1,20261102,1,20261103,1,20261104,1,20261105,1,20261106,1,20261109,1,20261110,1,20261111,1,20261112,1,20261113,1,20261116,1,20261117,1,20261118,1,20261119,1,20261120,1,20261123,1,20261124,1,20261125,1,20261126,1,20261127,1,20261130,1,20261201,1,20261202,1,20261203,1,20261204,1,20261207,1,20261208,1,20261209,1,20261210,1,20261211,1,20261214,1,20261215,1,20261216,1,20261217,1,20261218,1,20261221,1,20261222,1,20261223,1,20261224,1,20261225,1,20261228,1,20261229,1,20261230,1,20261231,1,20270101,1,20270104,1,20270105,1,20270106,1,20270107,1,20270108,1,20270111,1,20270112,1,20270113,1,20270114,1,20270115,1,20270118,1,20270119,1,20270120,1,20270121,1,20270122,1,20270125,1,20270126,1,20270127,1,20270128,1,20270129,1,20270201,1,20270202,1,20270203,1,20270204,1,20270205,1,20270208,1,20270209,1,20270210,1,20270211,1,20270212,1,20270215,1,20270216,1,20270217,1,20270218,1,20270219,1,20270222,1,20270223,1,20270224,1,20270225,1,20270226,1,20270301,1,20270302,1,20270303,1,20270304,1,20270305,1,20270308,1,20270309,1,20270310,1,20270311,1,20270312,1,20270315,1,20270316,1,20270317,1,20270318,1,20270319,1,20270322,1,20270323,1,20270324,1,20270325,1,20270326,1,20270329,1,20270330,1,20270331,1,20270401,1,20270402,1,20270405,1,20270406,1,20270407,1,20270408,1,20270409,1,20270412,1,20270413,1,20270414,1,20270415,1,20270416,1,20270419,1,20270420,1,20270421,1,20270422,1,20270423,1,20270426,1,20270427,1,20270428,1,20270429,1,20270430,1,20270503,1,20270504,1,20270505,1,20270506,1,20270507,1,20270510,1,20270511,1,20270512,1,20270513,1,20270514,1,20270517,1,20270518,1,20270519,1,20270520,1,20270521,1,20270524,1,20270525,1,20270526,1,20270527,1,20270528,1,20270531,1,20270601,1,20270602,1,20270603,1,20270604,1,20270607,1,20270608,1,20270609,1,20270610,1,20270611,1,20270614,1,20270615,1,20270616,1,20270617,1,20270618,1,20270621,1,20270622,1,20270623,1,20270624,1,20270625,1,20270628,1,20270629,1,20270630,1,20270701,1,20270702,1,20270705,1,20270706,1,20270707,1,20270708,1,20270709,1,20270712,1,20270713,1,20270714,1,20270715,1,20270716,1,20270719,1,20270720,1,20270721,1,20270722,1,20270723,1,20270726,1,20270727,1,20270728,1,20270729,1,20270730,1,20270802,1,20270803,1,20270804,1,20270805,1,20270806,1,20270809,1,20270810,1,20270811,1,20270812,1,20270813,1,20270816,1,20270817,1,20270818,1,20270819,1,20270820,1,20270823,1,20270824,1,20270825,1,20270826,1,20270827,1,20270830,1,20270831,1,20270901,1,20270902,1,20270903,1,20270906,1,20270907,1,20270908,1,20270909,1,20270910,1,20270913,1,20270914,1,20270915,1,20270916,1,20270917,1,20270920,1,20270921,1,20270922,1,20270923,1,20270924,1,20270927,1,20270928,1,20270929,1,20270930,1,20271001,1,20271004,1,20271005,1,20271006,1,20271007,1,20271008,1,20271011,1,20271012,1,20271013,1,20271014,1,20271015,1,20271018,1,20271019,1,20271020,1,20271021,1,20271022,1,20271025,1,20271026,1,20271027,1,20271028,1,20271029,1,20271101,1,20271102,1,20271103,1,20271104,1,20271105,1,20271108,1,20271109,1,20271110,1,20271111,1,20271112,1,20271115,1,20271116,1,20271117,1,20271118,1,20271119,1,20271122,1,20271123,1,20271124,1,20271125,1,20271126,1,20271129,1,20271130,1,20271201,1,20271202,1,20271203,1,20271206,1,20271207,1,20271208,1,20271209,1,20271210,1,20271213,1,20271214,1,20271215,1,20271216,1,20271217,1,20271220,1,20271221,1,20271222,1,20271223,1,20271224,1,20271227,1,20271228,1,20271229,1,20271230,1,20271231,1
'1475023',20261008,1,20261009,1,20261012,1,20261013,1,20261014,1,20261015,1,20261016,1,20261019,1,20261020,1,20261021,1,20261022,1,20261023,1,20261026,1,20261027,1,20261028,1,20261029,1,20261030,1,20261102,1,20261103,1,20261104,1,20261105,1,20261106,1,20261109,1,20261110,1,20261111,1,20261112,1,20261113,1,20261116,1,20261117,1,20261118,1,20261119,1,20261120,1,20261123,1,20261124,1,20261125,1,20261126,1,20261127,1,20261130,1,20261201,1,20261202,1,20261203,1,20261204,1,20261207,1,20261208,1,20261209,1,20261210,1,20261211,1,20261214,1,20261215,1,20261216,1,20261217,1,20261218,1,20261221,1,20261222,1,20261223,1,20261224,1,20261225,1,20261228,1,20261229,1,20261230,1,20261231,1,20270101,1,20270104,1,20270105,1,20270106,1,20270107,1,20270108,1,20270111,1,20270112,1,20270113,1,20270114,1,20270115,1,20270118,1,20270119,1,20270120,1,20270121,1,20270122,1,20270125,1,20270126,1,20270127,1,20270128,1,20270129,1,20270201,1,20270202,1,20270203,1,20270204,1,20270205,1,20270208,1,20270209,1,20270210,1,20270211,1,20270212,1,20270215,1,20270216,1,20270217,1,20270218,1,20270219,1,20270222,1,20270223,1,20270224,1,20270225,1,20270226,1,20270301,1,20270302,1,20270303,1,20270304,1,20270305,1,20270308,1,20270309,1,20270310,1,20270311,1,20270312,1,20270315,1,20270316,1,20270317,1,20270318,1,20270319,1,20270322,1,20270323,1,20270324,1,20270325,1,20270326,1,20270329,1,20270330,1,20270331,1,20270401,1,20270402,1,20270405,1,20270406,1,20270407,1,20270408,1,20270409,1,20270412,1,20270413,1,20270414,1,20270415,1,20270416,1,20270419,1,20270420,1,20270421,1,20270422,1,20270423,1,20270426,1,20270427,1,20270428,1,20270429,1,20270430,1,20270503,1,20270504,1,20270505,1,20270506,1,20270507,1,20270510,1,20270511,1,20270512,1,20270513,1,20270514,1,20270517,1,20270518,1,20270519,1,20270520,1,20270521,1,20270524,1,20270525,1,20270526,1,20270527,1,20270528,1,20270531,1,20270601,1,20270602,1,20270603,1,20270604,1,20270607,1,20270608,1,20270609,1,20270610,1,20270611,1,20270614,1,20270615,1,20270616,1,20270617,1,20270618,1,20270621,1,20270622,1,20270623,1,20270624,1,20270625,1,20270628,1,20270629,1,20270630,1,20270701,1,20270702,1,20270705,1,20270706,1,20270707,1,20270708,1,20270709,1,20270712,1,20270713,1,20270714,1,20270715,1,20270716,1,20270719,1,20270720,1,20270721,1,20270722,1,20270723,1,20270726,1,20270727,1,20270728,1,20270729,1,20270730,1,20270802,1,20270803,1,20270804,1,20270805,1,20270806,1,20270809,1,20270810,1,20270811,1,20270812,1,20270813,1,20270816,1,20270817,1,20270818,1,20270819,1,20270820,1,20270823,1,20270824,1,20270825,1,20270826,1,20270827,1,20270830,1,20270831,1,20270901,1,20270902,1,20270903,1,20270906,1,20270907,1,20270908,1,20270909,1,20270910,1,20270913,1,20270914,1,20270915,1,20270916,1,20270917,1,20270920,1,20270921,1,20270922,1,20270923,1,20270924,1,20270927,1,20270928,1,20270929,1,20270930,1,20271001,1,20271004,1,20271005,1,20271006,1,20271007,1,20271008,1,20271011,1,20271012,1,20271013,1,20271014,1,20271015,1,20271018,1,20271019,1,20271020,1,20271021,1,20271022,1,20271025,1,20271026,1,20271027,1,20271028,1,20271029,1,20271101,1,20271102,1,20271103,1,20271104,1,20271105,1,20271108,1,20271109,1,20271110,1,20271111,1,20271112,1,20271115,1,20271116,1,20271117,1,20271118,1,20271119,1,20271122,1,20271123,1,20271124,1,20271125,1,20271126,1,20271129,1,20271130,1,20271201,1,20271202,1,20271203,1,20271206,1,20271207,1,20271208,1,20271209,1,20271210,1,20271213,1,20271214,1,20271215,1,20271216,1,20271217,1,20271220,1,20271221,1,20271222,1,20271223,1,20271224,1,20271227,1,20271228,1,20271229,1,20271230,1,20271231,1
'1475024',20261008,1,20261009,1,20261012,1,20261013,1,20261014,1,20261015,1,20261016,1,20261019,1,20261020,1,20261021,1,20261022,1,20261023,1,20261026,1,20261027,1,20261028,1,20261029,1,20261030,1,20261102,1,20261103,1,20261104,1,20261105,1,20261106,1,20261109,1,20261110,1,20261111,1,20261112,1,20261113,1,20261116,1,20261117,1,20261118,1,20261119,1,20261120,1,20261123,1,20261124,1,20261125,1,20261126,1,20261127,1,20261130,1,20261201,1,20261202,1,20261203,1,20261204,1,20261207,1,20261208,1,20261209,1,20261210,1,20261211,1,20261214,1,20261215,1,20261216,1,20261217,1,20261218,1,20261221,1,20261222,1,20261223,1,20261224,1,20261225,1,20261228,1,20261229,1,20261230,1,20261231,1,20270101,1,20270104,1,20270105,1,20270106,1,20270107,1,20270108,1,20270111,1,20270112,1,20270113,1,20270114,1,20270115,1,20270118,1,20270119,1,20270120,1,20270121,1,20270122,1,20270125,1,20270126,1,20270127,1,20270128,1,20270129,1,20270201,1,20270202,1,20270203,1,20270204,1,20270205,1,20270208,1,20270209,1,20270210,1,20270211,1,20270212,1,20270215,1,20270216,1,20270217,1,20270218,1,20270219,1,20270222,1,20270223,1,20270224,1,20270225,1,20270226,1,20270301,1,20270302,1,20270303,1,20270304,1,20270305,1,20270308,1,20270309,1,20270310,1,20270311,1,20270312,1,20270315,1,20270316,1,20270317,1,20270318,1,20270319,1,20270322,1,20270323,1,20270324,1,20270325,1,20270326,1,20270329,1,20270330,1,20270331,1,20270401,1,20270402,1,20270405,1,20270406,1,20270407,1,20270408,1,20270409,1,20270412,1,20270413,1,20270414,1,20270415,1,20270416,1,20270419,1,20270420,1,20270421,1,20270422,1,20270423,1,20270426,1,20270427,1,20270428,1,20270429,1,20270430,1,20270503,1,20270504,1,20270505,1,20270506,1,20270507,1,20270510,1,20270511,1,20270512,1,20270513,1,20270514,1,20270517,1,20270518,1,20270519,1,20270520,1,20270521,1,20270524,1,20270525,1,20270526,1,20270527,1,20270528,1,20270531,1,20270601,1,20270602,1,20270603,1,20270604,1,20270607,1,20270608,1,20270609,1,20270610,1,20270611,1,20270614,1,20270615,1,20270616,1,20270617,1,20270618,1,20270621,1,20270622,1,20270623,1,20270624,1,20270625,1,20270628,1,20270629,1,20270630,1,20270701,1,20270702,1,20270705,1,20270706,1,20270707,1,20270708,1,20270709,1,20270712,1,20270713,1,20270714,1,20270715,1,20270716,1,20270719,1,20270720,1,20270721,1,20270722,1,20270723,1,20270726,1,20270727,1,20270728,1,20270729,1,20270730,1,20270802,1,20270803,1,20270804,1,20270805,1,20270806,1,20270809,1,20270810,1,20270811,1,20270812,1,20270813,1,20270816,1,20270817,1,20270818,1,20270819,1,20270820,1,20270823,1,20270824,1,20270825,1,20270826,1,20270827,1,20270830,1,20270831,1,20270901,1,20270902,1,20270903,1,20270906,1,20270907,1,20270908,1,20270909,1,20270910,1,20270913,1,20270914,1,20270915,1,20270916,1,20270917,1,20270920,1,20270921,1,20270922,1,20270923,1,20270924,1,20270927,1,20270928,1,20270929,1,20270930,1,20271001,1,20271004,1,20271005,1,20271006,1,20271007,1,20271008,1,20271011,1,20271012,1,20271013,1,20271014,1,20271015,1,20271018,1,20271019,1,20271020,1,20271021,1,20271022,1,20271025,1,20271026,1,20271027,1,20271028,1,20271029,1,20271101,1,20271102,1,20271103,1,20271104,1,20271105,1,20271108,1,20271109,1,20271110,1,20271111,1,20271112,1,20271115,1,20271116,1,20271117,1,20271118,1,20271119,1,20271122,1,20271123,1,20271124,1,20271125,1,20271126,1,20271129,1,20271130,1,20271201,1,20271202,1,20271203,1,20271206,1,20271207,1,20271208,1,20271209,1,20271210,1,20271213,1,20271214,1,20271215,1,20271216,1,20271217,1,20271220,1,20271221,1,20271222,1,20271223,1,20271224,1,20271227,1,20271228,1,20271229,1,20271230,1,20271231,1
'1475025',20261008,1,20261009,1,20261012,1,20261013,1,20261014,1,20261015,1,20261016,1,20261019,1,20261020,1,20261021,1,20261022,1,20261023,1,20261026,1,20261027,1,20261028,1,20261029,1,20261030,1,20261102,1,20261103,1,20261104,1,20261105,1,20261106,1,20261109,1,20261110,1,20261111,1,20261112,1,20261113,1,20261116,1,20261117,1,20261118,1,20261119,1,20261120,1,20261123,1,20261124,1,20261125,1,20261126,1,20261127,1,20261130,1,20261201,1,20261202,1,20261203,1,20261204,1,20261207,1,20261208,1,20261209,1,20261210,1,20261211,1,20261214,1,20261215,1,20261216,1,20261217,1,20261218,1,20261221,1,20261222,1,20261223,1,20261224,1,20261225,1,20261228,1,20261229,1,20261230,1,20261231,1,20270101,1,20270104,1,20270105,1,20270106,1,20270107,1,20270108,1,20270111,1,20270112,1,20270113,1,20270114,1,20270115,1,20270118,1,20270119,1,20270120,1,20270121,1,20270122,1,20270125,1,20270126,1,20270127,1,20270128,1,20270129,1,20270201,1,20270202,1,20270203,1,20270204,1,20270205,1,20270208,1,20270209,1,20270210,1,20270211,1,20270212,1,20270215,1,20270216,1,20270217,1,20270218,1,20270219,1,20270222,1,20270223,1,20270224,1,20270225,1,20270226,1,20270301,1,20270302,1,20270303,1,20270304,1,20270305,1,20270308,1,20270309,1,20270310,1,20270311,1,20270312,1,20270315,1,20270316,1,20270317,1,20270318,1,20270319,1,20270322,1,20270323,1,20270324,1,20270325,1,20270326,1,20270329,1,20270330,1,20270331,1,20270401,1,20270402,1,20270405,1,20270406,1,20270407,1,20270408,1,20270409,1,20270412,1,20270413,1,20270414,1,20270415,1,20270416,1,20270419,1,20270420,1,20270421,1,20270422,1,20270423,1,20270426,1,20270427,1,20270428,1,20270429,1,20270430,1,20270503,1,20270504,1,20270505,1,20270506,1,20270507,1,20270510,1,20270511,1,20270512,1,20270513,1,20270514,1,20270517,1,20270518,1,20270519,1,20270520,1,20270521,1,20270524,1,20270525,1,20270526,1,20270527,1,20270528,1,20270531,1,20270601,1,20270602,1,20270603,1,20270604,1,20270607,1,20270608,1,20270609,1,20270610,1,20270611,1,20270614,1,20270615,1,20270616,1,20270617,1,20270618,1,20270621,1,20270622,1,20270623,1,20270624,1,20270625,1,20270628,1,20270629,1,20270630,1,20270701,1,20270702,1,20270705,1,20270706,1,20270707,1,20270708,1,20270709,1,20270712,1,20270713,1,20270714,1,20270715,1,20270716,1,20270719,1,20270720,1,20270721,1,20270722,1,20270723,1,20270726,1,20270727,1,20270728,1,20270729,1,20270730,1,20270802,1,20270803,1,20270804,1,20270805,1,20270806,1,20270809,1,20270810,1,20270811,1,20270812,1,20270813,1,20270816,1,20270817,1,20270818,1,20270819,1,20270820,1,20270823,1,20270824,1,20270825,1,20270826,1,20270827,1,20270830,1,20270831,1,20270901,1,20270902,1,20270903,1,20270906,1,20270907,1,20270908,1,20270909,1,20270910,1,20270913,1,20270914,1,20270915,1,20270916,1,20270917,1,20270920,1,20270921,1,20270922,1,20270923,1,20270924,1,20270927,1,20270928,1,20270929,1,20270930,1,20271001,1,20271004,1,20271005,1,20271006,1,20271007,1,20271008,1,20271011,1,20271012,1,20271013,1,20271014,1,20271015,1,20271018,1,20271019,1,20271020,1,20271021,1,20271022,1,20271025,1,20271026,1,20271027,1,20271028,1,20271029,1,20271101,1,20271102,1,20271103,1,20271104,1,20271105,1,20271108,1,20271109,1,20271110,1,20271111,1,20271112,1,20271115,1,20271116,1,20271117,1,20271118,1,20271119,1,20271122,1,20271123,1,20271124,1,20271125,1,20271126,1,20271129,1,20271130,1,20271201,1,20271202,1,20271203,1,20271206,1,20271207,1,20271208,1,20271209,1,20271210,1,20271213,1,20271214,1,20271215,1,20271216,1,20271217,1,20271220,1,20271221,1,20271222,1,20271223,1,20271224,1,20271227,1,20271228,1,20271229,1,20271230,1,20271231,1
'1475026',20261008,1,20261009,1,20261012,1,20261013,1,20261014,1,20261015,1,20261016,1,20261019,1,20261020,1,20261021,1,20261022,1,20261023,1,20261026,1,20261027,1,20261028,1,20261029,1,20261030,1,20261102,1,20261103,1,20261104,1,20261105,1,20261106,1,20261109,1,20261110,1,20261111,1,20261112,1,20261113,1,20261116,1,20261117,1,20261118,1,20261119,1,20261120,1,20261123,1,20261124,1,20261125,1,20261126,1,20261127,1,20261130,1,20261201,1,20261202,1,20261203,1,20261204,1,20261207,1,20261208,1,20261209,1,20261210,1,20261211,1,20261214,1,20261215,1,20261216,1,20261217,1,20261218,1,20261221,1,20261222,1,20261223,1,20261224,1,20261225,1,20261228,1,20261229,1,20261230,1,20261231,1,20270101,1,20270104,1,20270105,1,20270106,1,20270107,1,20270108,1,20270111,1,20270112,1,20270113,1,20270114,1,20270115,1,20270118,1,20270119,1,20270120,1,20270121,1,20270122,1,20270125,1,20270126,1,20270127,1,20270128,1,20270129,1,20270201,1,20270202,1,20270203,1,20270204,1,20270205,1,20270208,1,20270209,1,20270210,1,20270211,1,20270212,1,20270215,1,20270216,1,20270217,1,20270218,1,20270219,1,20270222,1,20270223,1,20270224,1,20270225,1,20270226,1,20270301,1,20270302,1,20270303,1,20270304,1,20270305,1,20270308,1,20270309,1,20270310,1,20270311,1,20270312,1,20270315,1,20270316,1,20270317,1,20270318,1,20270319,1,20270322,1,20270323,1,20270324,1,20270325,1,20270326,1,20270329,1,20270330,1,20270331,1,20270401,1,20270402,1,20270405,1,20270406,1,20270407,1,20270408,1,20270409,1,20270412,1,20270413,1,20270414,1,20270415,1,20270416,1,20270419,1,20270420,1,20270421,1,20270422,1,20270423,1,20270426,1,20270427,1,20270428,1,20270429,1,20270430,1,20270503,1,20270504,1,20270505,1,20270506,1,20270507,1,20270510,1,20270511,1,20270512,1,20270513,1,20270514,1,20270517,1,20270518,1,20270519,1,20270520,1,20270521,1,20270524,1,20270525,1,20270526,1,20270527,1,20270528,1,20270531,1,20270601,1,20270602,1,20270603,1,20270604,1,20270607,1,20270608,1,20270609,1,20270610,1,20270611,1,20270614,1,20270615,1,20270616,1,20270617,1,20270618,1,20270621,1,20270622,1,20270623,1,20270624,1,20270625,1,20270628,1,20270629,1,20270630,1,20270701,1,20270702,1,20270705,1,20270706,1,20270707,1,20270708,1,20270709,1,20270712,1,20270713,1,20270714,1,20270715,1,20270716,1,20270719,1,20270720,1,20270721,1,20270722,1,20270723,1,20270726,1,20270727,1,20270728,1,20270729,1,20270730,1,20270802,1,20270803,1,20270804,1,20270805,1,20270806,1,20270809,1,20270810,1,20270811,1,20270812,1,20270813,1,20270816,1,20270817,1,20270818,1,20270819,1,20270820,1,20270823,1,20270824,1,20270825,1,20270826,1,20270827,1,20270830,1,20270831,1,20270901,1,20270902,1,20270903,1,20270906,1,20270907,1,20270908,1,20270909,1,20270910,1,20270913,1,20270914,1,20270915,1,20270916,1,20270917,1,20270920,1,20270921,1,20270922,1,20270923,1,20270924,1,20270927,1,20270928,1,20270929,1,20270930,1,20271001,1,20271004,1,20271005,1,20271006,1,20271007,1,20271008,1,20271011,1,20271012,1,20271013,1,20271014,1,20271015,1,20271018,1,20271019,1,20271020,1,20271021,1,20271022,1,20271025,1,20271026,1,20271027,1,20271028,1,20271029,1,20271101,1,20271102,1,20271103,1,20271104,1,20271105,1,20271108,1,20271109,1,20271110,1,20271111,1,20271112,1,20271115,1,20271116,1,20271117,1,20271118,1,20271119,1,20271122,1,20271123,1,20271124,1,20271125,1,20271126,1,20271129,1,20271130,1,20271201,1,20271202,1,20271203,1,20271206,1,20271207,1,20271208,1,20271209,1,20271210,1,20271213,1,20271214,1,20271215,1,20271216,1,20271217,1,20271220,1,20271221,1,20271222,1,20271223,1,20271224,1,20271227,1,20271228,1,20271229,1,20271230,1,20271231,1
'1475027',20261008,1,20261009,1,20261012,1,20261013,1,20261014,1,20261015,1,20261016,1,20261019,1,20261020,1,20261021,1,20261022,1,20261023,1,20261026,1,20261027,1,20261028,1,20261029,1,20261030,1,20261102,1,20261103,1,20261104,1,20261105,1,20261106,1,20261109,1,20261110,1,20261111,1,20261112,1,20261113,1,20261116,1,20261117,1,20261118,1,20261119,1,20261120,1,20261123,1,20261124,1,20261125,1,20261126,1,20261127,1,20261130,1,20261201,1,20261202,1,20261203,1,20261204,1,20261207,1,20261208,1,20261209,1,20261210,1,20261211,1,20261214,1,20261215,1,20261216,1,20261217,1,20261218,1,20261221,1,20261222,1,20261223,1,20261224,1,20261225,1,20261228,1,20261229,1,20261230,1,20261231,1,20270101,1,20270104,1,20270105,1,20270106,1,20270107,1,20270108,1,20270111,1,20270112,1,20270113,1,20270114,1,20270115,1,20270118,1,20270119,1,20270120,1,20270121,1,20270122,1,20270125,1,20270126,1,20270127,1,20270128,1,20270129,1,20270201,1,20270202,1,20270203,1,20270204,1,20270205,1,20270208,1,20270209,1,20270210,1,20270211,1,20270212,1,20270215,1,20270216,1,20270217,1,20270218,1,20270219,1,20270222,1,20270223,1,20270224,1,20270225,1,20270226,1,20270301,1,20270302,1,20270303,1,20270304,1,20270305,1,20270308,1,20270309,1,20270310,1,20270311,1,20270312,1,20270315,1,20270316,1,20270317,1,20270318,1,20270319,1,20270322,1,20270323,1,20270324,1,20270325,1,20270326,1,20270329,1,20270330,1,20270331,1,20270401,1,20270402,1,20270405,1,20270406,1,20270407,1,20270408,1,20270409,1,20270412,1,20270413,1,20270414,1,20270415,1,20270416,1,20270419,1,20270420,1,20270421,1,20270422,1,20270423,1,20270426,1,20270427,1,20270428,1,20270429,1,20270430,1,20270503,1,20270504,1,20270505,1,20270506,1,20270507,1,20270510,1,20270511,1,20270512,1,20270513,1,20270514,1,20270517,1,20270518,1,20270519,1,20270520,1,20270521,1,20270524,1,20270525,1,20270526,1,20270527,1,20270528,1,20270531,1,20270601,1,20270602,1,20270603,1,20270604,1,20270607,1,20270608,1,20270609,1,20270610,1,20270611,1,20270614,1,20270615,1,20270616,1,20270617,1,20270618,1,20270621,1,20270622,1,20270623,1,20270624,1,20270625,1,20270628,1,20270629,1,20270630,1,20270701,1,20270702,1,20270705,1,20270706,1,20270707,1,20270708,1,20270709,1,20270712,1,20270713,1,20270714,1,20270715,1,20270716,1,20270719,1,20270720,1,20270721,1,20270722,1,20270723,1,20270726,1,20270727,1,20270728,1,20270729,1,20270730,1,20270802,1,20270803,1,20270804,1,20270805,1,20270806,1,20270809,1,20270810,1,20270811,1,20270812,1,20270813,1,20270816,1,20270817,1,20270818,1,20270819,1,20270820,1,20270823,1,20270824,1,20270825,1,20270826,1,20270827,1,20270830,1,20270831,1,20270901,1,20270902,1,20270903,1,20270906,1,20270907,1,20270908,1,20270909,1,20270910,1,20270913,1,20270914,1,20270915,1,20270916,1,20270917,1,20270920,1,20270921,1,20270922,1,20270923,1,20270924,1,20270927,1,20270928,1,20270929,1,20270930,1,20271001,1,20271004,1,20271005,1,20271006,1,20271007,1,20271008,1,20271011,1,20271012,1,20271013,1,20271014,1,20271015,1,20271018,1,20271019,1,20271020,1,20271021,1,20271022,1,20271025,1,20271026,1,20271027,1,20271028,1,20271029,1,20271101,1,20271102,1,20271103,1,20271104,1,20271105,1,20271108,1,20271109,1,20271110,1,20271111,1,20271112,1,20271115,1,20271116,1,20271117,1,20271118,1,20271119,1,20271122,1,20271123,1,20271124,1,20271125,1,20271126,1,20271129,1,20271130,1,20271201,1,20271202,1,20271203,1,20271206,1,20271207,1,20271208,1,20271209,1,20271210,1,20271213,1,20271214,1,20271215,1,20271216,1,20271217,1,20271220,1,20271221,1,20271222,1,20271223,1,20271224,1,20271227,1,20271228,1,20271229,1,20271230,1,20271231,1
'1475028',20261008,1,20261009,1,20261012,1,20261013,1,20261014,1,20261015,1,20261016,1,20261019,1,20261020,1,20261021,1,20261022,1,20261023,1,20261026,1,20261027,1,20261028,1,20261029,1,20261030,1,20261102,1,20261103,1,20261104,1,20261105,1,20261106,1,20261109,1,20261110,1,20261111,1,20261112,1,20261113,1,20261116,1,20261117,1,20261118,1,20261119,1,20261120,1,20261123,1,20261124,1,20261125,1,20261126,1,20261127,1,20261130,1,20261201,1,20261202,1,20261203,1,20261204,1,20261207,1,20261208,1,20261209,1,20261210,1,20261211,1,20261214,1,20261215,1,20261216,1,20261217,1,20261218,1,20261221,1,20261222,1,20261223,1,20261224,1,20261225,1,20261228,1,20261229,1,20261230,1,20261231,1,20270101,1,20270104,1,20270105,1,20270106,1,20270107,1,20270108,1,20270111,1,20270112,1,20270113,1,20270114,1,20270115,1,20270118,1,20270119,1,20270120,1,20270121,1,20270122,1,20270125,1,20270126,1,20270127,1,20270128,1,20270129,1,20270201,1,20270202,1,20270203,1,20270204,1,20270205,1,20270208,1,20270209,1,20270210,1,20270211,1,20270212,1,20270215,1,20270216,1,20270217,1,20270218,1,20270219,1,20270222,1,20270223,1,20270224,1,20270225,1,20270226,1,20270301,1,20270302,1,20270303,1,20270304,1,20270305,1,20270308,1,20270309,1,20270310,1,20270311,1,20270312,1,20270315,1,20270316,1,20270317,1,20270318,1,20270319,1,20270322,1,20270323,1,20270324,1,20270325,1,20270326,1,20270329,1,20270330,1,20270331,1,20270401,1,20270402,1,20270405,1,20270406,1,20270407,1,20270408,1,20270409,1,20270412,1,20270413,1,20270414,1,20270415,1,20270416,1,20270419,1,20270420,1,20270421,1,20270422,1,20270423,1,20270426,1,20270427,1,20270428,1,20270429,1,20270430,1,20270503,1,20270504,1,20270505,1,20270506,1,20270507,1,20270510,1,20270511,1,20270512,1,20270513,1,20270514,1,20270517,1,20270518,1,20270519,1,20270520,1,20270521,1,20270524,1,20270525,1,20270526,1,20270527,1,20270528,1,20270531,1,20270601,1,20270602,1,20270603,1,20270604,1,20270607,1,20270608,1,20270609,1,20270610,1,20270611,1,20270614,1,20270615,1,20270616,1,20270617,1,20270618,1,20270621,1,20270622,1,20270623,1,20270624,1,20270625,1,20270628,1,20270629,1,20270630,1,20270701,1,20270702,1,20270705,1,20270706,1,20270707,1,20270708,1,20270709,1,20270712,1,20270713,1,20270714,1,20270715,1,20270716,1,20270719,1,20270720,1,20270721,1,20270722,1,20270723,1,20270726,1,20270727,1,20270728,1,20270729,1,20270730,1,20270802,1,20270803,1,20270804,1,20270805,1,20270806,1,20270809,1,20270810,1,20270811,1,20270812,1,20270813,1,20270816,1,20270817,1,20270818,1,20270819,1,20270820,1,20270823,1,20270824,1,20270825,1,20270826,1,20270827,1,20270830,1,20270831,1,20270901,1,20270902,1,20270903,1,20270906,1,20270907,1,20270908,1,20270909,1,20270910,1,20270913,1,20270914,1,20270915,1,20270916,1,20270917,1,20270920,1,20270921,1,20270922,1,20270923,1,20270924,1,20270927,1,20270928,1,20270929,1,20270930,1,20271001,1,20271004,1,20271005,1,20271006,1,20271007,1,20271008,1,20271011,1,20271012,1,20271013,1,20271014,1,20271015,1,20271018,1,20271019,1,20271020,1,20271021,1,20271022,1,20271025,1,20271026,1,20271027,1,20271028,1,20271029,1,20271101,1,20271102,1,20271103,1,20271104,1,20271105,1,20271108,1,20271109,1,20271110,1,20271111,1,20271112,1,20271115,1,20271116,1,20271117,1,20271118,1,20271119,1,20271122,1,20271123,1,20271124,1,20271125,1,20271126,1,20271129,1,20271130,1,20271201,1,20271202,1,20271203,1,20271206,1,20271207,1,20271208,1,20271209,1,20271210,1,20271213,1,20271214,1,20271215,1,20271216,1,20271217,1,20271220,1,20271221,1,20271222,1,20271223,1,20271224,1,20271227,1,20271228,1,20271229,1,20271230,1,20271231,1
'1475029',20261008,1,20261009,1,20261012,1,20261013,1,20261014,1,20261015,1,20261016,1,20261019,1,20261020,1,20261021,1,20261022,1,20261023,1,20261026,1,20261027,1,20261028,1,20261029,1,20261030,1,20261102,1,20261103,1,20261104,1,20261105,1,20261106,1,20261109,1,20261110,1,20261111,1,20261112,1,20261113,1,20261116,1,20261117,1,20261118,1,20261119,1,20261120,1,20261123,1,20261124,1,20261125,1,20261126,1,20261127,1,20261130,1,20261201,1,20261202,1,20261203,1,20261204,1,20261207,1,20261208,1,20261209,1,20261210,1,20261211,1,20261214,1,20261215,1,20261216,1,20261217,1,20261218,1,20261221,1,20261222,1,20261223,1,20261224,1,20261225,1,20261228,1,20261229,1,20261230,1,20261231,1,20270101,1,20270104,1,20270105,1,20270106,1,20270107,1,20270108,1,20270111,1,20270112,1,20270113,1,20270114,1,20270115,1,20270118,1,20270119,1,20270120,1,20270121,1,20270122,1,20270125,1,20270126,1,20270127,1,20270128,1,20270129,1,20270201,1,20270202,1,20270203,1,20270204,1,20270205,1,20270208,1,20270209,1,20270210,1,20270211,1,20270212,1,20270215,1,20270216,1,20270217,1,20270218,1,20270219,1,20270222,1,20270223,1,20270224,1,20270225,1,20270226,1,20270301,1,20270302,1,20270303,1,20270304,1,20270305,1,20270308,1,20270309,1,20270310,1,20270311,1,20270312,1,20270315,1,20270316,1,20270317,1,20270318,1,20270319,1,20270322,1,20270323,1,20270324,1,20270325,1,20270326,1,20270329,1,20270330,1,20270331,1,20270401,1,20270402,1,20270405,1,20270406,1,20270407,1,20270408,1,20270409,1,20270412,1,20270413,1,20270414,1,20270415,1,20270416,1,20270419,1,20270420,1,20270421,1,20270422,1,20270423,1,20270426,1,20270427,1,20270428,1,20270429,1,20270430,1,20270503,1,20270504,1,20270505,1,20270506,1,20270507,1,20270510,1,20270511,1,20270512,1,20270513,1,20270514,1,20270517,1,20270518,1,20270519,1,20270520,1,20270521,1,20270524,1,20270525,1,20270526,1,20270527,1,20270528,1,20270531,1,20270601,1,20270602,1,20270603,1,20270604,1,20270607,1,20270608,1,20270609,1,20270610,1,20270611,1,20270614,1,20270615,1,20270616,1,20270617,1,20270618,1,20270621,1,20270622,1,20270623,1,20270624,1,20270625,1,20270628,1,20270629,1,20270630,1,20270701,1,20270702,1,20270705,1,20270706,1,20270707,1,20270708,1,20270709,1,20270712,1,20270713,1,20270714,1,20270715,1,20270716,1,20270719,1,20270720,1,20270721,1,20270722,1,20270723,1,20270726,1,20270727,1,20270728,1,20270729,1,20270730,1,20270802,1,20270803,1,20270804,1,20270805,1,20270806,1,20270809,1,20270810,1,20270811,1,20270812,1,20270813,1,20270816,1,20270817,1,20270818,1,20270819,1,20270820,1,20270823,1,20270824,1,20270825,1,20270826,1,20270827,1,20270830,1,20270831,1,20270901,1,20270902,1,20270903,1,20270906,1,20270907,1,20270908,1,20270909,1,20270910,1,20270913,1,20270914,1,20270915,1,20270916,1,20270917,1,20270920,1,20270921,1,20270922,1,20270923,1,20270924,1,20270927,1,20270928,1,20270929,1,20270930,1,20271001,1,20271004,1,20271005,1,20271006,1,20271007,1,20271008,1,20271011,1,20271012,1,20271013,1,20271014,1,20271015,1,20271018,1,20271019,1,20271020,1,20271021,1,20271022,1,20271025,1,20271026,1,20271027,1,20271028,1,20271029,1,20271101,1,20271102,1,20271103,1,20271104,1,20271105,1,20271108,1,20271109,1,20271110,1,20271111,1,20271112,1,20271115,1,20271116,1,20271117,1,20271118,1,20271119,1,20271122,1,20271123,1,20271124,1,20271125,1,20271126,1,20271129,1,20271130,1,20271201,1,20271202,1,20271203,1,20271206,1,20271207,1,20271208,1,20271209,1,20271210,1,20271213,1,20271214,1,20271215,1,20271216,1,20271217,1,20271220,1,20271221,1,20271222,1,20271223,1,20271224,1,20271227,1,20271228,1,20271229,1,20271230,1,20271231,1
'1475030',20261008,1,20261009,1,20261012,1,20261013,1,20261014,1,20261015,1,20261016,1,20261019,1,20261020,1,20261021,1,20261022,1,20261023,1,20261026,1,20261027,1,20261028,1,20261029,1,20261030,1,20261102,1,20261103,1,20261104,1,20261105,1,20261106,1,20261109,1,20261110,1,20261111,1,20261112,1,20261113,1,20261116,1,20261117,1,20261118,1,20261119,1,20261120,1,20261123,1,20261124,1,20261125,1,20261126,1,20261127,1,20261130,1,20261201,1,20261202,1,20261203,1,20261204,1,20261207,1,20261208,1,20261209,1,20261210,1,20261211,1,20261214,1,20261215,1,20261216,1,20261217,1,20261218,1,20261221,1,20261222,1,20261223,1,20261224,1,20261225,1,20261228,1,20261229,1,20261230,1,20261231,1,20270101,1,20270104,1,20270105,1,20270106,1,20270107,1,20270108,1,20270111,1,20270112,1,20270113,1,20270114,1,20270115,1,20270118,1,20270119,1,20270120,1,20270121,1,20270122,1,20270125,1,20270126,1,20270127,1,20270128,1,20270129,1,20270201,1,20270202,1,20270203,1,20270204,1,20270205,1,20270208,1,20270209,1,20270210,1,20270211,1,20270212,1,20270215,1,20270216,1,20270217,1,20270218,1,20270219,1,20270222,1,20270223,1,20270224,1,20270225,1,20270226,1,20270301,1,20270302,1,20270303,1,20270304,1,20270305,1,20270308,1,20270309,1,20270310,1,20270311,1,20270312,1,20270315,1,20270316,1,20270317,1,20270318,1,20270319,1,20270322,1,20270323,1,20270324,1,20270325,1,20270326,1,20270329,1,20270330,1,20270331,1,20270401,1,20270402,1,20270405,1,20270406,1,20270407,1,20270408,1,20270409,1,20270412,1,20270413,1,20270414,1,20270415,1,20270416,1,20270419,1,20270420,1,20270421,1,20270422,1,20270423,1,20270426,1,20270427,1,20270428,1,20270429,1,20270430,1,20270503,1,20270504,1,20270505,1,20270506,1,20270507,1,20270510,1,20270511,1,20270512,1,20270513,1,20270514,1,20270517,1,20270518,1,20270519,1,20270520,1,20270521,1,20270524,1,20270525,1,20270526,1,20270527,1,20270528,1,20270531,1,20270601,1,20270602,1,20270603,1,20270604,1,20270607,1,20270608,1,20270609,1,20270610,1,20270611,1,20270614,1,20270615,1,20270616,1,20270617,1,20270618,1,20270621,1,20270622,1,20270623,1,20270624,1,20270625,1,20270628,1,20270629,1,20270630,1,20270701,1,20270702,1,20270705,1,20270706,1,20270707,1,20270708,1,20270709,1,20270712,1,20270713,1,20270714,1,20270715,1,20270716,1,20270719,1,20270720,1,20270721,1,20270722,1,20270723,1,20270726,1,20270727,1,20270728,1,20270729,1,20270730,1,20270802,1,20270803,1,20270804,1,20270805,1,20270806,1,20270809,1,20270810,1,20270811,1,20270812,1,20270813,1,20270816,1,20270817,1,20270818,1,20270819,1,20270820,1,20270823,1,20270824,1,20270825,1,20270826,1,20270827,1,20270830,1,20270831,1,20270901,1,20270902,1,20270903,1,20270906,1,20270907,1,20270908,1,20270909,1,20270910,1,20270913,1,20270914,1,20270915,1,20270916,1,20270917,1,20270920,1,20270921,1,20270922,1,20270923,1,20270924,1,20270927,1,20270928,1,20270929,1,20270930,1,20271001,1,20271004,1,20271005,1,20271006,1,20271007,1,20271008,1,20271011,1,20271012,1,20271013,1,20271014,1,20271015,1,20271018,1,20271019,1,20271020,1,20271021,1,20271022,1,20271025,1,20271026,1,20271027,1,20271028,1,20271029,1,20271101,1,20271102,1,20271103,1,20271104,1,20271105,1,20271108,1,20271109,1,20271110,1,20271111,1,20271112,1,20271115,1,20271116,1,20271117,1,20271118,1,20271119,1,20271122,1,20271123,1,20271124,1,20271125,1,20271126,1,20271129,1,20271130,1,20271201,1,20271202,1,20271203,1,20271206,1,20271207,1,20271208,1,20271209,1,20271210,1,20271213,1,20271214,1,20271215,1,20271216,1,20271217,1,20271220,1,20271221,1,20271222,1,20271223,1,20271224,1,20271227,1,20271228,1,20271229,1,20271230,1,20271231,1
'1475031',20261010,1,20261011,1,20261017,1,20261018,1,20261024,1,20261025,1,20261031,1,20261101,1,20261107,1,20261108,1,20261114,1,20261115,1,20261121,1,20261122,1,20261128,1,20261129,1,20261205,1,20261206,1,20261212,1,20261213,1,20261219,1,20261220,1,20261226,1,20261227,1,20270102,1,20270103,1,20270109,1,20270110,1,20270116,1,20270117,1,20270123,1,20270124,1,20270130,1,20270131,1,20270206,1,20270207,1,20270213,1,20270214,1,20270220,1,20270221,1,20270227,1,20270228,1,20270306,1,20270307,1,20270313,1,20270314,1,20270320,1,20270321,1,20270327,1,20270328,1,20270403,1,20270404,1,20270410,1,20270411,1,20270417,1,20270418,1,20270424,1,20270425,1,20270501,1,20270502,1,20270508,1,20270509,1,20270515,1,20270516,1,20270522,1,20270523,1,20270529,1,20270530,1,20270605,1,20270606,1,20270612,1,20270613,1,20270619,1,20270620,1,20270626,1,20270627,1,20270703,1,20270704,1,20270710,1,20270711,1,20270717,1,20270718,1,20270724,1,20270725,1,20270731,1,20270801,1,20270807,1,20270808,1,20270814,1,20270815,1,20270821,1,20270822,1,20270828,1,20270829,1,20270904,1,20270905,1,20270911,1,20270912,1,20270918,1,20270919,1,20270925,1,20270926,1,20271002,1,20271003,1,20271009,1,20271010,1,20271016,1,20271017,1,20271023,1,20271024,1,20271030,1,20271031,1,20271106,1,20271107,1,20271113,1,20271114,1,20271120,1,20271121,1,20271127,1,20271128,1,20271204,1,20271205,1,20271211,1,20271212,1,20271218,1,20271219,1,20271225,1,20271226,1,20280101,1
'1475032',20261010,1,20261011,1,20261017,1,20261018,1,20261024,1,20261025,1,20261031,1,20261101,1,20261107,1,20261108,1,20261114,1,20261115,1,20261121,1,20261122,1,20261128,1,20261129,1,20261205,1,20261206,1,20261212,1,20261213,1,20261219,1,20261220,1,20261226,1,20261227,1,20270102,1,20270103,1,20270109,1,20270110,1,20270116,1,20270117,1,20270123,1,20270124,1,20270130,1,20270131,1,20270206,1,20270207,1,20270213,1,20270214,1,20270220,1,20270221,1,20270227,1,20270228,1,20270306,1,20270307,1,20270313,1,20270314,1,20270320,1,20270321,1,20270327,1,20270328,1,20270403,1,20270404,1,20270410,1,20270411,1,20270417,1,20270418,1,20270424,1,20270425,1,20270501,1,20270502,1,20270508,1,20270509,1,20270515,1,20270516,1,20270522,1,20270523,1,20270529,1,20270530,1,20270605,1,20270606,1,20270612,1,20270613,1,20270619,1,20270620,1,20270626,1,20270627,1,20270703,1,20270704,1,20270710,1,20270711,1,20270717,1,20270718,1,20270724,1,20270725,1,20270731,1,20270801,1,20270807,1,20270808,1,20270814,1,20270815,1,20270821,1,20270822,1,20270828,1,20270829,1,20270904,1,20270905,1,20270911,1,20270912,1,20270918,1,20270919,1,20270925,1,20270926,1,20271002,1,20271003,1,20271009,1,20271010,1,20271016,1,20271017,1,20271023,1,20271024,1,20271030,1,20271031,1,20271106,1,20271107,1,20271113,1,20271114,1,20271120,1,20271121,1,20271127,1,20271128,1,20271204,1,20271205,1,20271211,1,20271212,1,20271218,1,20271219,1,20271225,1,20271226,1,20280101,1
'1475033',20261010,1,20261011,1,20261017,1,20261018,1,20261024,1,20261025,1,20261031,1,20261101,1,20261107,1,20261108,1,20261114,1,20261115,1,20261121,1,20261122,1,20261128,1,20261129,1,20261205,1,20261206,1,20261212,1,20261213,1,20261219,1,20261220,1,20261226,1,20261227,1,20270102,1,20270103,1,20270109,1,20270110,1,20270116,1,20270117,1,20270123,1,20270124,1,20270130,1,20270131,1,20270206,1,20270207,1,20270213,1,20270214,1,20270220,1,20270221,1,20270227,1,20270228,1,20270306,1,20270307,1,20270313,1,20270314,1,20270320,1,20270321,1,20270327,1,20270328,1,20270403,1,20270404,1,20270410,1,20270411,1,20270417,1,20270418,1,20270424,1,20270425,1,20270501,1,20270502,1,20270508,1,20270509,1,20270515,1,20270516,1,20270522,1,20270523,1,20270529,1,20270530,1,20270605,1,20270606,1,20270612,1,20270613,1,20270619,1,20270620,1,20270626,1,20270627,1,20270703,1,20270704,1,20270710,1,20270711,1,20270717,1,20270718,1,20270724,1,20270725,1,20270731,1,20270801,1,20270807,1,20270808,1,20270814,1,20270815,1,20270821,1,20270822,1,20270828,1,20270829,1,20270904,1,20270905,1,20270911,1,20270912,1,20270918,1,20270919,1,20270925,1,20270926,1,20271002,1,20271003,1,20271009,1,20271010,1,20271016,1,20271017,1,20271023,1,20271024,1,20271030,1,20271031,1,20271106,1,20271107,1,20271113,1,20271114,1,20271120,1,20271121,1,20271127,1,20271128,1,20271204,1,20271205,1,20271211,1,20271212,1,20271218,1,20271219,1,20271225,1,20271226,1,20280101,1
'1475034',20261010,1,20261011,1,20261017,1,20261018,1,20261024,1,20261025,1,20261031,1,20261101,1,20261107,1,20261108,1,20261114,1,20261115,1,20261121,1,20261122,1,20261128,1,20261129,1,20261205,1,20261206,1,20261212,1,20261213,1,20261219,1,20261220,1,20261226,1,20261227,1,20270102,1,20270103,1,20270109,1,20270110,1,20270116,1,20270117,1,20270123,1,20270124,1,20270130,1,20270131,1,20270206,1,20270207,1,20270213,1,20270214,1,20270220,1,20270221,1,20270227,1,20270228,1,20270306,1,20270307,1,20270313,1,20270314,1,20270320,1,20270321,1,20270327,1,20270328,1,20270403,1,20270404,1,20270410,1,20270411,1,20270417,1,20270418,1,20270424,1,20270425,1,20270501,1,20270502,1,20270508,1,20270509,1,20270515,1,20270516,1,20270522,1,20270523,1,20270529,1,20270530,1,20270605,1,20270606,1,20270612,1,20270613,1,20270619,1,20270620,1,20270626,1,20270627,1,20270703,1,20270704,1,20270710,1,20270711,1,20270717,1,20270718,1,20270724,1,20270725,1,20270731,1,20270801,1,20270807,1,20270808,1,20270814,1,20270815,1,20270821,1,20270822,1,20270828,1,20270829,1,20270904,1,20270905,1,20270911,1,20270912,1,20270918,1,20270919,1,20270925,1,20270926,1,20271002,1,20271003,1,20271009,1,20271010,1,20271016,1,20271017,1,20271023,1,20271024,1,20271030,1,20271031,1,20271106,1,20271107,1,20271113,1,20271114,1,20271120,1,20271121,1,20271127,1,20271128,1,20271204,1,20271205,1,20271211,1,20271212,1,20271218,1,20271219,1,20271225,1,20271226,1,20280101,1
'1475035',20261010,1,20261011,1,20261017,1,20261018,1,20261024,1,20261025,1,20261031,1,20261101,1,20261107,1,20261108,1,20261114,1,20261115,1,20261121,1,20261122,1,20261128,1,20261129,1,20261205,1,20261206,1,20261212,1,20261213,1,20261219,1,20261220,1,20261226,1,20261227,1,20270102,1,20270103,1,20270109,1,20270110,1,20270116,1,20270117,1,20270123,1,20270124,1,20270130,1,20270131,1,20270206,1,20270207,1,20270213,1,20270214,1,20270220,1,20270221,1,20270227,1,20270228,1,20270306,1,20270307,1,20270313,1,20270314,1,20270320,1,20270321,1,20270327,1,20270328,1,20270403,1,20270404,1,20270410,1,20270411,1,20270417,1,20270418,1,20270424,1,20270425,1,20270501,1,20270502,1,20270508,1,20270509,1,20270515,1,20270516,1,20270522,1,20270523,1,20270529,1,20270530,1,20270605,1,20270606,1,20270612,1,20270613,1,20270619,1,20270620,1,20270626,1,20270627,1,20270703,1,20270704,1,20270710,1,20270711,1,20270717,1,20270718,1,20270724,1,20270725,1,20270731,1,20270801,1,20270807,1,20270808,1,20270814,1,20270815,1,20270821,1,20270822,1,20270828,1,20270829,1,20270904,1,20270905,1,20270911,1,20270912,1,20270918,1,20270919,1,20270925,1,20270926,1,20271002,1,20271003,1,20271009,1,20271010,1,20271016,1,20271017,1,20271023,1,20271024,1,20271030,1,20271031,1,20271106,1,20271107,1,20271113,1,20271114,1,20271120,1,20271121,1,20271127,1,20271128,1,20271204,1,20271205,1,20271211,1,20271212,1,20271218,1,20271219,1,20271225,1,20271226,1,20280101,1
'1475036',20261010,1,20261011,1,20261017,1,20261018,1,20261024,1,20261025,1,20261031,1,20261101,1,20261107,1,20261108,1,20261114,1,20261115,1,20261121,1,20261122,1,20261128,1,20261129,1,20261205,1,20261206,1,20261212,1,20261213,1,20261219,1,20261220,1,20261226,1,20261227,1,20270102,1,20270103,1,20270109,1,20270110,1,20270116,1,20270117,1,20270123,1,20270124,1,20270130,1,20270131,1,20270206,1,20270207,1,20270213,1,20270214,1,20270220,1,20270221,1,20270227,1,20270228,1,20270306,1,20270307,1,20270313,1,20270314,1,20270320,1,20270321,1,20270327,1,20270328,1,20270403,1,20270404,1,20270410,1,20270411,1,20270417,1,20270418,1,20270424,1,20270425,1,20270501,1,20270502,1,20270508,1,20270509,1,20270515,1,20270516,1,20270522,1,20270523,1,20270529,1,20270530,1,20270605,1,20270606,1,20270612,1,20270613,1,20270619,1,20270620,1,20270626,1,20270627,1,20270703,1,20270704,1,20270710,1,20270711,1,20270717,1,20270718,1,20270724,1,20270725,1,20270731,1,20270801,1,20270807,1,20270808,1,20270814,1,20270815,1,20270821,1,20270822,1,20270828,1,20270829,1,20270904,1,20270905,1,20270911,1,20270912,1,20270918,1,20270919,1,20270925,1,20270926,1,20271002,1,20271003,1,20271009,1,20271010,1,20271016,1,20271017,1,20271023,1,20271024,1,20271030,1,20271031,1,20271106,1,20271107,1,20271113,1,20271114,1,20271120,1,20271121,1,20271127,1,20271128,1,20271204,1,20271205,1,20271211,1,20271212,1,20271218,1,20271219,1,20271225,1,20271226,1,20280101,1
'1475037',20261010,1,20261011,1,20261017,1,20261018,1,20261024,1,20261025,1,20261031,1,20261101,1,20261107,1,20261108,1,20261114,1,20261115,1,20261121,1,20261122,1,20261128,1,20261129,1,20261205,1,20261206,1,20261212,1,20261213,1,20261219,1,20261220,1,20261226,1,20261227,1,20270102,1,20270103,1,20270109,1,20270110,1,20270116,1,20270117,1,20270123,1,20270124,1,20270130,1,20270131,1,20270206,1,20270207,1,20270213,1,20270214,1,20270220,1,20270221,1,20270227,1,20270228,1,20270306,1,20270307,1,20270313,1,20270314,1,20270320,1,20270321,1,20270327,1,20270328,1,20270403,1,20270404,1,20270410,1,20270411,1,20270417,1,20270418,1,20270424,1,20270425,1,20270501,1,20270502,1,20270508,1,20270509,1,20270515,1,20270516,1,20270522,1,20270523,1,20270529,1,20270530,1,20270605,1,20270606,1,20270612,1,20270613,1,20270619,1,20270620,1,20270626,1,20270627,1,20270703,1,20270704,1,20270710,1,20270711,1,20270717,1,20270718,1,20270724,1,20270725,1,20270731,1,20270801,1,20270807,1,20270808,1,20270814,1,20270815,1,20270821,1,20270822,1,20270828,1,20270829,1,20270904,1,20270905,1,20270911,1,20270912,1,20270918,1,20270919,1,20270925,1,20270926,1,20271002,1,20271003,1,20271009,1,20271010,1,20271016,1,20271017,1,20271023,1,20271024,1,20271030,1,20271031,1,20271106,1,20271107,1,20271113,1,20271114,1,20271120,1,20271121,1,20271127,1,20271128,1,20271204,1,20271205,1,20271211,1,20271212,1,20271218,1,20271219,1,20271225,1,20271226,1,20280101,1
'1475038',20261010,1,20261011,1,20261017,1,20261018,1,20261024,1,20261025,1,20261031,1,20261101,1,20261107,1,20261108,1,20261114,1,20261115,1,20261121,1,20261122,1,20261128,1,20261129,1,20261205,1,20261206,1,20261212,1,20261213,1,20261219,1,20261220,1,20261226,1,20261227,1,20270102,1,20270103,1,20270109,1,20270110,1,20270116,1,20270117,1,20270123,1,20270124,1,20270130,1,20270131,1,20270206,1,20270207,1,20270213,1,20270214,1,20270220,1,20270221,1,20270227,1,20270228,1,20270306,1,20270307,1,20270313,1,20270314,1,20270320,1,20270321,1,20270327,1,20270328,1,20270403,1,20270404,1,20270410,1,20270411,1,20270417,1,20270418,1,20270424,1,20270425,1,20270501,1,20270502,1,20270508,1,20270509,1,20270515,1,20270516,1,20270522,1,20270523,1,20270529,1,20270530,1,20270605,1,20270606,1,20270612,1,20270613,1,20270619,1,20270620,1,20270626,1,20270627,1,20270703,1,20270704,1,20270710,1,20270711,1,20270717,1,20270718,1,20270724,1,20270725,1,20270731,1,20270801,1,20270807,1,20270808,1,20270814,1,20270815,1,20270821,1,20270822,1,20270828,1,20270829,1,20270904,1,20270905,1,20270911,1,20270912,1,20270918,1,20270919,1,20270925,1,20270926,1,20271002,1,20271003,1,20271009,1,20271010,1,20271016,1,20271017,1,20271023,1,20271024,1,20271030,1,20271031,1,20271106,1,20271107,1,20271113,1,20271114,1,20271120,1,20271121,1,20271127,1,20271128,1,20271204,1,20271205,1,20271211,1,20271212,1,20271218,1,20271219,1,20271225,1,20271226,1,20280101,1
'1475039',20261010,1,20261011,1,20261017,1,20261018,1,20261024,1,20261025,1,20261031,1,20261101,1,20261107,1,20261108,1,20261114,1,20261115,1,20261121,1,20261122,1,20261128,1,20261129,1,20261205,1,20261206,1,20261212,1,20261213,1,20261219,1,20261220,1,20261226,1,20261227,1,20270102,1,20270103,1,20270109,1,20270110,1,20270116,1,20270117,1,20270123,1,20270124,1,20270130,1,20270131,1,20270206,1,20270207,1,20270213,1,20270214,1,20270220,1,20270221,1,20270227,1,20270228,1,20270306,1,20270307,1,20270313,1,20270314,1,20270320,1,20270321,1,20270327,1,20270328,1,20270403,1,20270404,1,20270410,1,20270411,1,20270417,1,20270418,1,20270424,1,20270425,1,20270501,1,20270502,1,20270508,1,20270509,1,20270515,1,20270516,1,20270522,1,20270523,1,20270529,1,20270530,1,20270605,1,20270606,1,20270612,1,20270613,1,20270619,1,20270620,1,20270626,1,20270627,1,20270703,1,20270704,1,20270710,1,20270711,1,20270717,1,20270718,1,20270724,1,20270725,1,20270731,1,20270801,1,20270807,1,20270808,1,20270814,1,20270815,1,20270821,1,20270822,1,20270828,1,20270829,1,20270904,1,20270905,1,20270911,1,20270912,1,20270918,1,20270919,1,20270925,1,20270926,1,20271002,1,20271003,1,20271009,1,20271010,1,20271016,1,20271017,1,20271023,1,20271024,1,20271030,1,20271031,1,20271106,1,20271107,1,20271113,1,20271114,1,20271120,1,20271121,1,20271127,1,20271128,1,20271204,1,20271205,1,20271211,1,20271212,1,20271218,1,20271219,1,20271225,1,20271226,1,20280101,1
'1475040',20261010,1,20261011,1,20261017,1,20261018,1,20261024,1,20261025,1,20261031,1,20261101,1,20261107,1,20261108,1,20261114,1,20261115,1,20261121,1,20261122,1,20261128,1,20261129,1,20261205,1,20261206,1,20261212,1,20261213,1,20261219,1,20261220,1,20261226,1,20261227,1,20270102,1,20270103,1,20270109,1,20270110,1,20270116,1,20270117,1,20270123,1,20270124,1,20270130,1,20270131,1,20270206,1,20270207,1,20270213,1,20270214,1,20270220,1,20270221,1,20270227,1,20270228,1,20270306,1,20270307,1,20270313,1,20270314,1,20270320,1,20270321,1,20270327,1,20270328,1,20270403,1,20270404,1,20270410,1,20270411,1,20270417,1,20270418,1,20270424,1,20270425,1,20270501,1,20270502,1,20270508,1,20270509,1,20270515,1,20270516,1,20270522,1,20270523,1,20270529,1,20270530,1,20270605,1,20270606,1,20270612,1,20270613,1,20270619,1,20270620,1,20270626,1,20270627,1,20270703,1,20270704,1,20270710,1,20270711,1,20270717,1,20270718,1,20270724,1,20270725,1,20270731,1,20270801,1,20270807,1,20270808,1,20270814,1,20270815,1,20270821,1,20270822,1,20270828,1,20270829,1,20270904,1,20270905,1,20270911,1,20270912,1,20270918,1,20270919,1,20270925,1,20270926,1,20271002,1,20271003,1,20271009,1,20271010,1,20271016,1,20271017,1,20271023,1,20271024,1,20271030,1,20271031,1,20271106,1,20271107,1,20271113,1,20271114,1,20271120,1,20271121,1,20271127,1,20271128,1,20271204,1,20271205,1,20271211,1,20271212,1,20271218,1,20271219,1,20271225,1,20271226,1,20280101,1
'1475041',20261010,1,20261011,1,20261017,1,20261018,1,20261024,1,20261025,1,20261031,1,20261101,1,20261107,1,20261108,1,20261114,1,20261115,1,20261121,1,20261122,1,20261128,1,20261129,1,20261205,1,20261206,1,20261212,1,20261213,1,20261219,1,20261220,1,20261226,1,20261227,1,20270102,1,20270103,1,20270109,1,20270110,1,20270116,1,20270117,1,20270123,1,20270124,1,20270130,1,20270131,1,20270206,1,20270207,1,20270213,1,20270214,1,20270220,1,20270221,1,20270227,1,20270228,1,20270306,1,20270307,1,20270313,1,20270314,1,20270320,1,20270321,1,20270327,1,20270328,1,20270403,1,20270404,1,20270410,1,20270411,1,20270417,1,20270418,1,20270424,1,20270425,1,20270501,1,20270502,1,20270508,1,20270509,1,20270515,1,20270516,1,20270522,1,20270523,1,20270529,1,20270530,1,20270605,1,20270606,1,20270612,1,20270613,1,20270619,1,20270620,1,20270626,1,20270627,1,20270703,1,20270704,1,20270710,1,20270711,1,20270717,1,20270718,1,20270724,1,20270725,1,20270731,1,20270801,1,20270807,1,20270808,1,20270814,1,20270815,1,20270821,1,20270822,1,20270828,1,20270829,1,20270904,1,20270905,1,20270911,1,20270912,1,20270918,1,20270919,1,20270925,1,20270926,1,20271002,1,20271003,1,20271009,1,20271010,1,20271016,1,20271017,1,20271023,1,20271024,1,20271030,1,20271031,1,20271106,1,20271107,1,20271113,1,20271114,1,20271120,1,20271121,1,20271127,1,20271128,1,20271204,1,20271205,1,20271211,1,20271212,1,20271218,1,20271219,1,20271225,1,20271226,1,20280101,1
'1475042',20261010,1,20261011,1,20261017,1,20261018,1,20261024,1,20261025,1,20261031,1,20261101,1,20261107,1,20261108,1,20261114,1,20261115,1,20261121,1,20261122,1,20261128,1,20261129,1,20261205,1,20261206,1,20261212,1,20261213,1,20261219,1,20261220,1,20261226,1,20261227,1,20270102,1,20270103,1,20270109,1,20270110,1,20270116,1,20270117,1,20270123,1,20270124,1,20270130,1,20270131,1,20270206,1,20270207,1,20270213,1,20270214,1,20270220,1,20270221,1,20270227,1,20270228,1,20270306,1,20270307,1,20270313,1,20270314,1,20270320,1,20270321,1,20270327,1,20270328,1,20270403,1,20270404,1,20270410,1,20270411,1,20270417,1,20270418,1,20270424,1,20270425,1,20270501,1,20270502,1,20270508,1,20270509,1,20270515,1,20270516,1,20270522,1,20270523,1,20270529,1,20270530,1,20270605,1,20270606,1,20270612,1,20270613,1,20270619,1,20270620,1,20270626,1,20270627,1,20270703,1,20270704,1,20270710,1,20270711,1,20270717,1,20270718,1,20270724,1,20270725,1,20270731,1,20270801,1,20270807,1,20270808,1,20270814,1,20270815,1,20270821,1,20270822,1,20270828,1,20270829,1,20270904,1,20270905,1,20270911,1,20270912,1,20270918,1,20270919,1,20270925,1,20270926,1,20271002,1,20271003,1,20271009,1,20271010,1,20271016,1,20271017,1,20271023,1,20271024,1,20271030,1,20271031,1,20271106,1,20271107,1,20271113,1,20271114,1,20271120,1,20271121,1,20271127,1,20271128,1,20271204,1,20271205,1,20271211,1,20271212,1,20271218,1,20271219,1,20271225,1,20271226,1,20280101,1
'1475043',20261010,1,20261011,1,20261017,1,20261018,1,20261024,1,20261025,1,20261031,1,20261101,1,20261107,1,20261108,1,20261114,1,20261115,1,20261121,1,20261122,1,20261128,1,20261129,1,20261205,1,20261206,1,20261212,1,20261213,1,20261219,1,20261220,1,20261226,1,20261227,1,20270102,1,20270103,1,20270109,1,20270110,1,20270116,1,20270117,1,20270123,1,20270124,1,20270130,1,20270131,1,20270206,1,20270207,1,20270213,1,20270214,1,20270220,1,20270221,1,20270227,1,20270228,1,20270306,1,20270307,1,20270313,1,20270314,1,20270320,1,20270321,1,20270327,1,20270328,1,20270403,1,20270404,1,20270410,1,20270411,1,20270417,1,20270418,1,20270424,1,20270425,1,20270501,1,20270502,1,20270508,1,20270509,1,20270515,1,20270516,1,20270522,1,20270523,1,20270529,1,20270530,1,20270605,1,20270606,1,20270612,1,20270613,1,20270619,1,20270620,1,20270626,1,20270627,1,20270703,1,20270704,1,20270710,1,20270711,1,20270717,1,20270718,1,20270724,1,20270725,1,20270731,1,20270801,1,20270807,1,20270808,1,20270814,1,20270815,1,20270821,1,20270822,1,20270828,1,20270829,1,20270904,1,20270905,1,20270911,1,20270912,1,20270918,1,20270919,1,20270925,1,20270926,1,20271002,1,20271003,1,20271009,1,20271010,1,20271016,1,20271017,1,20271023,1,20271024,1,20271030,1,20271031,1,20271106,1,20271107,1,20271113,1,20271114,1,20271120,1,20271121,1,20271127,1,20271128,1,20271204,1,20271205,1,20271211,1,20271212,1,20271218,1,20271219,1,20271225,1,20271226,1,20280101,1
'1475044',20261010,1,20261011,1,20261017,1,20261018,1,20261024,1,20261025,1,20261031,1,20261101,1,20261107,1,20261108,1,20261114,1,20261115,1,20261121,1,20261122,1,20261128,1,20261129,1,20261205,1,20261206,1,20261212,1,20261213,1,20261219,1,20261220,1,20261226,1,20261227,1,20270102,1,20270103,1,20270109,1,20270110,1,20270116,1,20270117,1,20270123,1,20270124,1,20270130,1,20270131,1,20270206,1,20270207,1,20270213,1,20270214,1,20270220,1,20270221,1,20270227,1,20270228,1,20270306,1,20270307,1,20270313,1,20270314,1,20270320,1,20270321,1,20270327,1,20270328,1,20270403,1,20270404,1,20270410,1,20270411,1,20270417,1,20270418,1,20270424,1,20270425,1,20270501,1,20270502,1,20270508,1,20270509,1,20270515,1,20270516,1,20270522,1,20270523,1,20270529,1,20270530,1,20270605,1,20270606,1,20270612,1,20270613,1,20270619,1,20270620,1,20270626,1,20270627,1,20270703,1,20270704,1,20270710,1,20270711,1,20270717,1,20270718,1,20270724,1,20270725,1,20270731,1,20270801,1,20270807,1,20270808,1,20270814,1,20270815,1,20270821,1,20270822,1,20270828,1,20270829,1,20270904,1,20270905,1,20270911,1,20270912,1,20270918,1,20270919,1,20270925,1,20270926,1,20271002,1,20271003,1,20271009,1,20271010,1,20271016,1,20271017,1,20271023,1,20271024,1,20271030,1,20271031,1,20271106,1,20271107,1,20271113,1,20271114,1,20271120,1,20271121,1,20271127,1,20271128,1,20271204,1,20271205,1,20271211,1,20271212,1,20271218,1,20271219,1,20271225,1,20271226,1,20280101,1
'1475045',20261010,1,20261011,1,20261017,1,20261018,1,20261024,1,20261025,1,20261031,1,20261101,1,20261107,1,20261108,1,20261114,1,20261115,1,20261121,1,20261122,1,20261128,1,20261129,1,20261205,1,20261206,1,20261212,1,20261213,1,20261219,1,20261220,1,20261226,1,20261227,1,20270102,1,20270103,1,20270109,1,20270110,1,20270116,1,20270117,1,20270123,1,20270124,1,20270130,1,20270131,1,20270206,1,20270207,1,20270213,1,20270214,1,20270220,1,20270221,1,20270227,1,20270228,1,20270306,1,20270307,1,20270313,1,20270314,1,20270320,1,20270321,1,20270327,1,20270328,1,20270403,1,20270404,1,20270410,1,20270411,1,20270417,1,20270418,1,20270424,1,20270425,1,20270501,1,20270502,1,20270508,1,20270509,1,20270515,1,20270516,1,20270522,1,20270523,1,20270529,1,20270530,1,20270605,1,20270606,1,20270612,1,20270613,1,20270619,1,20270620,1,20270626,1,20270627,1,20270703,1,20270704,1,20270710,1,20270711,1,20270717,1,20270718,1,20270724,1,20270725,1,20270731,1,20270801,1,20270807,1,20270808,1,20270814,1,20270815,1,20270821,1,20270822,1,20270828,1,20270829,1,20270904,1,20270905,1,20270911,1,20270912,1,20270918,1,20270919,1,20270925,1,20270926,1,20271002,1,20271003,1,20271009,1,20271010,1,20271016,1,20271017,1,20271023,1,20271024,1,20271030,1,20271031,1,20271106,1,20271107,1,20271113,1,20271114,1,20271120,1,20271121,1,20271127,1,20271128,1,20271204,1,20271205,1,20271211,1,20271212,1,20271218,1,20271219,1,20271225,1,20271226,1,20280101,1
'1475046',20261010,1,20261011,1,20261017,1,20261018,1,20261024,1,20261025,1,20261031,1,20261101,1,20261107,1,20261108,1,20261114,1,20261115,1,20261121,1,20261122,1,20261128,1,20261129,1,20261205,1,20261206,1,20261212,1,20261213,1,20261219,1,20261220,1,20261226,1,20261227,1,20270102,1,20270103,1,20270109,1,20270110,1,20270116,1,20270117,1,20270123,1,20270124,1,20270130,1,20270131,1,20270206,1,20270207,1,20270213,1,20270214,1,20270220,1,20270221,1,20270227,1,20270228,1,20270306,1,20270307,1,20270313,1,20270314,1,20270320,1,20270321,1,20270327,1,20270328,1,20270403,1,20270404,1,20270410,1,20270411,1,20270417,1,20270418,1,20270424,1,20270425,1,20270501,1,20270502,1,20270508,1,20270509,1,20270515,1,20270516,1,20270522,1,20270523,1,20270529,1,20270530,1,20270605,1,20270606,1,20270612,1,20270613,1,20270619,1,20270620,1,20270626,1,20270627,1,20270703,1,20270704,1,20270710,1,20270711,1,20270717,1,20270718,1,20270724,1,20270725,1,20270731,1,20270801,1,20270807,1,20270808,1,20270814,1,20270815,1,20270821,1,20270822,1,20270828,1,20270829,1,20270904,1,20270905,1,20270911,1,20270912,1,20270918,1,20270919,1,20270925,1,20270926,1,20271002,1,20271003,1,20271009,1,20271010,1,20271016,1,20271017,1,20271023,1,20271024,1,20271030,1,20271031,1,20271106,1,20271107,1,20271113,1,20271114,1,20271120,1,20271121,1,20271127,1,20271128,1,20271204,1,20271205,1,20271211,1,20271212,1,20271218,1,20271219,1,20271225,1,20271226,1,20280101,1
'1475047',20261010,1,20261017,1,20261024,1,20261031,1,20261107,1,20261114,1,20261121,1,20261128,1,20261205,1,20261212,1,20261219,1,20261226,1,20270102,1,20270109,1,20270116,1,20270123,1,20270130,1,20270206,1,20270213,1,20270220,1,20270227,1,20270306,1,20270313,1,20270320,1,20270327,1,20270403,1,20270410,1,20270417,1,20270424,1,20270501,1,20270508,1,20270515,1,20270522,1,20270529,1,20270605,1,20270612,1,20270619,1,20270626,1,20270703,1,20270710,1,20270717,1,20270724,1,20270731,1,20270807,1,20270814,1,20270821,1,20270828,1,20270904,1,20270911,1,20270918,1,20270925,1,20271002,1,20271009,1,20271016,1,20271023,1,20271030,1,20271106,1,20271113,1,20271120,1,20271127,1,20271204,1,20271211,1,20271218,1,20271225,1,20280101,1
'1475048',20261010,1,20261017,1,20261024,1,20261031,1,20261107,1,20261114,1,20261121,1,20261128,1,20261205,1,20261212,1,20261219,1,20261226,1,20270102,1,20270109,1,20270116,1,20270123,1,20270130,1,20270206,1,20270213,1,20270220,1,20270227,1,20270306,1,20270313,1,20270320,1,20270327,1,20270403,1,20270410,1,20270417,1,20270424,1,20270501,1,20270508,1,20270515,1,20270522,1,20270529,1,20270605,1,20270612,1,20270619,1,20270626,1,20270703,1,20270710,1,20270717,1,20270724,1,20270731,1,20270807,1,20270814,1,20270821,1,20270828,1,20270904,1,20270911,1,20270918,1,20270925,1,20271002,1,20271009,1,20271016,1,20271023,1,20271030,1,20271106,1,20271113,1,20271120,1,20271127,1,20271204,1,20271211,1,20271218,1,20271225,1,20280101,1
'1475049',20261010,1,20261017,1,20261024,1,20261031,1,20261107,1,20261114,1,20261121,1,20261128,1,20261205,1,20261212,1,20261219,1,20261226,1,20270102,1,20270109,1,20270116,1,20270123,1,20270130,1,20270206,1,20270213,1,20270220,1,20270227,1,20270306,1,20270313,1,20270320,1,20270327,1,20270403,1,20270410,1,20270417,1,20270424,1,20270501,1,20270508,1,20270515,1,20270522,1,20270529,1,20270605,1,20270612,1,20270619,1,20270626,1,20270703,1,20270710,1,20270717,1,20270724,1,20270731,1,20270807,1,20270814,1,20270821,1,20270828,1,20270904,1,20270911,1,20270918,1,20270925,1,20271002,1,20271009,1,20271016,1,20271023,1,20271030,1,20271106,1,20271113,1,20271120,1,20271127,1,20271204,1,20271211,1,20271218,1,20271225,1,20280101,1
'1475050',20261010,1,20261017,1,20261024,1,20261031,1,20261107,1,20261114,1,20261121,1,20261128,1,20261205,1,20261212,1,20261219,1,20261226,1,20270102,1,20270109,1,20270116,1,20270123,1,20270130,1,20270206,1,20270213,1,20270220,1,20270227,1,20270306,1,20270313,1,20270320,1,20270327,1,20270403,1,20270410,1,20270417,1,20270424,1,20270501,1,20270508,1,20270515,1,20270522,1,20270529,1,20270605,1,20270612,1,20270619,1,20270626,1,20270703,1,20270710,1,20270717,1,20270724,1,20270731,1,20270807,1,20270814,1,20270821,1,20270828,1,20270904,1,20270911,1,20270918,1,20270925,1,20271002,1,20271009,1,20271016,1,20271023,1,20271030,1,20271106,1,20271113,1,20271120,1,20271127,1,20271204,1,20271211,1,20271218,1,20271225,1,20280101,1
'1475051',20261010,1,20261017,1,20261024,1,20261031,1,20261107,1,20261114,1,20261121,1,20261128,1,20261205,1,20261212,1,20261219,1,20261226,1,20270102,1,20270109,1,20270116,1,20270123,1,20270130,1,20270206,1,20270213,1,20270220,1,20270227,1,20270306,1,20270313,1,20270320,1,20270327,1,20270403,1,20270410,1,20270417,1,20270424,1,20270501,1,20270508,1,20270515,1,20270522,1,20270529,1,20270605,1,20270612,1,20270619,1,20270626,1,20270703,1,20270710,1,20270717,1,20270724,1,20270731,1,20270807,1,20270814,1,20270821,1,20270828,1,20270904,1,20270911,1,20270918,1,20270925,1,20271002,1,20271009,1,20271016,1,20271023,1,20271030,1,20271106,1,20271113,1,20271120,1,20271127,1,20271204,1,20271211,1,20271218,1,20271225,1,20280101,1
'1475052',20261010,1,20261017,1,20261024,1,20261031,1,20261107,1,20261114,1,20261121,1,20261128,1,20261205,1,20261212,1,20261219,1,20261226,1,20270102,1,20270109,1,20270116,1,20270123,1,20270130,1,20270206,1,20270213,1,20270220,1,20270227,1,20270306,1,20270313,1,20270320,1,20270327,1,20270403,1,20270410,1,20270417,1,20270424,1,20270501,1,20270508,1,20270515,1,20270522,1,20270529,1,20270605,1,20270612,1,20270619,1,20270626,1,20270703,1,20270710,1,20270717,1,20270724,1,20270731,1,20270807,1,20270814,1,20270821,1,20270828,1,20270904,1,20270911,1,20270918,1,20270925,1,20271002,1,20271009,1,20271016,1,20271023,1,20271030,1,20271106,1,20271113,1,20271120,1,20271127,1,20271204,1,20271211,1,20271218,1,20271225,1,20280101,1
'1475053',20261010,1,20261017,1,20261024,1,20261031,1,20261107,1,20261114,1,20261121,1,20261128,1,20261205,1,20261212,1,20261219,1,20261226,1,20270102,1,20270109,1,20270116,1,20270123,1,20270130,1,20270206,1,20270213,1,20270220,1,20270227,1,20270306,1,20270313,1,20270320,1,20270327,1,20270403,1,20270410,1,20270417,1,20270424,1,20270501,1,20270508,1,20270515,1,20270522,1,20270529,1,20270605,1,20270612,1,20270619,1,20270626,1,20270703,1,20270710,1,20270717,1,20270724,1,20270731,1,20270807,1,20270814,1,20270821,1,20270828,1,20270904,1,20270911,1,20270918,1,20270925,1,20271002,1,20271009,1,20271016,1,20271023,1,20271030,1,20271106,1,20271113,1,20271120,1,20271127,1,20271204,1,20271211,1,20271218,1,20271225,1,20280101,1
'1489412',20261008,1,20261009,1,20261012,1,20261013,1,20261014,1,20261015,1,20261016,1,20261019,1,20261020,1,20261021,1,20261022,1,20261023,1,20261026,1,20261027,1,20261028,1,20261029,1,20261030,1,20261102,1,20261103,1,20261104,1,20261105,1,20261106,1,20261109,1,20261110,1,20261111,1,20261112,1,20261113,1,20261116,1,20261117,1,20261118,1,20261119,1,20261120,1,20261123,1,20261124,1,20261125,1,20261126,1,20261127,1,20261130,1,20261201,1,20261202,1,20261203,1,20261204,1,20261207,1,20261208,1,20261209,1,20261210,1,20261211,1,20261214,1,20261215,1,20261216,1,20261217,1,20261218,1,20261221,1,20261222,1,20261223,1,20261224,1,20261225,1,20261228,1,20261229,1,20261230,1,20261231,1,20270101,1,20270104,1,20270105,1,20270106,1,20270107,1,20270108,1,20270111,1,20270112,1,20270113,1,20270114,1,20270115,1,20270118,1,20270119,1,20270120,1,20270121,1,20270122,1,20270125,1,20270126,1,20270127,1,20270128,1,20270129,1,20270201,1,20270202,1,20270203,1,20270204,1,20270205,1,20270208,1,20270209,1,20270210,1,20270211,1,20270212,1,20270215,1,20270216,1,20270217,1,20270218,1,20270219,1,20270222,1,20270223,1,20270224,1,20270225,1,20270226,1,20270301,1,20270302,1,20270303,1,20270304,1,20270305,1,20270308,1,20270309,1,20270310,1,20270311,1,20270312,1,20270315,1,20270316,1,20270317,1,20270318,1,20270319,1,20270322,1,20270323,1,20270324,1,20270325,1,20270326,1,20270329,1,20270330,1,20270331,1,20270401,1,20270402,1,20270405,1,20270406,1,20270407,1,20270408,1,20270409,1,20270412,1,20270413,1,20270414,1,20270415,1,20270416,1,20270419,1,20270420,1,20270421,1,20270422,1,20270423,1,20270426,1,20270427,1,20270428,1,20270429,1,20270430,1,20270503,1,20270504,1,20270505,1,20270506,1,20270507,1,20270510,1,20270511,1,20270512,1,20270513,1,20270514,1,20270517,1,20270518,1,20270519,1,20270520,1,20270521,1,20270524,1,20270525,1,20270526,1,20270527,1,20270528,1,20270531,1,20270601,1,20270602,1,20270603,1,20270604,1,20270607,1,20270608,1,20270609,1,20270610,1,20270611,1,20270614,1,20270615,1,20270616,1,20270617,1,20270618,1,20270621,1,20270622,1,20270623,1,20270624,1,20270625,1,20270628,1,20270629,1,20270630,1,20270701,1,20270702,1,20270705,1,20270706,1,20270707,1,20270708,1,20270709,1,20270712,1,20270713,1,20270714,1,20270715,1,20270716,1,20270719,1,20270720,1,20270721,1,20270722,1,20270723,1,20270726,1,20270727,1,20270728,1,20270729,1,20270730,1,20270802,1,20270803,1,20270804,1,20270805,1,20270806,1,20270809,1,20270810,1,20270811,1,20270812,1,20270813,1,20270816,1,20270817,1,20270818,1,20270819,1,20270820,1,20270823,1,20270824,1,20270825,1,20270826,1,20270827,1,20270830,1,20270831,1,20270901,1,20270902,1,20270903,1,20270906,1,20270907,1,20270908,1,20270909,1,20270910,1,20270913,1,20270914,1,20270915,1,20270916,1,20270917,1,20270920,1,20270921,1,20270922,1,20270923,1,20270924,1,20270927,1,20270928,1,20270929,1,20270930,1,20271001,1,20271004,1,20271005,1,20271006,1,20271007,1,20271008,1,20271011,1,20271012,1,20271013,1,20271014,1,20271015,1,20271018,1,20271019,1,20271020,1,20271021,1,20271022,1,20271025,1,20271026,1,20271027,1,20271028,1,20271029,1,20271101,1,20271102,1,20271103,1,20271104,1,20271105,1,20271108,1,20271109,1,20271110,1,20271111,1,20271112,1,20271115,1,20271116,1,20271117,1,20271118,1,20271119,1,20271122,1,20271123,1,20271124,1,20271125,1,20271126,1,20271129,1,20271130,1,20271201,1,20271202,1,20271203,1,20271206,1,20271207,1,20271208,1,20271209,1,20271210,1,20271213,1,20271214,1,20271215,1,20271216,1,20271217,1,20271220,1,20271221,1,20271222,1,20271223,1,20271224,1,20271227,1,20271228,1,20271229,1,20271230,1,20271231,1
'1489413',20261008,1,20261009,1,20261012,1,20261013,1,20261014,1,20261015,1,20261016,1,20261019,1,20261020,1,20261021,1,20261022,1,20261023,1,20261026,1,20261027,1,20261028,1,20261029,1,20261030,1,20261102,1,20261103,1,20261104,1,20261105,1,20261106,1,20261109,1,20261110,1,20261111,1,20261112,1,20261113,1,20261116,1,20261117,1,20261118,1,20261119,1,20261120,1,20261123,1,20261124,1,20261125,1,20261126,1,20261127,1,20261130,1,20261201,1,20261202,1,20261203,1,20261204,1,20261207,1,20261208,1,20261209,1,20261210,1,20261211,1,20261214,1,20261215,1,20261216,1,20261217,1,20261218,1,20261221,1,20261222,1,20261223,1,20261224,1,20261225,1,20261228,1,20261229,1,20261230,1,20261231,1,20270101,1,20270104,1,20270105,1,20270106,1,20270107,1,20270108,1,20270111,1,20270112,1,20270113,1,20270114,1,20270115,1,20270118,1,20270119,1,20270120,1,20270121,1,20270122,1,20270125,1,20270126,1,20270127,1,20270128,1,20270129,1,20270201,1,20270202,1,20270203,1,20270204,1,20270205,1,20270208,1,20270209,1,20270210,1,20270211,1,20270212,1,20270215,1,20270216,1,20270217,1,20270218,1,20270219,1,20270222,1,20270223,1,20270224,1,20270225,1,20270226,1,20270301,1,20270302,1,20270303,1,20270304,1,20270305,1,20270308,1,20270309,1,20270310,1,20270311,1,20270312,1,20270315,1,20270316,1,20270317,1,20270318,1,20270319,1,20270322,1,20270323,1,20270324,1,20270325,1,20270326,1,20270329,1,20270330,1,20270331,1,20270401,1,20270402,1,20270405,1,20270406,1,20270407,1,20270408,1,20270409,1,20270412,1,20270413,1,20270414,1,20270415,1,20270416,1,20270419,1,20270420,1,20270421,1,20270422,1,20270423,1,20270426,1,20270427,1,20270428,1,20270429,1,20270430,1,20270503,1,20270504,1,20270505,1,20270506,1,20270507,1,20270510,1,20270511,1,20270512,1,20270513,1,20270514,1,20270517,1,20270518,1,20270519,1,20270520,1,20270521,1,20270524,1,20270525,1,20270526,1,20270527,1,20270528,1,20270531,1,20270601,1,20270602,1,20270603,1,20270604,1,20270607,1,20270608,1,20270609,1,20270610,1,20270611,1,20270614,1,20270615,1,20270616,1,20270617,1,20270618,1,20270621,1,20270622,1,20270623,1,20270624,1,20270625,1,20270628,1,20270629,1,20270630,1,20270701,1,20270702,1,20270705,1,20270706,1,20270707,1,20270708,1,20270709,1,20270712,1,20270713,1,20270714,1,20270715,1,20270716,1,20270719,1,20270720,1,20270721,1,20270722,1,20270723,1,20270726,1,20270727,1,20270728,1,20270729,1,20270730,1,20270802,1,20270803,1,20270804,1,20270805,1,20270806,1,20270809,1,20270810,1,20270811,1,20270812,1,20270813,1,20270816,1,20270817,1,20270818,1,20270819,1,20270820,1,20270823,1,20270824,1,20270825,1,20270826,1,20270827,1,20270830,1,20270831,1,20270901,1,20270902,1,20270903,1,20270906,1,20270907,1,20270908,1,20270909,1,20270910,1,20270913,1,20270914,1,20270915,1,20270916,1,20270917,1,20270920,1,20270921,1,20270922,1,20270923,1,20270924,1,20270927,1,20270928,1,20270929,1,20270930,1,20271001,1,20271004,1,20271005,1,20271006,1,20271007,1,20271008,1,20271011,1,20271012,1,20271013,1,20271014,1,20271015,1,20271018,1,20271019,1,20271020,1,20271021,1,20271022,1,20271025,1,20271026,1,20271027,1,20271028,1,20271029,1,20271101,1,20271102,1,20271103,1,20271104,1,20271105,1,20271108,1,20271109,1,20271110,1,20271111,1,20271112,1,20271115,1,20271116,1,20271117,1,20271118,1,20271119,1,20271122,1,20271123,1,20271124,1,20271125,1,20271126,1,20271129,1,20271130,1,20271201,1,20271202,1,20271203,1,20271206,1,20271207,1,20271208,1,20271209,1,20271210,1,20271213,1,20271214,1,20271215,1,20271216,1,20271217,1,20271220,1,20271221,1,20271222,1,20271223,1,20271224,1,20271227,1,20271228,1,20271229,1,20271230,1,20271231,1
'1489414',20261008,1,20261009,1,20261012,1,20261013,1,20261014,1,20261015,1,20261016,1,20261019,1,20261020,1,20261021,1,20261022,1,20261023,1,20261026,1,20261027,1,20261028,1,20261029,1,20261030,1,20261102,1,20261103,1,20261104,1,20261105,1,20261106,1,20261109,1,20261110,1,20261111,1,20261112,1,20261113,1,20261116,1,20261117,1,20261118,1,20261119,1,20261120,1,20261123,1,20261124,1,20261125,1,20261126,1,20261127,1,20261130,1,20261201,1,20261202,1,20261203,1,20261204,1,20261207,1,20261208,1,20261209,1,20261210,1,20261211,1,20261214,1,20261215,1,20261216,1,20261217,1,20261218,1,20261221,1,20261222,1,20261223,1,20261224,1,20261225,1,20261228,1,20261229,1,20261230,1,20261231,1,20270101,1,20270104,1,20270105,1,20270106,1,20270107,1,20270108,1,20270111,1,20270112,1,20270113,1,20270114,1,20270115,1,20270118,1,20270119,1,20270120,1,20270121,1,20270122,1,20270125,1,20270126,1,20270127,1,20270128,1,20270129,1,20270201,1,20270202,1,20270203,1,20270204,1,20270205,1,20270208,1,20270209,1,20270210,1,20270211,1,20270212,1,20270215,1,20270216,1,20270217,1,20270218,1,20270219,1,20270222,1,20270223,1,20270224,1,20270225,1,20270226,1,20270301,1,20270302,1,20270303,1,20270304,1,20270305,1,20270308,1,20270309,1,20270310,1,20270311,1,20270312,1,20270315,1,20270316,1,20270317,1,20270318,1,20270319,1,20270322,1,20270323,1,20270324,1,20270325,1,20270326,1,20270329,1,20270330,1,20270331,1,20270401,1,20270402,1,20270405,1,20270406,1,20270407,1,20270408,1,20270409,1,20270412,1,20270413,1,20270414,1,20270415,1,20270416,1,20270419,1,20270420,1,20270421,1,20270422,1,20270423,1,20270426,1,20270427,1,20270428,1,20270429,1,20270430,1,20270503,1,20270504,1,20270505,1,20270506,1,20270507,1,20270510,1,20270511,1,20270512,1,20270513,1,20270514,1,20270517,1,20270518,1,20270519,1,20270520,1,20270521,1,20270524,1,20270525,1,20270526,1,20270527,1,20270528,1,20270531,1,20270601,1,20270602,1,20270603,1,20270604,1,20270607,1,20270608,1,20270609,1,20270610,1,20270611,1,20270614,1,20270615,1,20270616,1,20270617,1,20270618,1,20270621,1,20270622,1,20270623,1,20270624,1,20270625,1,20270628,1,20270629,1,20270630,1,20270701,1,20270702,1,20270705,1,20270706,1,20270707,1,20270708,1,20270709,1,20270712,1,20270713,1,20270714,1,20270715,1,20270716,1,20270719,1,20270720,1,20270721,1,20270722,1,20270723,1,20270726,1,20270727,1,20270728,1,20270729,1,20270730,1,20270802,1,20270803,1,20270804,1,20270805,1,20270806,1,20270809,1,20270810,1,20270811,1,20270812,1,20270813,1,20270816,1,20270817,1,20270818,1,20270819,1,20270820,1,20270823,1,20270824,1,20270825,1,20270826,1,20270827,1,20270830,1,20270831,1,20270901,1,20270902,1,20270903,1,20270906,1,20270907,1,20270908,1,20270909,1,20270910,1,20270913,1,20270914,1,20270915,1,20270916,1,20270917,1,20270920,1,20270921,1,20270922,1,20270923,1,20270924,1,20270927,1,20270928,1,20270929,1,20270930,1,20271001,1,20271004,1,20271005,1,20271006,1,20271007,1,20271008,1,20271011,1,20271012,1,20271013,1,20271014,1,20271015,1,20271018,1,20271019,1,20271020,1,20271021,1,20271022,1,20271025,1,20271026,1,20271027,1,20271028,1,20271029,1,20271101,1,20271102,1,20271103,1,20271104,1,20271105,1,20271108,1,20271109,1,20271110,1,20271111,1,20271112,1,20271115,1,20271116,1,20271117,1,20271118,1,20271119,1,20271122,1,20271123,1,20271124,1,20271125,1,20271126,1,20271129,1,20271130,1,20271201,1,20271202,1,20271203,1,20271206,1,20271207,1,20271208,1,20271209,1,20271210,1,20271213,1,20271214,1,20271215,1,20271216,1,20271217,1,20271220,1,20271221,1,20271222,1,20271223,1,20271224,1,20271227,1,20271228,1,20271229,1,20271230,1,20271231,1
'1489415',20261008,1,20261009,1,20261012,1,20261013,1,20261014,1,20261015,1,20261016,1,20261019,1,20261020,1,20261021,1,20261022,1,20261023,1,20261026,1,20261027,1,20261028,1,20261029,1,20261030,1,20261102,1,20261103,1,20261104,1,20261105,1,20261106,1,20261109,1,20261110,1,20261111,1,20261112,1,20261113,1,20261116,1,20261117,1,20261118,1,20261119,1,20261120,1,20261123,1,20261124,1,20261125,1,20261126,1,20261127,1,20261130,1,20261201,1,20261202,1,20261203,1,20261204,1,20261207,1,20261208,1,20261209,1,20261210,1,20261211,1,20261214,1,20261215,1,20261216,1,20261217,1,20261218,1,20261221,1,20261222,1,20261223,1,20261224,1,20261225,1,20261228,1,20261229,1,20261230,1,20261231,1,20270101,1,20270104,1,20270105,1,20270106,1,20270107,1,20270108,1,20270111,1,20270112,1,20270113,1,20270114,1,20270115,1,20270118,1,20270119,1,20270120,1,20270121,1,20270122,1,20270125,1,20270126,1,20270127,1,20270128,1,20270129,1,20270201,1,20270202,1,20270203,1,20270204,1,20270205,1,20270208,1,20270209,1,20270210,1,20270211,1,20270212,1,20270215,1,20270216,1,20270217,1,20270218,1,20270219,1,20270222,1,20270223,1,20270224,1,20270225,1,20270226,1,20270301,1,20270302,1,20270303,1,20270304,1,20270305,1,20270308,1,20270309,1,20270310,1,20270311,1,20270312,1,20270315,1,20270316,1,20270317,1,20270318,1,20270319,1,20270322,1,20270323,1,20270324,1,20270325,1,20270326,1,20270329,1,20270330,1,20270331,1,20270401,1,20270402,1,20270405,1,20270406,1,20270407,1,20270408,1,20270409,1,20270412,1,20270413,1,20270414,1,20270415,1,20270416,1,20270419,1,20270420,1,20270421,1,20270422,1,20270423,1,20270426,1,20270427,1,20270428,1,20270429,1,20270430,1,20270503,1,20270504,1,20270505,1,20270506,1,20270507,1,20270510,1,20270511,1,20270512,1,20270513,1,20270514,1,20270517,1,20270518,1,20270519,1,20270520,1,20270521,1,20270524,1,20270525,1,20270526,1,20270527,1,20270528,1,20270531,1,20270601,1,20270602,1,20270603,1,20270604,1,20270607,1,20270608,1,20270609,1,20270610,1,20270611,1,20270614,1,20270615,1,20270616,1,20270617,1,20270618,1,20270621,1,20270622,1,20270623,1,20270624,1,20270625,1,20270628,1,20270629,1,20270630,1,20270701,1,20270702,1,20270705,1,20270706,1,20270707,1,20270708,1,20270709,1,20270712,1,20270713,1,20270714,1,20270715,1,20270716,1,20270719,1,20270720,1,20270721,1,20270722,1,20270723,1,20270726,1,20270727,1,20270728,1,20270729,1,20270730,1,20270802,1,20270803,1,20270804,1,20270805,1,20270806,1,20270809,1,20270810,1,20270811,1,20270812,1,20270813,1,20270816,1,20270817,1,20270818,1,20270819,1,20270820,1,20270823,1,20270824,1,20270825,1,20270826,1,20270827,1,20270830,1,20270831,1,20270901,1,20270902,1,20270903,1,20270906,1,20270907,1,20270908,1,20270909,1,20270910,1,20270913,1,20270914,1,20270915,1,20270916,1,20270917,1,20270920,1,20270921,1,20270922,1,20270923,1,20270924,1,20270927,1,20270928,1,20270929,1,20270930,1,20271001,1,20271004,1,20271005,1,20271006,1,20271007,1,20271008,1,20271011,1,20271012,1,20271013,1,20271014,1,20271015,1,20271018,1,20271019,1,20271020,1,20271021,1,20271022,1,20271025,1,20271026,1,20271027,1,20271028,1,20271029,1,20271101,1,20271102,1,20271103,1,20271104,1,20271105,1,20271108,1,20271109,1,20271110,1,20271111,1,20271112,1,20271115,1,20271116,1,20271117,1,20271118,1,20271119,1,20271122,1,20271123,1,20271124,1,20271125,1,20271126,1,20271129,1,20271130,1,20271201,1,20271202,1,20271203,1,20271206,1,20271207,1,20271208,1,20271209,1,20271210,1,20271213,1,20271214,1,20271215,1,20271216,1,20271217,1,20271220,1,20271221,1,20271222,1,20271223,1,20271224,1,20271227,1,20271228,1,20271229,1,20271230,1,20271231,1
'1489416',20261008,1,20261009,1,20261012,1,20261013,1,20261014,1,20261015,1,20261016,1,20261019,1,20261020,1,20261021,1,20261022,1,20261023,1,20261026,1,20261027,1,20261028,1,20261029,1,20261030,1,20261102,1,20261103,1,20261104,1,20261105,1,20261106,1,20261109,1,20261110,1,20261111,1,20261112,1,20261113,1,20261116,1,20261117,1,20261118,1,20261119,1,20261120,1,20261123,1,20261124,1,20261125,1,20261126,1,20261127,1,20261130,1,20261201,1,20261202,1,20261203,1,20261204,1,20261207,1,20261208,1,20261209,1,20261210,1,20261211,1,20261214,1,20261215,1,20261216,1,20261217,1,20261218,1,20261221,1,20261222,1,20261223,1,20261224,1,20261225,1,20261228,1,20261229,1,20261230,1,20261231,1,20270101,1,20270104,1,20270105,1,20270106,1,20270107,1,20270108,1,20270111,1,20270112,1,20270113,1,20270114,1,20270115,1,20270118,1,20270119,1,20270120,1,20270121,1,20270122,1,20270125,1,20270126,1,20270127,1,20270128,1,20270129,1,20270201,1,20270202,1,20270203,1,20270204,1,20270205,1,20270208,1,20270209,1,20270210,1,20270211,1,20270212,1,20270215,1,20270216,1,20270217,1,20270218,1,20270219,1,20270222,1,20270223,1,20270224,1,20270225,1,20270226,1,20270301,1,20270302,1,20270303,1,20270304,1,20270305,1,20270308,1,20270309,1,20270310,1,20270311,1,20270312,1,20270315,1,20270316,1,20270317,1,20270318,1,20270319,1,20270322,1,20270323,1,20270324,1,20270325,1,20270326,1,20270329,1,20270330,1,20270331,1,20270401,1,20270402,1,20270405,1,20270406,1,20270407,1,20270408,1,20270409,1,20270412,1,20270413,1,20270414,1,20270415,1,20270416,1,20270419,1,20270420,1,20270421,1,20270422,1,20270423,1,20270426,1,20270427,1,20270428,1,20270429,1,20270430,1,20270503,1,20270504,1,20270505,1,20270506,1,20270507,1,20270510,1,20270511,1,20270512,1,20270513,1,20270514,1,20270517,1,20270518,1,20270519,1,20270520,1,20270521,1,20270524,1,20270525,1,20270526,1,20270527,1,20270528,1,20270531,1,20270601,1,20270602,1,20270603,1,20270604,1,20270607,1,20270608,1,20270609,1,20270610,1,20270611,1,20270614,1,20270615,1,20270616,1,20270617,1,20270618,1,20270621,1,20270622,1,20270623,1,20270624,1,20270625,1,20270628,1,20270629,1,20270630,1,20270701,1,20270702,1,20270705,1,20270706,1,20270707,1,20270708,1,20270709,1,20270712,1,20270713,1,20270714,1,20270715,1,20270716,1,20270719,1,20270720,1,20270721,1,20270722,1,20270723,1,20270726,1,20270727,1,20270728,1,20270729,1,20270730,1,20270802,1,20270803,1,20270804,1,20270805,1,20270806,1,20270809,1,20270810,1,20270811,1,20270812,1,20270813,1,20270816,1,20270817,1,20270818,1,20270819,1,20270820,1,20270823,1,20270824,1,20270825,1,20270826,1,20270827,1,20270830,1,20270831,1,20270901,1,20270902,1,20270903,1,20270906,1,20270907,1,20270908,1,20270909,1,20270910,1,20270913,1,20270914,1,20270915,1,20270916,1,20270917,1,20270920,1,20270921,1,20270922,1,20270923,1,20270924,1,20270927,1,20270928,1,20270929,1,20270930,1,20271001,1,20271004,1,20271005,1,20271006,1,20271007,1,20271008,1,20271011,1,20271012,1,20271013,1,20271014,1,20271015,1,20271018,1,20271019,1,20271020,1,20271021,1,20271022,1,20271025,1,20271026,1,20271027,1,20271028,1,20271029,1,20271101,1,20271102,1,20271103,1,20271104,1,20271105,1,20271108,1,20271109,1,20271110,1,20271111,1,20271112,1,20271115,1,20271116,1,20271117,1,20271118,1,20271119,1,20271122,1,20271123,1,20271124,1,20271125,1,20271126,1,20271129,1,20271130,1,20271201,1,20271202,1,20271203,1,20271206,1,20271207,1,20271208,1,20271209,1,20271210,1,20271213,1,20271214,1,20271215,1,20271216,1,20271217,1,20271220,1,20271221,1,20271222,1,20271223,1,20271224,1,20271227,1,20271228,1,20271229,1,20271230,1,20271231,1
'1489417',20261008,1,20261009,1,20261012,1,20261013,1,20261014,1,20261015,1,20261016,1,20261019,1,20261020,1,20261021,1,20261022,1,20261023,1,20261026,1,20261027,1,20261028,1,20261029,1,20261030,1,20261102,1,20261103,1,20261104,1,20261105,1,20261106,1,20261109,1,20261110,1,20261111,1,20261112,1,20261113,1,20261116,1,20261117,1,20261118,1,20261119,1,20261120,1,20261123,1,20261124,1,20261125,1,20261126,1,20261127,1,20261130,1,20261201,1,20261202,1,20261203,1,20261204,1,20261207,1,20261208,1,20261209,1,20261210,1,20261211,1,20261214,1,20261215,1,20261216,1,20261217,1,20261218,1,20261221,1,20261222,1,20261223,1,20261224,1,20261225,1,20261228,1,20261229,1,20261230,1,20261231,1,20270101,1,20270104,1,20270105,1,20270106,1,20270107,1,20270108,1,20270111,1,20270112,1,20270113,1,20270114,1,20270115,1,20270118,1,20270119,1,20270120,1,20270121,1,20270122,1,20270125,1,20270126,1,20270127,1,20270128,1,20270129,1,20270201,1,20270202,1,20270203,1,20270204,1,20270205,1,20270208,1,20270209,1,20270210,1,20270211,1,20270212,1,20270215,1,20270216,1,20270217,1,20270218,1,20270219,1,20270222,1,20270223,1,20270224,1,20270225,1,20270226,1,20270301,1,20270302,1,20270303,1,20270304,1,20270305,1,20270308,1,20270309,1,20270310,1,20270311,1,20270312,1,20270315,1,20270316,1,20270317,1,20270318,1,20270319,1,20270322,1,20270323,1,20270324,1,20270325,1,20270326,1,20270329,1,20270330,1,20270331,1,20270401,1,20270402,1,20270405,1,20270406,1,20270407,1,20270408,1,20270409,1,20270412,1,20270413,1,20270414,1,20270415,1,20270416,1,20270419,1,20270420,1,20270421,1,20270422,1,20270423,1,20270426,1,20270427,1,20270428,1,20270429,1,20270430,1,20270503,1,20270504,1,20270505,1,20270506,1,20270507,1,20270510,1,20270511,1,20270512,1,20270513,1,20270514,1,20270517,1,20270518,1,20270519,1,20270520,1,20270521,1,20270524,1,20270525,1,20270526,1,20270527,1,20270528,1,20270531,1,20270601,1,20270602,1,20270603,1,20270604,1,20270607,1,20270608,1,20270609,1,20270610,1,20270611,1,20270614,1,20270615,1,20270616,1,20270617,1,20270618,1,20270621,1,20270622,1,20270623,1,20270624,1,20270625,1,20270628,1,20270629,1,20270630,1,20270701,1,20270702,1,20270705,1,20270706,1,20270707,1,20270708,1,20270709,1,20270712,1,20270713,1,20270714,1,20270715,1,20270716,1,20270719,1,20270720,1,20270721,1,20270722,1,20270723,1,20270726,1,20270727,1,20270728,1,20270729,1,20270730,1,20270802,1,20270803,1,20270804,1,20270805,1,20270806,1,20270809,1,20270810,1,20270811,1,20270812,1,20270813,1,20270816,1,20270817,1,20270818,1,20270819,1,20270820,1,20270823,1,20270824,1,20270825,1,20270826,1,20270827,1,20270830,1,20270831,1,20270901,1,20270902,1,20270903,1,20270906,1,20270907,1,20270908,1,20270909,1,20270910,1,20270913,1,20270914,1,20270915,1,20270916,1,20270917,1,20270920,1,20270921,1,20270922,1,20270923,1,20270924,1,20270927,1,20270928,1,20270929,1,20270930,1,20271001,1,20271004,1,20271005,1,20271006,1,20271007,1,20271008,1,20271011,1,20271012,1,20271013,1,20271014,1,20271015,1,20271018,1,20271019,1,20271020,1,20271021,1,20271022,1,20271025,1,20271026,1,20271027,1,20271028,1,20271029,1,20271101,1,20271102,1,20271103,1,20271104,1,20271105,1,20271108,1,20271109,1,20271110,1,20271111,1,20271112,1,20271115,1,20271116,1,20271117,1,20271118,1,20271119,1,20271122,1,20271123,1,20271124,1,20271125,1,20271126,1,20271129,1,20271130,1,20271201,1,20271202,1,20271203,1,20271206,1,20271207,1,20271208,1,20271209,1,20271210,1,20271213,1,20271214,1,20271215,1,20271216,1,20271217,1,20271220,1,20271221,1,20271222,1,20271223,1,20271224,1,20271227,1,20271228,1,20271229,1,20271230,1,20271231,1
'1489418',20261008,1,20261009,1,20261012,1,20261013,1,20261014,1,20261015,1,20261016,1,20261019,1,20261020,1,20261021,1,20261022,1,20261023,1,20261026,1,20261027,1,20261028,1,20261029,1,20261030,1,20261102,1,20261103,1,20261104,1,20261105,1,20261106,1,20261109,1,20261110,1,20261111,1,20261112,1,20261113,1,20261116,1,20261117,1,20261118,1,20261119,1,20261120,1,20261123,1,20261124,1,20261125,1,20261126,1,20261127,1,20261130,1,20261201,1,20261202,1,20261203,1,20261204,1,20261207,1,20261208,1,20261209,1,20261210,1,20261211,1,20261214,1,20261215,1,20261216,1,20261217,1,20261218,1,20261221,1,20261222,1,20261223,1,20261224,1,20261225,1,20261228,1,20261229,1,20261230,1,20261231,1,20270101,1,20270104,1,20270105,1,20270106,1,20270107,1,20270108,1,20270111,1,20270112,1,20270113,1,20270114,1,20270115,1,20270118,1,20270119,1,20270120,1,20270121,1,20270122,1,20270125,1,20270126,1,20270127,1,20270128,1,20270129,1,20270201,1,20270202,1,20270203,1,20270204,1,20270205,1,20270208,1,20270209,1,20270210,1,20270211,1,20270212,1,20270215,1,20270216,1,20270217,1,20270218,1,20270219,1,20270222,1,20270223,1,20270224,1,20270225,1,20270226,1,20270301,1,20270302,1,20270303,1,20270304,1,20270305,1,20270308,1,20270309,1,20270310,1,20270311,1,20270312,1,20270315,1,20270316,1,20270317,1,20270318,1,20270319,1,20270322,1,20270323,1,20270324,1,20270325,1,20270326,1,20270329,1,20270330,1,20270331,1,20270401,1,20270402,1,20270405,1,20270406,1,20270407,1,20270408,1,20270409,1,20270412,1,20270413,1,20270414,1,20270415,1,20270416,1,20270419,1,20270420,1,20270421,1,20270422,1,20270423,1,20270426,1,20270427,1,20270428,1,20270429,1,20270430,1,20270503,1,20270504,1,20270505,1,20270506,1,20270507,1,20270510,1,20270511,1,20270512,1,20270513,1,20270514,1,20270517,1,20270518,1,20270519,1,20270520,1,20270521,1,20270524,1,20270525,1,20270526,1,20270527,1,20270528,1,20270531,1,20270601,1,20270602,1,20270603,1,20270604,1,20270607,1,20270608,1,20270609,1,20270610,1,20270611,1,20270614,1,20270615,1,20270616,1,20270617,1,20270618,1,20270621,1,20270622,1,20270623,1,20270624,1,20270625,1,20270628,1,20270629,1,20270630,1,20270701,1,20270702,1,20270705,1,20270706,1,20270707,1,20270708,1,20270709,1,20270712,1,20270713,1,20270714,1,20270715,1,20270716,1,20270719,1,20270720,1,20270721,1,20270722,1,20270723,1,20270726,1,20270727,1,20270728,1,20270729,1,20270730,1,20270802,1,20270803,1,20270804,1,20270805,1,20270806,1,20270809,1,20270810,1,20270811,1,20270812,1,20270813,1,20270816,1,20270817,1,20270818,1,20270819,1,20270820,1,20270823,1,20270824,1,20270825,1,20270826,1,20270827,1,20270830,1,20270831,1,20270901,1,20270902,1,20270903,1,20270906,1,20270907,1,20270908,1,20270909,1,20270910,1,20270913,1,20270914,1,20270915,1,20270916,1,20270917,1,20270920,1,20270921,1,20270922,1,20270923,1,20270924,1,20270927,1,20270928,1,20270929,1,20270930,1,20271001,1,20271004,1,20271005,1,20271006,1,20271007,1,20271008,1,20271011,1,20271012,1,20271013,1,20271014,1,20271015,1,20271018,1,20271019,1,20271020,1,20271021,1,20271022,1,20271025,1,20271026,1,20271027,1,20271028,1,20271029,1,20271101,1,20271102,1,20271103,1,20271104,1,20271105,1,20271108,1,20271109,1,20271110,1,20271111,1,20271112,1,20271115,1,20271116,1,20271117,1,20271118,1,20271119,1,20271122,1,20271123,1,20271124,1,20271125,1,20271126,1,20271129,1,20271130,1,20271201,1,20271202,1,20271203,1,20271206,1,20271207,1,20271208,1,20271209,1,20271210,1,20271213,1,20271214,1,20271215,1,20271216,1,20271217,1,20271220,1,20271221,1,20271222,1,20271223,1,20271224,1,20271227,1,20271228,1,20271229,1,20271230,1,20271231,1
'1489419',20261008,1,20261009,1,20261012,1,20261013,1,20261014,1,20261015,1,20261016,1,20261019,1,20261020,1,20261021,1,20261022,1,20261023,1,20261026,1,20261027,1,20261028,1,20261029,1,20261030,1,20261102,1,20261103,1,20261104,1,20261105,1,20261106,1,20261109,1,20261110,1,20261111,1,20261112,1,20261113,1,20261116,1,20261117,1,20261118,1,20261119,1,20261120,1,20261123,1,20261124,1,20261125,1,20261126,1,20261127,1,20261130,1,20261201,1,20261202,1,20261203,1,20261204,1,20261207,1,20261208,1,20261209,1,20261210,1,20261211,1,20261214,1,20261215,1,20261216,1,20261217,1,20261218,1,20261221,1,20261222,1,20261223,1,20261224,1,20261225,1,20261228,1,20261229,1,20261230,1,20261231,1,20270101,1,20270104,1,20270105,1,20270106,1,20270107,1,20270108,1,20270111,1,20270112,1,20270113,1,20270114,1,20270115,1,20270118,1,20270119,1,20270120,1,20270121,1,20270122,1,20270125,1,20270126,1,20270127,1,20270128,1,20270129,1,20270201,1,20270202,1,20270203,1,20270204,1,20270205,1,20270208,1,20270209,1,20270210,1,20270211,1,20270212,1,20270215,1,20270216,1,20270217,1,20270218,1,20270219,1,20270222,1,20270223,1,20270224,1,20270225,1,20270226,1,20270301,1,20270302,1,20270303,1,20270304,1,20270305,1,20270308,1,20270309,1,20270310,1,20270311,1,20270312,1,20270315,1,20270316,1,20270317,1,20270318,1,20270319,1,20270322,1,20270323,1,20270324,1,20270325,1,20270326,1,20270329,1,20270330,1,20270331,1,20270401,1,20270402,1,20270405,1,20270406,1,20270407,1,20270408,1,20270409,1,20270412,1,20270413,1,20270414,1,20270415,1,20270416,1,20270419,1,20270420,1,20270421,1,20270422,1,20270423,1,20270426,1,20270427,1,20270428,1,20270429,1,20270430,1,20270503,1,20270504,1,20270505,1,20270506,1,20270507,1,20270510,1,20270511,1,20270512,1,20270513,1,20270514,1,20270517,1,20270518,1,20270519,1,20270520,1,20270521,1,20270524,1,20270525,1,20270526,1,20270527,1,20270528,1,20270531,1,20270601,1,20270602,1,20270603,1,20270604,1,20270607,1,20270608,1,20270609,1,20270610,1,20270611,1,20270614,1,20270615,1,20270616,1,20270617,1,20270618,1,20270621,1,20270622,1,20270623,1,20270624,1,20270625,1,20270628,1,20270629,1,20270630,1,20270701,1,20270702,1,20270705,1,20270706,1,20270707,1,20270708,1,20270709,1,20270712,1,20270713,1,20270714,1,20270715,1,20270716,1,20270719,1,20270720,1,20270721,1,20270722,1,20270723,1,20270726,1,20270727,1,20270728,1,20270729,1,20270730,1,20270802,1,20270803,1,20270804,1,20270805,1,20270806,1,20270809,1,20270810,1,20270811,1,20270812,1,20270813,1,20270816,1,20270817,1,20270818,1,20270819,1,20270820,1,20270823,1,20270824,1,20270825,1,20270826,1,20270827,1,20270830,1,20270831,1,20270901,1,20270902,1,20270903,1,20270906,1,20270907,1,20270908,1,20270909,1,20270910,1,20270913,1,20270914,1,20270915,1,20270916,1,20270917,1,20270920,1,20270921,1,20270922,1,20270923,1,20270924,1,20270927,1,20270928,1,20270929,1,20270930,1,20271001,1,20271004,1,20271005,1,20271006,1,20271007,1,20271008,1,20271011,1,20271012,1,20271013,1,20271014,1,20271015,1,20271018,1,20271019,1,20271020,1,20271021,1,20271022,1,20271025,1,20271026,1,20271027,1,20271028,1,20271029,1,20271101,1,20271102,1,20271103,1,20271104,1,20271105,1,20271108,1,20271109,1,20271110,1,20271111,1,20271112,1,20271115,1,20271116,1,20271117,1,20271118,1,20271119,1,20271122,1,20271123,1,20271124,1,20271125,1,20271126,1,20271129,1,20271130,1,20271201,1,20271202,1,20271203,1,20271206,1,20271207,1,20271208,1,20271209,1,20271210,1,20271213,1,20271214,1,20271215,1,20271216,1,20271217,1,20271220,1,20271221,1,20271222,1,20271223,1,20271224,1,20271227,1,20271228,1,20271229,1,20271230,1,20271231,1
'1489420',20261008,1,20261009,1,20261012,1,20261013,1,20261014,1,20261015,1,20261016,1,20261019,1,20261020,1,20261021,1,20261022,1,20261023,1,20261026,1,20261027,1,20261028,1,20261029,1,20261030,1,20261102,1,20261103,1,20261104,1,20261105,1,20261106,1,20261109,1,20261110,1,20261111,1,20261112,1,20261113,1,20261116,1,20261117,1,20261118,1,20261119,1,20261120,1,20261123,1,20261124,1,20261125,1,20261126,1,20261127,1,20261130,1,20261201,1,20261202,1,20261203,1,20261204,1,20261207,1,20261208,1,20261209,1,20261210,1,20261211,1,20261214,1,20261215,1,20261216,1,20261217,1,20261218,1,20261221,1,20261222,1,20261223,1,20261224,1,20261225,1,20261228,1,20261229,1,20261230,1,20261231,1,20270101,1,20270104,1,20270105,1,20270106,1,20270107,1,20270108,1,20270111,1,20270112,1,20270113,1,20270114,1,20270115,1,20270118,1,20270119,1,20270120,1,20270121,1,20270122,1,20270125,1,20270126,1,20270127,1,20270128,1,20270129,1,20270201,1,20270202,1,20270203,1,20270204,1,20270205,1,20270208,1,20270209,1,20270210,1,20270211,1,20270212,1,20270215,1,20270216,1,20270217,1,20270218,1,20270219,1,20270222,1,20270223,1,20270224,1,20270225,1,20270226,1,20270301,1,20270302,1,20270303,1,20270304,1,20270305,1,20270308,1,20270309,1,20270310,1,20270311,1,20270312,1,20270315,1,20270316,1,20270317,1,20270318,1,20270319,1,20270322,1,20270323,1,20270324,1,20270325,1,20270326,1,20270329,1,20270330,1,20270331,1,20270401,1,20270402,1,20270405,1,20270406,1,20270407,1,20270408,1,20270409,1,20270412,1,20270413,1,20270414,1,20270415,1,20270416,1,20270419,1,20270420,1,20270421,1,20270422,1,20270423,1,20270426,1,20270427,1,20270428,1,20270429,1,20270430,1,20270503,1,20270504,1,20270505,1,20270506,1,20270507,1,20270510,1,20270511,1,20270512,1,20270513,1,20270514,1,20270517,1,20270518,1,20270519,1,20270520,1,20270521,1,20270524,1,20270525,1,20270526,1,20270527,1,20270528,1,20270531,1,20270601,1,20270602,1,20270603,1,20270604,1,20270607,1,20270608,1,20270609,1,20270610,1,20270611,1,20270614,1,20270615,1,20270616,1,20270617,1,20270618,1,20270621,1,20270622,1,20270623,1,20270624,1,20270625,1,20270628,1,20270629,1,20270630,1,20270701,1,20270702,1,20270705,1,20270706,1,20270707,1,20270708,1,20270709,1,20270712,1,20270713,1,20270714,1,20270715,1,20270716,1,20270719,1,20270720,1,20270721,1,20270722,1,20270723,1,20270726,1,20270727,1,20270728,1,20270729,1,20270730,1,20270802,1,20270803,1,20270804,1,20270805,1,20270806,1,20270809,1,20270810,1,20270811,1,20270812,1,20270813,1,20270816,1,20270817,1,20270818,1,20270819,1,20270820,1,20270823,1,20270824,1,20270825,1,20270826,1,20270827,1,20270830,1,20270831,1,20270901,1,20270902,1,20270903,1,20270906,1,20270907,1,20270908,1,20270909,1,20270910,1,20270913,1,20270914,1,20270915,1,20270916,1,20270917,1,20270920,1,20270921,1,20270922,1,20270923,1,20270924,1,20270927,1,20270928,1,20270929,1,20270930,1,20271001,1,20271004,1,20271005,1,20271006,1,20271007,1,20271008,1,20271011,1,20271012,1,20271013,1,20271014,1,20271015,1,20271018,1,20271019,1,20271020,1,20271021,1,20271022,1,20271025,1,20271026,1,20271027,1,20271028,1,20271029,1,20271101,1,20271102,1,20271103,1,20271104,1,20271105,1,20271108,1,20271109,1,20271110,1,20271111,1,20271112,1,20271115,1,20271116,1,20271117,1,20271118,1,20271119,1,20271122,1,20271123,1,20271124,1,20271125,1,20271126,1,20271129,1,20271130,1,20271201,1,20271202,1,20271203,1,20271206,1,20271207,1,20271208,1,20271209,1,20271210,1,20271213,1,20271214,1,20271215,1,20271216,1,20271217,1,20271220,1,20271221,1,20271222,1,20271223,1,20271224,1,20271227,1,20271228,1,20271229,1,20271230,1,20271231,1
'1489421',20261008,1,20261009,1,20261012,1,20261013,1,20261014,1,20261015,1,20261016,1,20261019,1,20261020,1,20261021,1,20261022,1,20261023,1,20261026,1,20261027,1,20261028,1,20261029,1,20261030,1,20261102,1,20261103,1,20261104,1,20261105,1,20261106,1,20261109,1,20261110,1,20261111,1,20261112,1,20261113,1,20261116,1,20261117,1,20261118,1,20261119,1,20261120,1,20261123,1,20261124,1,20261125,1,20261126,1,20261127,1,20261130,1,20261201,1,20261202,1,20261203,1,20261204,1,20261207,1,20261208,1,20261209,1,20261210,1,20261211,1,20261214,1,20261215,1,20261216,1,20261217,1,20261218,1,20261221,1,20261222,1,20261223,1,20261224,1,20261225,1,20261228,1,20261229,1,20261230,1,20261231,1,20270101,1,20270104,1,20270105,1,20270106,1,20270107,1,20270108,1,20270111,1,20270112,1,20270113,1,20270114,1,20270115,1,20270118,1,20270119,1,20270120,1,20270121,1,20270122,1,20270125,1,20270126,1,20270127,1,20270128,1,20270129,1,20270201,1,20270202,1,20270203,1,20270204,1,20270205,1,20270208,1,20270209,1,20270210,1,20270211,1,20270212,1,20270215,1,20270216,1,20270217,1,20270218,1,20270219,1,20270222,1,20270223,1,20270224,1,20270225,1,20270226,1,20270301,1,20270302,1,20270303,1,20270304,1,20270305,1,20270308,1,20270309,1,20270310,1,20270311,1,20270312,1,20270315,1,20270316,1,20270317,1,20270318,1,20270319,1,20270322,1,20270323,1,20270324,1,20270325,1,20270326,1,20270329,1,20270330,1,20270331,1,20270401,1,20270402,1,20270405,1,20270406,1,20270407,1,20270408,1,20270409,1,20270412,1,20270413,1,20270414,1,20270415,1,20270416,1,20270419,1,20270420,1,20270421,1,20270422,1,20270423,1,20270426,1,20270427,1,20270428,1,20270429,1,20270430,1,20270503,1,20270504,1,20270505,1,20270506,1,20270507,1,20270510,1,20270511,1,20270512,1,20270513,1,20270514,1,20270517,1,20270518,1,20270519,1,20270520,1,20270521,1,20270524,1,20270525,1,20270526,1,20270527,1,20270528,1,20270531,1,20270601,1,20270602,1,20270603,1,20270604,1,20270607,1,20270608,1,20270609,1,20270610,1,20270611,1,20270614,1,20270615,1,20270616,1,20270617,1,20270618,1,20270621,1,20270622,1,20270623,1,20270624,1,20270625,1,20270628,1,20270629,1,20270630,1,20270701,1,20270702,1,20270705,1,20270706,1,20270707,1,20270708,1,20270709,1,20270712,1,20270713,1,20270714,1,20270715,1,20270716,1,20270719,1,20270720,1,20270721,1,20270722,1,20270723,1,20270726,1,20270727,1,20270728,1,20270729,1,20270730,1,20270802,1,20270803,1,20270804,1,20270805,1,20270806,1,20270809,1,20270810,1,20270811,1,20270812,1,20270813,1,20270816,1,20270817,1,20270818,1,20270819,1,20270820,1,20270823,1,20270824,1,20270825,1,20270826,1,20270827,1,20270830,1,20270831,1,20270901,1,20270902,1,20270903,1,20270906,1,20270907,1,20270908,1,20270909,1,20270910,1,20270913,1,20270914,1,20270915,1,20270916,1,20270917,1,20270920,1,20270921,1,20270922,1,20270923,1,20270924,1,20270927,1,20270928,1,20270929,1,20270930,1,20271001,1,20271004,1,20271005,1,20271006,1,20271007,1,20271008,1,20271011,1,20271012,1,20271013,1,20271014,1,20271015,1,20271018,1,20271019,1,20271020,1,20271021,1,20271022,1,20271025,1,20271026,1,20271027,1,20271028,1,20271029,1,20271101,1,20271102,1,20271103,1,20271104,1,20271105,1,20271108,1,20271109,1,20271110,1,20271111,1,20271112,1,20271115,1,20271116,1,20271117,1,20271118,1,20271119,1,20271122,1,20271123,1,20271124,1,20271125,1,20271126,1,20271129,1,20271130,1,20271201,1,20271202,1,20271203,1,20271206,1,20271207,1,20271208,1,20271209,1,20271210,1,20271213,1,20271214,1,20271215,1,20271216,1,20271217,1,20271220,1,20271221,1,20271222,1,20271223,1,20271224,1,20271227,1,20271228,1,20271229,1,20271230,1,20271231,1
'1489422',20261008,1,20261009,1,20261012,1,20261013,1,20261014,1,20261015,1,20261016,1,20261019,1,20261020,1,20261021,1,20261022,1,20261023,1,20261026,1,20261027,1,20261028,1,20261029,1,20261030,1,20261102,1,20261103,1,20261104,1,20261105,1,20261106,1,20261109,1,20261110,1,20261111,1,20261112,1,20261113,1,20261116,1,20261117,1,20261118,1,20261119,1,20261120,1,20261123,1,20261124,1,20261125,1,20261126,1,20261127,1,20261130,1,20261201,1,20261202,1,20261203,1,20261204,1,20261207,1,20261208,1,20261209,1,20261210,1,20261211,1,20261214,1,20261215,1,20261216,1,20261217,1,20261218,1,20261221,1,20261222,1,20261223,1,20261224,1,20261225,1,20261228,1,20261229,1,20261230,1,20261231,1,20270101,1,20270104,1,20270105,1,20270106,1,20270107,1,20270108,1,20270111,1,20270112,1,20270113,1,20270114,1,20270115,1,20270118,1,20270119,1,20270120,1,20270121,1,20270122,1,20270125,1,20270126,1,20270127,1,20270128,1,20270129,1,20270201,1,20270202,1,20270203,1,20270204,1,20270205,1,20270208,1,20270209,1,20270210,1,20270211,1,20270212,1,20270215,1,20270216,1,20270217,1,20270218,1,20270219,1,20270222,1,20270223,1,20270224,1,20270225,1,20270226,1,20270301,1,20270302,1,20270303,1,20270304,1,20270305,1,20270308,1,20270309,1,20270310,1,20270311,1,20270312,1,20270315,1,20270316,1,20270317,1,20270318,1,20270319,1,20270322,1,20270323,1,20270324,1,20270325,1,20270326,1,20270329,1,20270330,1,20270331,1,20270401,1,20270402,1,20270405,1,20270406,1,20270407,1,20270408,1,20270409,1,20270412,1,20270413,1,20270414,1,20270415,1,20270416,1,20270419,1,20270420,1,20270421,1,20270422,1,20270423,1,20270426,1,20270427,1,20270428,1,20270429,1,20270430,1,20270503,1,20270504,1,20270505,1,20270506,1,20270507,1,20270510,1,20270511,1,20270512,1,20270513,1,20270514,1,20270517,1,20270518,1,20270519,1,20270520,1,20270521,1,20270524,1,20270525,1,20270526,1,20270527,1,20270528,1,20270531,1,20270601,1,20270602,1,20270603,1,20270604,1,20270607,1,20270608,1,20270609,1,20270610,1,20270611,1,20270614,1,20270615,1,20270616,1,20270617,1,20270618,1,20270621,1,20270622,1,20270623,1,20270624,1,20270625,1,20270628,1,20270629,1,20270630,1,20270701,1,20270702,1,20270705,1,20270706,1,20270707,1,20270708,1,20270709,1,20270712,1,20270713,1,20270714,1,20270715,1,20270716,1,20270719,1,20270720,1,20270721,1,20270722,1,20270723,1,20270726,1,20270727,1,20270728,1,20270729,1,20270730,1,20270802,1,20270803,1,20270804,1,20270805,1,20270806,1,20270809,1,20270810,1,20270811,1,20270812,1,20270813,1,20270816,1,20270817,1,20270818,1,20270819,1,20270820,1,20270823,1,20270824,1,20270825,1,20270826,1,20270827,1,20270830,1,20270831,1,20270901,1,20270902,1,20270903,1,20270906,1,20270907,1,20270908,1,20270909,1,20270910,1,20270913,1,20270914,1,20270915,1,20270916,1,20270917,1,20270920,1,20270921,1,20270922,1,20270923,1,20270924,1,20270927,1,20270928,1,20270929,1,20270930,1,20271001,1,20271004,1,20271005,1,20271006,1,20271007,1,20271008,1,20271011,1,20271012,1,20271013,1,20271014,1,20271015,1,20271018,1,20271019,1,20271020,1,20271021,1,20271022,1,20271025,1,20271026,1,20271027,1,20271028,1,20271029,1,20271101,1,20271102,1,20271103,1,20271104,1,20271105,1,20271108,1,20271109,1,20271110,1,20271111,1,20271112,1,20271115,1,20271116,1,20271117,1,20271118,1,20271119,1,20271122,1,20271123,1,20271124,1,20271125,1,20271126,1,20271129,1,20271130,1,20271201,1,20271202,1,20271203,1,20271206,1,20271207,1,20271208,1,20271209,1,20271210,1,20271213,1,20271214,1,20271215,1,20271216,1,20271217,1,20271220,1,20271221,1,20271222,1,20271223,1,20271224,1,20271227,1,20271228,1,20271229,1,20271230,1,20271231,1
'1489423',20261008,1,20261009,1,20261012,1,20261013,1,20261014,1,20261015,1,20261016,1,20261019,1,20261020,1,20261021,1,20261022,1,20261023,1,20261026,1,20261027,1,20261028,1,20261029,1,20261030,1,20261102,1,20261103,1,20261104,1,20261105,1,20261106,1,20261109,1,20261110,1,20261111,1,20261112,1,20261113,1,20261116,1,20261117,1,20261118,1,20261119,1,20261120,1,20261123,1,20261124,1,20261125,1,20261126,1,20261127,1,20261130,1,20261201,1,20261202,1,20261203,1,20261204,1,20261207,1,20261208,1,20261209,1,20261210,1,20261211,1,20261214,1,20261215,1,20261216,1,20261217,1,20261218,1,20261221,1,20261222,1,20261223,1,20261224,1,20261225,1,20261228,1,20261229,1,20261230,1,20261231,1,20270101,1,20270104,1,20270105,1,20270106,1,20270107,1,20270108,1,20270111,1,20270112,1,20270113,1,20270114,1,20270115,1,20270118,1,20270119,1,20270120,1,20270121,1,20270122,1,20270125,1,20270126,1,20270127,1,20270128,1,20270129,1,20270201,1,20270202,1,20270203,1,20270204,1,20270205,1,20270208,1,20270209,1,20270210,1,20270211,1,20270212,1,20270215,1,20270216,1,20270217,1,20270218,1,20270219,1,20270222,1,20270223,1,20270224,1,20270225,1,20270226,1,20270301,1,20270302,1,20270303,1,20270304,1,20270305,1,20270308,1,20270309,1,20270310,1,20270311,1,20270312,1,20270315,1,20270316,1,20270317,1,20270318,1,20270319,1,20270322,1,20270323,1,20270324,1,20270325,1,20270326,1,20270329,1,20270330,1,20270331,1,20270401,1,20270402,1,20270405,1,20270406,1,20270407,1,20270408,1,20270409,1,20270412,1,20270413,1,20270414,1,20270415,1,20270416,1,20270419,1,20270420,1,20270421,1,20270422,1,20270423,1,20270426,1,20270427,1,20270428,1,20270429,1,20270430,1,20270503,1,20270504,1,20270505,1,20270506,1,20270507,1,20270510,1,20270511,1,20270512,1,20270513,1,20270514,1,20270517,1,20270518,1,20270519,1,20270520,1,20270521,1,20270524,1,20270525,1,20270526,1,20270527,1,20270528,1,20270531,1,20270601,1,20270602,1,20270603,1,20270604,1,20270607,1,20270608,1,20270609,1,20270610,1,20270611,1,20270614,1,20270615,1,20270616,1,20270617,1,20270618,1,20270621,1,20270622,1,20270623,1,20270624,1,20270625,1,20270628,1,20270629,1,20270630,1,20270701,1,20270702,1,20270705,1,20270706,1,20270707,1,20270708,1,20270709,1,20270712,1,20270713,1,20270714,1,20270715,1,20270716,1,20270719,1,20270720,1,20270721,1,20270722,1,20270723,1,20270726,1,20270727,1,20270728,1,20270729,1,20270730,1,20270802,1,20270803,1,20270804,1,20270805,1,20270806,1,20270809,1,20270810,1,20270811,1,20270812,1,20270813,1,20270816,1,20270817,1,20270818,1,20270819,1,20270820,1,20270823,1,20270824,1,20270825,1,20270826,1,20270827,1,20270830,1,20270831,1,20270901,1,20270902,1,20270903,1,20270906,1,20270907,1,20270908,1,20270909,1,20270910,1,20270913,1,20270914,1,20270915,1,20270916,1,20270917,1,20270920,1,20270921,1,20270922,1,20270923,1,20270924,1,20270927,1,20270928,1,20270929,1,20270930,1,20271001,1,20271004,1,20271005,1,20271006,1,20271007,1,20271008,1,20271011,1,20271012,1,20271013,1,20271014,1,20271015,1,20271018,1,20271019,1,20271020,1,20271021,1,20271022,1,20271025,1,20271026,1,20271027,1,20271028,1,20271029,1,20271101,1,20271102,1,20271103,1,20271104,1,20271105,1,20271108,1,20271109,1,20271110,1,20271111,1,20271112,1,20271115,1,20271116,1,20271117,1,20271118,1,20271119,1,20271122,1,20271123,1,20271124,1,20271125,1,20271126,1,20271129,1,20271130,1,20271201,1,20271202,1,20271203,1,20271206,1,20271207,1,20271208,1,20271209,1,20271210,1,20271213,1,20271214,1,20271215,1,20271216,1,20271217,1,20271220,1,20271221,1,20271222,1,20271223,1,20271224,1,20271227,1,20271228,1,20271229,1,20271230,1,20271231,1
'1489424',20261008,1,20261009,1,20261012,1,20261013,1,20261014,1,20261015,1,20261016,1,20261019,1,20261020,1,20261021,1,20261022,1,20261023,1,20261026,1,20261027,1,20261028,1,20261029,1,20261030,1,20261102,1,20261103,1,20261104,1,20261105,1,20261106,1,20261109,1,20261110,1,20261111,1,20261112,1,20261113,1,20261116,1,20261117,1,20261118,1,20261119,1,20261120,1,20261123,1,20261124,1,20261125,1,20261126,1,20261127,1,20261130,1,20261201,1,20261202,1,20261203,1,20261204,1,20261207,1,20261208,1,20261209,1,20261210,1,20261211,1,20261214,1,20261215,1,20261216,1,20261217,1,20261218,1,20261221,1,20261222,1,20261223,1,20261224,1,20261225,1,20261228,1,20261229,1,20261230,1,20261231,1,20270101,1,20270104,1,20270105,1,20270106,1,20270107,1,20270108,1,20270111,1,20270112,1,20270113,1,20270114,1,20270115,1,20270118,1,20270119,1,20270120,1,20270121,1,20270122,1,20270125,1,20270126,1,20270127,1,20270128,1,20270129,1,20270201,1,20270202,1,20270203,1,20270204,1,20270205,1,20270208,1,20270209,1,20270210,1,20270211,1,20270212,1,20270215,1,20270216,1,20270217,1,20270218,1,20270219,1,20270222,1,20270223,1,20270224,1,20270225,1,20270226,1,20270301,1,20270302,1,20270303,1,20270304,1,20270305,1,20270308,1,20270309,1,20270310,1,20270311,1,20270312,1,20270315,1,20270316,1,20270317,1,20270318,1,20270319,1,20270322,1,20270323,1,20270324,1,20270325,1,20270326,1,20270329,1,20270330,1,20270331,1,20270401,1,20270402,1,20270405,1,20270406,1,20270407,1,20270408,1,20270409,1,20270412,1,20270413,1,20270414,1,20270415,1,20270416,1,20270419,1,20270420,1,20270421,1,20270422,1,20270423,1,20270426,1,20270427,1,20270428,1,20270429,1,20270430,1,20270503,1,20270504,1,20270505,1,20270506,1,20270507,1,20270510,1,20270511,1,20270512,1,20270513,1,20270514,1,20270517,1,20270518,1,20270519,1,20270520,1,20270521,1,20270524,1,20270525,1,20270526,1,20270527,1,20270528,1,20270531,1,20270601,1,20270602,1,20270603,1,20270604,1,20270607,1,20270608,1,20270609,1,20270610,1,20270611,1,20270614,1,20270615,1,20270616,1,20270617,1,20270618,1,20270621,1,20270622,1,20270623,1,20270624,1,20270625,1,20270628,1,20270629,1,20270630,1,20270701,1,20270702,1,20270705,1,20270706,1,20270707,1,20270708,1,20270709,1,20270712,1,20270713,1,20270714,1,20270715,1,20270716,1,20270719,1,20270720,1,20270721,1,20270722,1,20270723,1,20270726,1,20270727,1,20270728,1,20270729,1,20270730,1,20270802,1,20270803,1,20270804,1,20270805,1,20270806,1,20270809,1,20270810,1,20270811,1,20270812,1,20270813,1,20270816,1,20270817,1,20270818,1,20270819,1,20270820,1,20270823,1,20270824,1,20270825,1,20270826,1,20270827,1,20270830,1,20270831,1,20270901,1,20270902,1,20270903,1,20270906,1,20270907,1,20270908,1,20270909,1,20270910,1,20270913,1,20270914,1,20270915,1,20270916,1,20270917,1,20270920,1,20270921,1,20270922,1,20270923,1,20270924,1,20270927,1,20270928,1,20270929,1,20270930,1,20271001,1,20271004,1,20271005,1,20271006,1,20271007,1,20271008,1,20271011,1,20271012,1,20271013,1,20271014,1,20271015,1,20271018,1,20271019,1,20271020,1,20271021,1,20271022,1,20271025,1,20271026,1,20271027,1,20271028,1,20271029,1,20271101,1,20271102,1,20271103,1,20271104,1,20271105,1,20271108,1,20271109,1,20271110,1,20271111,1,20271112,1,20271115,1,20271116,1,20271117,1,20271118,1,20271119,1,20271122,1,20271123,1,20271124,1,20271125,1,20271126,1,20271129,1,20271130,1,20271201,1,20271202,1,20271203,1,20271206,1,20271207,1,20271208,1,20271209,1,20271210,1,20271213,1,20271214,1,20271215,1,20271216,1,20271217,1,20271220,1,20271221,1,20271222,1,20271223,1,20271224,1,20271227,1,20271228,1,20271229,1,20271230,1,20271231,1
'1489425',20261008,1,20261009,1,20261012,1,20261013,1,20261014,1,20261015,1,20261016,1,20261019,1,20261020,1,20261021,1,20261022,1,20261023,1,20261026,1,20261027,1,20261028,1,20261029,1,20261030,1,20261102,1,20261103,1,20261104,1,20261105,1,20261106,1,20261109,1,20261110,1,20261111,1,20261112,1,20261113,1,20261116,1,20261117,1,20261118,1,20261119,1,20261120,1,20261123,1,20261124,1,20261125,1,20261126,1,20261127,1,20261130,1,20261201,1,20261202,1,20261203,1,20261204,1,20261207,1,20261208,1,20261209,1,20261210,1,20261211,1,20261214,1,20261215,1,20261216,1,20261217,1,20261218,1,20261221,1,20261222,1,20261223,1,20261224,1,20261225,1,20261228,1,20261229,1,20261230,1,20261231,1,20270101,1,20270104,1,20270105,1,20270106,1,20270107,1,20270108,1,20270111,1,20270112,1,20270113,1,20270114,1,20270115,1,20270118,1,20270119,1,20270120,1,20270121,1,20270122,1,20270125,1,20270126,1,20270127,1,20270128,1,20270129,1,20270201,1,20270202,1,20270203,1,20270204,1,20270205,1,20270208,1,20270209,1,20270210,1,20270211,1,20270212,1,20270215,1,20270216,1,20270217,1,20270218,1,20270219,1,20270222,1,20270223,1,20270224,1,20270225,1,20270226,1,20270301,1,20270302,1,20270303,1,20270304,1,20270305,1,20270308,1,20270309,1,20270310,1,20270311,1,20270312,1,20270315,1,20270316,1,20270317,1,20270318,1,20270319,1,20270322,1,20270323,1,20270324,1,20270325,1,20270326,1,20270329,1,20270330,1,20270331,1,20270401,1,20270402,1,20270405,1,20270406,1,20270407,1,20270408,1,20270409,1,20270412,1,20270413,1,20270414,1,20270415,1,20270416,1,20270419,1,20270420,1,20270421,1,20270422,1,20270423,1,20270426,1,20270427,1,20270428,1,20270429,1,20270430,1,20270503,1,20270504,1,20270505,1,20270506,1,20270507,1,20270510,1,20270511,1,20270512,1,20270513,1,20270514,1,20270517,1,20270518,1,20270519,1,20270520,1,20270521,1,20270524,1,20270525,1,20270526,1,20270527,1,20270528,1,20270531,1,20270601,1,20270602,1,20270603,1,20270604,1,20270607,1,20270608,1,20270609,1,20270610,1,20270611,1,20270614,1,20270615,1,20270616,1,20270617,1,20270618,1,20270621,1,20270622,1,20270623,1,20270624,1,20270625,1,20270628,1,20270629,1,20270630,1,20270701,1,20270702,1,20270705,1,20270706,1,20270707,1,20270708,1,20270709,1,20270712,1,20270713,1,20270714,1,20270715,1,20270716,1,20270719,1,20270720,1,20270721,1,20270722,1,20270723,1,20270726,1,20270727,1,20270728,1,20270729,1,20270730,1,20270802,1,20270803,1,20270804,1,20270805,1,20270806,1,20270809,1,20270810,1,20270811,1,20270812,1,20270813,1,20270816,1,20270817,1,20270818,1,20270819,1,20270820,1,20270823,1,20270824,1,20270825,1,20270826,1,20270827,1,20270830,1,20270831,1,20270901,1,20270902,1,20270903,1,20270906,1,20270907,1,20270908,1,20270909,1,20270910,1,20270913,1,20270914,1,20270915,1,20270916,1,20270917,1,20270920,1,20270921,1,20270922,1,20270923,1,20270924,1,20270927,1,20270928,1,20270929,1,20270930,1,20271001,1,20271004,1,20271005,1,20271006,1,20271007,1,20271008,1,20271011,1,20271012,1,20271013,1,20271014,1,20271015,1,20271018,1,20271019,1,20271020,1,20271021,1,20271022,1,20271025,1,20271026,1,20271027,1,20271028,1,20271029,1,20271101,1,20271102,1,20271103,1,20271104,1,20271105,1,20271108,1,20271109,1,20271110,1,20271111,1,20271112,1,20271115,1,20271116,1,20271117,1,20271118,1,20271119,1,20271122,1,20271123,1,20271124,1,20271125,1,20271126,1,20271129,1,20271130,1,20271201,1,20271202,1,20271203,1,20271206,1,20271207,1,20271208,1,20271209,1,20271210,1,20271213,1,20271214,1,20271215,1,20271216,1,20271217,1,20271220,1,20271221,1,20271222,1,20271223,1,20271224,1,20271227,1,20271228,1,20271229,1,20271230,1,20271231,1
'1489426',20261008,1,20261009,1,20261012,1,20261013,1,20261014,1,20261015,1,20261016,1,20261019,1,20261020,1,20261021,1,20261022,1,20261023,1,20261026,1,20261027,1,20261028,1,20261029,1,20261030,1,20261102,1,20261103,1,20261104,1,20261105,1,20261106,1,20261109,1,20261110,1,20261111,1,20261112,1,20261113,1,20261116,1,20261117,1,20261118,1,20261119,1,20261120,1,20261123,1,20261124,1,20261125,1,20261126,1,20261127,1,20261130,1,20261201,1,20261202,1,20261203,1,20261204,1,20261207,1,20261208,1,20261209,1,20261210,1,20261211,1,20261214,1,20261215,1,20261216,1,20261217,1,20261218,1,20261221,1,20261222,1,20261223,1,20261224,1,20261225,1,20261228,1,20261229,1,20261230,1,20261231,1,20270101,1,20270104,1,20270105,1,20270106,1,20270107,1,20270108,1,20270111,1,20270112,1,20270113,1,20270114,1,20270115,1,20270118,1,20270119,1,20270120,1,20270121,1,20270122,1,20270125,1,20270126,1,20270127,1,20270128,1,20270129,1,20270201,1,20270202,1,20270203,1,20270204,1,20270205,1,20270208,1,20270209,1,20270210,1,20270211,1,20270212,1,20270215,1,20270216,1,20270217,1,20270218,1,20270219,1,20270222,1,20270223,1,20270224,1,20270225,1,20270226,1,20270301,1,20270302,1,20270303,1,20270304,1,20270305,1,20270308,1,20270309,1,20270310,1,20270311,1,20270312,1,20270315,1,20270316,1,20270317,1,20270318,1,20270319,1,20270322,1,20270323,1,20270324,1,20270325,1,20270326,1,20270329,1,20270330,1,20270331,1,20270401,1,20270402,1,20270405,1,20270406,1,20270407,1,20270408,1,20270409,1,20270412,1,20270413,1,20270414,1,20270415,1,20270416,1,20270419,1,20270420,1,20270421,1,20270422,1,20270423,1,20270426,1,20270427,1,20270428,1,20270429,1,20270430,1,20270503,1,20270504,1,20270505,1,20270506,1,20270507,1,20270510,1,20270511,1,20270512,1,20270513,1,20270514,1,20270517,1,20270518,1,20270519,1,20270520,1,20270521,1,20270524,1,20270525,1,20270526,1,20270527,1,20270528,1,20270531,1,20270601,1,20270602,1,20270603,1,20270604,1,20270607,1,20270608,1,20270609,1,20270610,1,20270611,1,20270614,1,20270615,1,20270616,1,20270617,1,20270618,1,20270621,1,20270622,1,20270623,1,20270624,1,20270625,1,20270628,1,20270629,1,20270630,1,20270701,1,20270702,1,20270705,1,20270706,1,20270707,1,20270708,1,20270709,1,20270712,1,20270713,1,20270714,1,20270715,1,20270716,1,20270719,1,20270720,1,20270721,1,20270722,1,20270723,1,20270726,1,20270727,1,20270728,1,20270729,1,20270730,1,20270802,1,20270803,1,20270804,1,20270805,1,20270806,1,20270809,1,20270810,1,20270811,1,20270812,1,20270813,1,20270816,1,20270817,1,20270818,1,20270819,1,20270820,1,20270823,1,20270824,1,20270825,1,20270826,1,20270827,1,20270830,1,20270831,1,20270901,1,20270902,1,20270903,1,20270906,1,20270907,1,20270908,1,20270909,1,20270910,1,20270913,1,20270914,1,20270915,1,20270916,1,20270917,1,20270920,1,20270921,1,20270922,1,20270923,1,20270924,1,20270927,1,20270928,1,20270929,1,20270930,1,20271001,1,20271004,1,20271005,1,20271006,1,20271007,1,20271008,1,20271011,1,20271012,1,20271013,1,20271014,1,20271015,1,20271018,1,20271019,1,20271020,1,20271021,1,20271022,1,20271025,1,20271026,1,20271027,1,20271028,1,20271029,1,20271101,1,20271102,1,20271103,1,20271104,1,20271105,1,20271108,1,20271109,1,20271110,1,20271111,1,20271112,1,20271115,1,20271116,1,20271117,1,20271118,1,20271119,1,20271122,1,20271123,1,20271124,1,20271125,1,20271126,1,20271129,1,20271130,1,20271201,1,20271202,1,20271203,1,20271206,1,20271207,1,20271208,1,20271209,1,20271210,1,20271213,1,20271214,1,20271215,1,20271216,1,20271217,1,20271220,1,20271221,1,20271222,1,20271223,1,20271224,1,20271227,1,20271228,1,20271229,1,20271230,1,20271231,1
'1489427',20261008,1,20261009,1,20261012,1,20261013,1,20261014,1,20261015,1,20261016,1,20261019,1,20261020,1,20261021,1,20261022,1,20261023,1,20261026,1,20261027,1,20261028,1,20261029,1,20261030,1,20261102,1,20261103,1,20261104,1,20261105,1,20261106,1,20261109,1,20261110,1,20261111,1,20261112,1,20261113,1,20261116,1,20261117,1,20261118,1,20261119,1,20261120,1,20261123,1,20261124,1,20261125,1,20261126,1,20261127,1,20261130,1,20261201,1,20261202,1,20261203,1,20261204,1,20261207,1,20261208,1,20261209,1,20261210,1,20261211,1,20261214,1,20261215,1,20261216,1,20261217,1,20261218,1,20261221,1,20261222,1,20261223,1,20261224,1,20261225,1,20261228,1,20261229,1,20261230,1,20261231,1,20270101,1,20270104,1,20270105,1,20270106,1,20270107,1,20270108,1,20270111,1,20270112,1,20270113,1,20270114,1,20270115,1,20270118,1,20270119,1,20270120,1,20270121,1,20270122,1,20270125,1,20270126,1,20270127,1,20270128,1,20270129,1,20270201,1,20270202,1,20270203,1,20270204,1,20270205,1,20270208,1,20270209,1,20270210,1,20270211,1,20270212,1,20270215,1,20270216,1,20270217,1,20270218,1,20270219,1,20270222,1,20270223,1,20270224,1,20270225,1,20270226,1,20270301,1,20270302,1,20270303,1,20270304,1,20270305,1,20270308,1,20270309,1,20270310,1,20270311,1,20270312,1,20270315,1,20270316,1,20270317,1,20270318,1,20270319,1,20270322,1,20270323,1,20270324,1,20270325,1,20270326,1,20270329,1,20270330,1,20270331,1,20270401,1,20270402,1,20270405,1,20270406,1,20270407,1,20270408,1,20270409,1,20270412,1,20270413,1,20270414,1,20270415,1,20270416,1,20270419,1,20270420,1,20270421,1,20270422,1,20270423,1,20270426,1,20270427,1,20270428,1,20270429,1,20270430,1,20270503,1,20270504,1,20270505,1,20270506,1,20270507,1,20270510,1,20270511,1,20270512,1,20270513,1,20270514,1,20270517,1,20270518,1,20270519,1,20270520,1,20270521,1,20270524,1,20270525,1,20270526,1,20270527,1,20270528,1,20270531,1,20270601,1,20270602,1,20270603,1,20270604,1,20270607,1,20270608,1,20270609,1,20270610,1,20270611,1,20270614,1,20270615,1,20270616,1,20270617,1,20270618,1,20270621,1,20270622,1,20270623,1,20270624,1,20270625,1,20270628,1,20270629,1,20270630,1,20270701,1,20270702,1,20270705,1,20270706,1,20270707,1,20270708,1,20270709,1,20270712,1,20270713,1,20270714,1,20270715,1,20270716,1,20270719,1,20270720,1,20270721,1,20270722,1,20270723,1,20270726,1,20270727,1,20270728,1,20270729,1,20270730,1,20270802,1,20270803,1,20270804,1,20270805,1,20270806,1,20270809,1,20270810,1,20270811,1,20270812,1,20270813,1,20270816,1,20270817,1,20270818,1,20270819,1,20270820,1,20270823,1,20270824,1,20270825,1,20270826,1,20270827,1,20270830,1,20270831,1,20270901,1,20270902,1,20270903,1,20270906,1,20270907,1,20270908,1,20270909,1,20270910,1,20270913,1,20270914,1,20270915,1,20270916,1,20270917,1,20270920,1,20270921,1,20270922,1,20270923,1,20270924,1,20270927,1,20270928,1,20270929,1,20270930,1,20271001,1,20271004,1,20271005,1,20271006,1,20271007,1,20271008,1,20271011,1,20271012,1,20271013,1,20271014,1,20271015,1,20271018,1,20271019,1,20271020,1,20271021,1,20271022,1,20271025,1,20271026,1,20271027,1,20271028,1,20271029,1,20271101,1,20271102,1,20271103,1,20271104,1,20271105,1,20271108,1,20271109,1,20271110,1,20271111,1,20271112,1,20271115,1,20271116,1,20271117,1,20271118,1,20271119,1,20271122,1,20271123,1,20271124,1,20271125,1,20271126,1,20271129,1,20271130,1,20271201,1,20271202,1,20271203,1,20271206,1,20271207,1,20271208,1,20271209,1,20271210,1,20271213,1,20271214,1,20271215,1,20271216,1,20271217,1,20271220,1,20271221,1,20271222,1,20271223,1,20271224,1,20271227,1,20271228,1,20271229,1,20271230,1,20271231,1
'1489428',20261008,1,20261009,1,20261012,1,20261013,1,20261014,1,20261015,1,20261016,1,20261019,1,20261020,1,20261021,1,20261022,1,20261023,1,20261026,1,20261027,1,20261028,1,20261029,1,20261030,1,20261102,1,20261103,1,20261104,1,20261105,1,20261106,1,20261109,1,20261110,1,20261111,1,20261112,1,20261113,1,20261116,1,20261117,1,20261118,1,20261119,1,20261120,1,20261123,1,20261124,1,20261125,1,20261126,1,20261127,1,20261130,1,20261201,1,20261202,1,20261203,1,20261204,1,20261207,1,20261208,1,20261209,1,20261210,1,20261211,1,20261214,1,20261215,1,20261216,1,20261217,1,20261218,1,20261221,1,20261222,1,20261223,1,20261224,1,20261225,1,20261228,1,20261229,1,20261230,1,20261231,1,20270101,1,20270104,1,20270105,1,20270106,1,20270107,1,20270108,1,20270111,1,20270112,1,20270113,1,20270114,1,20270115,1,20270118,1,20270119,1,20270120,1,20270121,1,20270122,1,20270125,1,20270126,1,20270127,1,20270128,1,20270129,1,20270201,1,20270202,1,20270203,1,20270204,1,20270205,1,20270208,1,20270209,1,20270210,1,20270211,1,20270212,1,20270215,1,20270216,1,20270217,1,20270218,1,20270219,1,20270222,1,20270223,1,20270224,1,20270225,1,20270226,1,20270301,1,20270302,1,20270303,1,20270304,1,20270305,1,20270308,1,20270309,1,20270310,1,20270311,1,20270312,1,20270315,1,20270316,1,20270317,1,20270318,1,20270319,1,20270322,1,20270323,1,20270324,1,20270325,1,20270326,1,20270329,1,20270330,1,20270331,1,20270401,1,20270402,1,20270405,1,20270406,1,20270407,1,20270408,1,20270409,1,20270412,1,20270413,1,20270414,1,20270415,1,20270416,1,20270419,1,20270420,1,20270421,1,20270422,1,20270423,1,20270426,1,20270427,1,20270428,1,20270429,1,20270430,1,20270503,1,20270504,1,20270505,1,20270506,1,20270507,1,20270510,1,20270511,1,20270512,1,20270513,1,20270514,1,20270517,1,20270518,1,20270519,1,20270520,1,20270521,1,20270524,1,20270525,1,20270526,1,20270527,1,20270528,1,20270531,1,20270601,1,20270602,1,20270603,1,20270604,1,20270607,1,20270608,1,20270609,1,20270610,1,20270611,1,20270614,1,20270615,1,20270616,1,20270617,1,20270618,1,20270621,1,20270622,1,20270623,1,20270624,1,20270625,1,20270628,1,20270629,1,20270630,1,20270701,1,20270702,1,20270705,1,20270706,1,20270707,1,20270708,1,20270709,1,20270712,1,20270713,1,20270714,1,20270715,1,20270716,1,20270719,1,20270720,1,20270721,1,20270722,1,20270723,1,20270726,1,20270727,1,20270728,1,20270729,1,20270730,1,20270802,1,20270803,1,20270804,1,20270805,1,20270806,1,20270809,1,20270810,1,20270811,1,20270812,1,20270813,1,20270816,1,20270817,1,20270818,1,20270819,1,20270820,1,20270823,1,20270824,1,20270825,1,20270826,1,20270827,1,20270830,1,20270831,1,20270901,1,20270902,1,20270903,1,20270906,1,20270907,1,20270908,1,20270909,1,20270910,1,20270913,1,20270914,1,20270915,1,20270916,1,20270917,1,20270920,1,20270921,1,20270922,1,20270923,1,20270924,1,20270927,1,20270928,1,20270929,1,20270930,1,20271001,1,20271004,1,20271005,1,20271006,1,20271007,1,20271008,1,20271011,1,20271012,1,20271013,1,20271014,1,20271015,1,20271018,1,20271019,1,20271020,1,20271021,1,20271022,1,20271025,1,20271026,1,20271027,1,20271028,1,20271029,1,20271101,1,20271102,1,20271103,1,20271104,1,20271105,1,20271108,1,20271109,1,20271110,1,20271111,1,20271112,1,20271115,1,20271116,1,20271117,1,20271118,1,20271119,1,20271122,1,20271123,1,20271124,1,20271125,1,20271126,1,20271129,1,20271130,1,20271201,1,20271202,1,20271203,1,20271206,1,20271207,1,20271208,1,20271209,1,20271210,1,20271213,1,20271214,1,20271215,1,20271216,1,20271217,1,20271220,1,20271221,1,20271222,1,20271223,1,20271224,1,20271227,1,20271228,1,20271229,1,20271230,1,20271231,1
'1489429',20261008,1,20261009,1,20261012,1,20261013,1,20261014,1,20261015,1,20261016,1,20261019,1,20261020,1,20261021,1,20261022,1,20261023,1,20261026,1,20261027,1,20261028,1,20261029,1,20261030,1,20261102,1,20261103,1,20261104,1,20261105,1,20261106,1,20261109,1,20261110,1,20261111,1,20261112,1,20261113,1,20261116,1,20261117,1,20261118,1,20261119,1,20261120,1,20261123,1,20261124,1,20261125,1,20261126,1,20261127,1,20261130,1,20261201,1,20261202,1,20261203,1,20261204,1,20261207,1,20261208,1,20261209,1,20261210,1,20261211,1,20261214,1,20261215,1,20261216,1,20261217,1,20261218,1,20261221,1,20261222,1,20261223,1,20261224,1,20261225,1,20261228,1,20261229,1,20261230,1,20261231,1,20270101,1,20270104,1,20270105,1,20270106,1,20270107,1,20270108,1,20270111,1,20270112,1,20270113,1,20270114,1,20270115,1,20270118,1,20270119,1,20270120,1,20270121,1,20270122,1,20270125,1,20270126,1,20270127,1,20270128,1,20270129,1,20270201,1,20270202,1,20270203,1,20270204,1,20270205,1,20270208,1,20270209,1,20270210,1,20270211,1,20270212,1,20270215,1,20270216,1,20270217,1,20270218,1,20270219,1,20270222,1,20270223,1,20270224,1,20270225,1,20270226,1,20270301,1,20270302,1,20270303,1,20270304,1,20270305,1,20270308,1,20270309,1,20270310,1,20270311,1,20270312,1,20270315,1,20270316,1,20270317,1,20270318,1,20270319,1,20270322,1,20270323,1,20270324,1,20270325,1,20270326,1,20270329,1,20270330,1,20270331,1,20270401,1,20270402,1,20270405,1,20270406,1,20270407,1,20270408,1,20270409,1,20270412,1,20270413,1,20270414,1,20270415,1,20270416,1,20270419,1,20270420,1,20270421,1,20270422,1,20270423,1,20270426,1,20270427,1,20270428,1,20270429,1,20270430,1,20270503,1,20270504,1,20270505,1,20270506,1,20270507,1,20270510,1,20270511,1,20270512,1,20270513,1,20270514,1,20270517,1,20270518,1,20270519,1,20270520,1,20270521,1,20270524,1,20270525,1,20270526,1,20270527,1,20270528,1,20270531,1,20270601,1,20270602,1,20270603,1,20270604,1,20270607,1,20270608,1,20270609,1,20270610,1,20270611,1,20270614,1,20270615,1,20270616,1,20270617,1,20270618,1,20270621,1,20270622,1,20270623,1,20270624,1,20270625,1,20270628,1,20270629,1,20270630,1,20270701,1,20270702,1,20270705,1,20270706,1,20270707,1,20270708,1,20270709,1,20270712,1,20270713,1,20270714,1,20270715,1,20270716,1,20270719,1,20270720,1,20270721,1,20270722,1,20270723,1,20270726,1,20270727,1,20270728,1,20270729,1,20270730,1,20270802,1,20270803,1,20270804,1,20270805,1,20270806,1,20270809,1,20270810,1,20270811,1,20270812,1,20270813,1,20270816,1,20270817,1,20270818,1,20270819,1,20270820,1,20270823,1,20270824,1,20270825,1,20270826,1,20270827,1,20270830,1,20270831,1,20270901,1,20270902,1,20270903,1,20270906,1,20270907,1,20270908,1,20270909,1,20270910,1,20270913,1,20270914,1,20270915,1,20270916,1,20270917,1,20270920,1,20270921,1,20270922,1,20270923,1,20270924,1,20270927,1,20270928,1,20270929,1,20270930,1,20271001,1,20271004,1,20271005,1,20271006,1,20271007,1,20271008,1,20271011,1,20271012,1,20271013,1,20271014,1,20271015,1,20271018,1,20271019,1,20271020,1,20271021,1,20271022,1,20271025,1,20271026,1,20271027,1,20271028,1,20271029,1,20271101,1,20271102,1,20271103,1,20271104,1,20271105,1,20271108,1,20271109,1,20271110,1,20271111,1,20271112,1,20271115,1,20271116,1,20271117,1,20271118,1,20271119,1,20271122,1,20271123,1,20271124,1,20271125,1,20271126,1,20271129,1,20271130,1,20271201,1,20271202,1,20271203,1,20271206,1,20271207,1,20271208,1,20271209,1,20271210,1,20271213,1,20271214,1,20271215,1,20271216,1,20271217,1,20271220,1,20271221,1,20271222,1,20271223,1,20271224,1,20271227,1,20271228,1,20271229,1,20271230,1,20271231,1
'1489430',20261008,1,20261009,1,20261012,1,20261013,1,20261014,1,20261015,1,20261016,1,20261019,1,20261020,1,20261021,1,20261022,1,20261023,1,20261026,1,20261027,1,20261028,1,20261029,1,20261030,1,20261102,1,20261103,1,20261104,1,20261105,1,20261106,1,20261109,1,20261110,1,20261111,1,20261112,1,20261113,1,20261116,1,20261117,1,20261118,1,20261119,1,20261120,1,20261123,1,20261124,1,20261125,1,20261126,1,20261127,1,20261130,1,20261201,1,20261202,1,20261203,1,20261204,1,20261207,1,20261208,1,20261209,1,20261210,1,20261211,1,20261214,1,20261215,1,20261216,1,20261217,1,20261218,1,20261221,1,20261222,1,20261223,1,20261224,1,20261225,1,20261228,1,20261229,1,20261230,1,20261231,1,20270101,1,20270104,1,20270105,1,20270106,1,20270107,1,20270108,1,20270111,1,20270112,1,20270113,1,20270114,1,20270115,1,20270118,1,20270119,1,20270120,1,20270121,1,20270122,1,20270125,1,20270126,1,20270127,1,20270128,1,20270129,1,20270201,1,20270202,1,20270203,1,20270204,1,20270205,1,20270208,1,20270209,1,20270210,1,20270211,1,20270212,1,20270215,1,20270216,1,20270217,1,20270218,1,20270219,1,20270222,1,20270223,1,20270224,1,20270225,1,20270226,1,20270301,1,20270302,1,20270303,1,20270304,1,20270305,1,20270308,1,20270309,1,20270310,1,20270311,1,20270312,1,20270315,1,20270316,1,20270317,1,20270318,1,20270319,1,20270322,1,20270323,1,20270324,1,20270325,1,20270326,1,20270329,1,20270330,1,20270331,1,20270401,1,20270402,1,20270405,1,20270406,1,20270407,1,20270408,1,20270409,1,20270412,1,20270413,1,20270414,1,20270415,1,20270416,1,20270419,1,20270420,1,20270421,1,20270422,1,20270423,1,20270426,1,20270427,1,20270428,1,20270429,1,20270430,1,20270503,1,20270504,1,20270505,1,20270506,1,20270507,1,20270510,1,20270511,1,20270512,1,20270513,1,20270514,1,20270517,1,20270518,1,20270519,1,20270520,1,20270521,1,20270524,1,20270525,1,20270526,1,20270527,1,20270528,1,20270531,1,20270601,1,20270602,1,20270603,1,20270604,1,20270607,1,20270608,1,20270609,1,20270610,1,20270611,1,20270614,1,20270615,1,20270616,1,20270617,1,20270618,1,20270621,1,20270622,1,20270623,1,20270624,1,20270625,1,20270628,1,20270629,1,20270630,1,20270701,1,20270702,1,20270705,1,20270706,1,20270707,1,20270708,1,20270709,1,20270712,1,20270713,1,20270714,1,20270715,1,20270716,1,20270719,1,20270720,1,20270721,1,20270722,1,20270723,1,20270726,1,20270727,1,20270728,1,20270729,1,20270730,1,20270802,1,20270803,1,20270804,1,20270805,1,20270806,1,20270809,1,20270810,1,20270811,1,20270812,1,20270813,1,20270816,1,20270817,1,20270818,1,20270819,1,20270820,1,20270823,1,20270824,1,20270825,1,20270826,1,20270827,1,20270830,1,20270831,1,20270901,1,20270902,1,20270903,1,20270906,1,20270907,1,20270908,1,20270909,1,20270910,1,20270913,1,20270914,1,20270915,1,20270916,1,20270917,1,20270920,1,20270921,1,20270922,1,20270923,1,20270924,1,20270927,1,20270928,1,20270929,1,20270930,1,20271001,1,20271004,1,20271005,1,20271006,1,20271007,1,20271008,1,20271011,1,20271012,1,20271013,1,20271014,1,20271015,1,20271018,1,20271019,1,20271020,1,20271021,1,20271022,1,20271025,1,20271026,1,20271027,1,20271028,1,20271029,1,20271101,1,20271102,1,20271103,1,20271104,1,20271105,1,20271108,1,20271109,1,20271110,1,20271111,1,20271112,1,20271115,1,20271116,1,20271117,1,20271118,1,20271119,1,20271122,1,20271123,1,20271124,1,20271125,1,20271126,1,20271129,1,20271130,1,20271201,1,20271202,1,20271203,1,20271206,1,20271207,1,20271208,1,20271209,1,20271210,1,20271213,1,20271214,1,20271215,1,20271216,1,20271217,1,20271220,1,20271221,1,20271222,1,20271223,1,20271224,1,20271227,1,20271228,1,20271229,1,20271230,1,20271231,1
'1489431',20261008,1,20261009,1,20261012,1,20261013,1,20261014,1,20261015,1,20261016,1,20261019,1,20261020,1,20261021,1,20261022,1,20261023,1,20261026,1,20261027,1,20261028,1,20261029,1,20261030,1,20261102,1,20261103,1,20261104,1,20261105,1,20261106,1,20261109,1,20261110,1,20261111,1,20261112,1,20261113,1,20261116,1,20261117,1,20261118,1,20261119,1,20261120,1,20261123,1,20261124,1,20261125,1,20261126,1,20261127,1,20261130,1,20261201,1,20261202,1,20261203,1,20261204,1,20261207,1,20261208,1,20261209,1,20261210,1,20261211,1,20261214,1,20261215,1,20261216,1,20261217,1,20261218,1,20261221,1,20261222,1,20261223,1,20261224,1,20261225,1,20261228,1,20261229,1,20261230,1,20261231,1,20270101,1,20270104,1,20270105,1,20270106,1,20270107,1,20270108,1,20270111,1,20270112,1,20270113,1,20270114,1,20270115,1,20270118,1,20270119,1,20270120,1,20270121,1,20270122,1,20270125,1,20270126,1,20270127,1,20270128,1,20270129,1,20270201,1,20270202,1,20270203,1,20270204,1,20270205,1,20270208,1,20270209,1,20270210,1,20270211,1,20270212,1,20270215,1,20270216,1,20270217,1,20270218,1,20270219,1,20270222,1,20270223,1,20270224,1,20270225,1,20270226,1,20270301,1,20270302,1,20270303,1,20270304,1,20270305,1,20270308,1,20270309,1,20270310,1,20270311,1,20270312,1,20270315,1,20270316,1,20270317,1,20270318,1,20270319,1,20270322,1,20270323,1,20270324,1,20270325,1,20270326,1,20270329,1,20270330,1,20270331,1,20270401,1,20270402,1,20270405,1,20270406,1,20270407,1,20270408,1,20270409,1,20270412,1,20270413,1,20270414,1,20270415,1,20270416,1,20270419,1,20270420,1,20270421,1,20270422,1,20270423,1,20270426,1,20270427,1,20270428,1,20270429,1,20270430,1,20270503,1,20270504,1,20270505,1,20270506,1,20270507,1,20270510,1,20270511,1,20270512,1,20270513,1,20270514,1,20270517,1,20270518,1,20270519,1,20270520,1,20270521,1,20270524,1,20270525,1,20270526,1,20270527,1,20270528,1,20270531,1,20270601,1,20270602,1,20270603,1,20270604,1,20270607,1,20270608,1,20270609,1,20270610,1,20270611,1,20270614,1,20270615,1,20270616,1,20270617,1,20270618,1,20270621,1,20270622,1,20270623,1,20270624,1,20270625,1,20270628,1,20270629,1,20270630,1,20270701,1,20270702,1,20270705,1,20270706,1,20270707,1,20270708,1,20270709,1,20270712,1,20270713,1,20270714,1,20270715,1,20270716,1,20270719,1,20270720,1,20270721,1,20270722,1,20270723,1,20270726,1,20270727,1,20270728,1,20270729,1,20270730,1,20270802,1,20270803,1,20270804,1,20270805,1,20270806,1,20270809,1,20270810,1,20270811,1,20270812,1,20270813,1,20270816,1,20270817,1,20270818,1,20270819,1,20270820,1,20270823,1,20270824,1,20270825,1,20270826,1,20270827,1,20270830,1,20270831,1,20270901,1,20270902,1,20270903,1,20270906,1,20270907,1,20270908,1,20270909,1,20270910,1,20270913,1,20270914,1,20270915,1,20270916,1,20270917,1,20270920,1,20270921,1,20270922,1,20270923,1,20270924,1,20270927,1,20270928,1,20270929,1,20270930,1,20271001,1,20271004,1,20271005,1,20271006,1,20271007,1,20271008,1,20271011,1,20271012,1,20271013,1,20271014,1,20271015,1,20271018,1,20271019,1,20271020,1,20271021,1,20271022,1,20271025,1,20271026,1,20271027,1,20271028,1,20271029,1,20271101,1,20271102,1,20271103,1,20271104,1,20271105,1,20271108,1,20271109,1,20271110,1,20271111,1,20271112,1,20271115,1,20271116,1,20271117,1,20271118,1,20271119,1,20271122,1,20271123,1,20271124,1,20271125,1,20271126,1,20271129,1,20271130,1,20271201,1,20271202,1,20271203,1,20271206,1,20271207,1,20271208,1,20271209,1,20271210,1,20271213,1,20271214,1,20271215,1,20271216,1,20271217,1,20271220,1,20271221,1,20271222,1,20271223,1,20271224,1,20271227,1,20271228,1,20271229,1,20271230,1,20271231,1
'1489432',20261008,1,20261009,1,20261012,1,20261013,1,20261014,1,20261015,1,20261016,1,20261019,1,20261020,1,20261021,1,20261022,1,20261023,1,20261026,1,20261027,1,20261028,1,20261029,1,20261030,1,20261102,1,20261103,1,20261104,1,20261105,1,20261106,1,20261109,1,20261110,1,20261111,1,20261112,1,20261113,1,20261116,1,20261117,1,20261118,1,20261119,1,20261120,1,20261123,1,20261124,1,20261125,1,20261126,1,20261127,1,20261130,1,20261201,1,20261202,1,20261203,1,20261204,1,20261207,1,20261208,1,20261209,1,20261210,1,20261211,1,20261214,1,20261215,1,20261216,1,20261217,1,20261218,1,20261221,1,20261222,1,20261223,1,20261224,1,20261225,1,20261228,1,20261229,1,20261230,1,20261231,1,20270101,1,20270104,1,20270105,1,20270106,1,20270107,1,20270108,1,20270111,1,20270112,1,20270113,1,20270114,1,20270115,1,20270118,1,20270119,1,20270120,1,20270121,1,20270122,1,20270125,1,20270126,1,20270127,1,20270128,1,20270129,1,20270201,1,20270202,1,20270203,1,20270204,1,20270205,1,20270208,1,20270209,1,20270210,1,20270211,1,20270212,1,20270215,1,20270216,1,20270217,1,20270218,1,20270219,1,20270222,1,20270223,1,20270224,1,20270225,1,20270226,1,20270301,1,20270302,1,20270303,1,20270304,1,20270305,1,20270308,1,20270309,1,20270310,1,20270311,1,20270312,1,20270315,1,20270316,1,20270317,1,20270318,1,20270319,1,20270322,1,20270323,1,20270324,1,20270325,1,20270326,1,20270329,1,20270330,1,20270331,1,20270401,1,20270402,1,20270405,1,20270406,1,20270407,1,20270408,1,20270409,1,20270412,1,20270413,1,20270414,1,20270415,1,20270416,1,20270419,1,20270420,1,20270421,1,20270422,1,20270423,1,20270426,1,20270427,1,20270428,1,20270429,1,20270430,1,20270503,1,20270504,1,20270505,1,20270506,1,20270507,1,20270510,1,20270511,1,20270512,1,20270513,1,20270514,1,20270517,1,20270518,1,20270519,1,20270520,1,20270521,1,20270524,1,20270525,1,20270526,1,20270527,1,20270528,1,20270531,1,20270601,1,20270602,1,20270603,1,20270604,1,20270607,1,20270608,1,20270609,1,20270610,1,20270611,1,20270614,1,20270615,1,20270616,1,20270617,1,20270618,1,20270621,1,20270622,1,20270623,1,20270624,1,20270625,1,20270628,1,20270629,1,20270630,1,20270701,1,20270702,1,20270705,1,20270706,1,20270707,1,20270708,1,20270709,1,20270712,1,20270713,1,20270714,1,20270715,1,20270716,1,20270719,1,20270720,1,20270721,1,20270722,1,20270723,1,20270726,1,20270727,1,20270728,1,20270729,1,20270730,1,20270802,1,20270803,1,20270804,1,20270805,1,20270806,1,20270809,1,20270810,1,20270811,1,20270812,1,20270813,1,20270816,1,20270817,1,20270818,1,20270819,1,20270820,1,20270823,1,20270824,1,20270825,1,20270826,1,20270827,1,20270830,1,20270831,1,20270901,1,20270902,1,20270903,1,20270906,1,20270907,1,20270908,1,20270909,1,20270910,1,20270913,1,20270914,1,20270915,1,20270916,1,20270917,1,20270920,1,20270921,1,20270922,1,20270923,1,20270924,1,20270927,1,20270928,1,20270929,1,20270930,1,20271001,1,20271004,1,20271005,1,20271006,1,20271007,1,20271008,1,20271011,1,20271012,1,20271013,1,20271014,1,20271015,1,20271018,1,20271019,1,20271020,1,20271021,1,20271022,1,20271025,1,20271026,1,20271027,1,20271028,1,20271029,1,20271101,1,20271102,1,20271103,1,20271104,1,20271105,1,20271108,1,20271109,1,20271110,1,20271111,1,20271112,1,20271115,1,20271116,1,20271117,1,20271118,1,20271119,1,20271122,1,20271123,1,20271124,1,20271125,1,20271126,1,20271129,1,20271130,1,20271201,1,20271202,1,20271203,1,20271206,1,20271207,1,20271208,1,20271209,1,20271210,1,20271213,1,20271214,1,20271215,1,20271216,1,20271217,1,20271220,1,20271221,1,20271222,1,20271223,1,20271224,1,20271227,1,20271228,1,20271229,1,20271230,1,20271231,1
'1489433',20261008,1,20261009,1,20261012,1,20261013,1,20261014,1,20261015,1,20261016,1,20261019,1,20261020,1,20261021,1,20261022,1,20261023,1,20261026,1,20261027,1,20261028,1,20261029,1,20261030,1,20261102,1,20261103,1,20261104,1,20261105,1,20261106,1,20261109,1,20261110,1,20261111,1,20261112,1,20261113,1,20261116,1,20261117,1,20261118,1,20261119,1,20261120,1,20261123,1,20261124,1,20261125,1,20261126,1,20261127,1,20261130,1,20261201,1,20261202,1,20261203,1,20261204,1,20261207,1,20261208,1,20261209,1,20261210,1,20261211,1,20261214,1,20261215,1,20261216,1,20261217,1,20261218,1,20261221,1,20261222,1,20261223,1,20261224,1,20261225,1,20261228,1,20261229,1,20261230,1,20261231,1,20270101,1,20270104,1,20270105,1,20270106,1,20270107,1,20270108,1,20270111,1,20270112,1,20270113,1,20270114,1,20270115,1,20270118,1,20270119,1,20270120,1,20270121,1,20270122,1,20270125,1,20270126,1,20270127,1,20270128,1,20270129,1,20270201,1,20270202,1,20270203,1,20270204,1,20270205,1,20270208,1,20270209,1,20270210,1,20270211,1,20270212,1,20270215,1,20270216,1,20270217,1,20270218,1,20270219,1,20270222,1,20270223,1,20270224,1,20270225,1,20270226,1,20270301,1,20270302,1,20270303,1,20270304,1,20270305,1,20270308,1,20270309,1,20270310,1,20270311,1,20270312,1,20270315,1,20270316,1,20270317,1,20270318,1,20270319,1,20270322,1,20270323,1,20270324,1,20270325,1,20270326,1,20270329,1,20270330,1,20270331,1,20270401,1,20270402,1,20270405,1,20270406,1,20270407,1,20270408,1,20270409,1,20270412,1,20270413,1,20270414,1,20270415,1,20270416,1,20270419,1,20270420,1,20270421,1,20270422,1,20270423,1,20270426,1,20270427,1,20270428,1,20270429,1,20270430,1,20270503,1,20270504,1,20270505,1,20270506,1,20270507,1,20270510,1,20270511,1,20270512,1,20270513,1,20270514,1,20270517,1,20270518,1,20270519,1,20270520,1,20270521,1,20270524,1,20270525,1,20270526,1,20270527,1,20270528,1,20270531,1,20270601,1,20270602,1,20270603,1,20270604,1,20270607,1,20270608,1,20270609,1,20270610,1,20270611,1,20270614,1,20270615,1,20270616,1,20270617,1,20270618,1,20270621,1,20270622,1,20270623,1,20270624,1,20270625,1,20270628,1,20270629,1,20270630,1,20270701,1,20270702,1,20270705,1,20270706,1,20270707,1,20270708,1,20270709,1,20270712,1,20270713,1,20270714,1,20270715,1,20270716,1,20270719,1,20270720,1,20270721,1,20270722,1,20270723,1,20270726,1,20270727,1,20270728,1,20270729,1,20270730,1,20270802,1,20270803,1,20270804,1,20270805,1,20270806,1,20270809,1,20270810,1,20270811,1,20270812,1,20270813,1,20270816,1,20270817,1,20270818,1,20270819,1,20270820,1,20270823,1,20270824,1,20270825,1,20270826,1,20270827,1,20270830,1,20270831,1,20270901,1,20270902,1,20270903,1,20270906,1,20270907,1,20270908,1,20270909,1,20270910,1,20270913,1,20270914,1,20270915,1,20270916,1,20270917,1,20270920,1,20270921,1,20270922,1,20270923,1,20270924,1,20270927,1,20270928,1,20270929,1,20270930,1,20271001,1,20271004,1,20271005,1,20271006,1,20271007,1,20271008,1,20271011,1,20271012,1,20271013,1,20271014,1,20271015,1,20271018,1,20271019,1,20271020,1,20271021,1,20271022,1,20271025,1,20271026,1,20271027,1,20271028,1,20271029,1,20271101,1,20271102,1,20271103,1,20271104,1,20271105,1,20271108,1,20271109,1,20271110,1,20271111,1,20271112,1,20271115,1,20271116,1,20271117,1,20271118,1,20271119,1,20271122,1,20271123,1,20271124,1,20271125,1,20271126,1,20271129,1,20271130,1,20271201,1,20271202,1,20271203,1,20271206,1,20271207,1,20271208,1,20271209,1,20271210,1,20271213,1,20271214,1,20271215,1,20271216,1,20271217,1,20271220,1,20271221,1,20271222,1,20271223,1,20271224,1,20271227,1,20271228,1,20271229,1,20271230,1,20271231,1
'1489434',20261008,1,20261009,1,20261012,1,20261013,1,20261014,1,20261015,1,20261016,1,20261019,1,20261020,1,20261021,1,20261022,1,20261023,1,20261026,1,20261027,1,20261028,1,20261029,1,20261030,1,20261102,1,20261103,1,20261104,1,20261105,1,20261106,1,20261109,1,20261110,1,20261111,1,20261112,1,20261113,1,20261116,1,20261117,1,20261118,1,20261119,1,20261120,1,20261123,1,20261124,1,20261125,1,20261126,1,20261127,1,20261130,1,20261201,1,20261202,1,20261203,1,20261204,1,20261207,1,20261208,1,20261209,1,20261210,1,20261211,1,20261214,1,20261215,1,20261216,1,20261217,1,20261218,1,20261221,1,20261222,1,20261223,1,20261224,1,20261225,1,20261228,1,20261229,1,20261230,1,20261231,1,20270101,1,20270104,1,20270105,1,20270106,1,20270107,1,20270108,1,20270111,1,20270112,1,20270113,1,20270114,1,20270115,1,20270118,1,20270119,1,20270120,1,20270121,1,20270122,1,20270125,1,20270126,1,20270127,1,20270128,1,20270129,1,20270201,1,20270202,1,20270203,1,20270204,1,20270205,1,20270208,1,20270209,1,20270210,1,20270211,1,20270212,1,20270215,1,20270216,1,20270217,1,20270218,1,20270219,1,20270222,1,20270223,1,20270224,1,20270225,1,20270226,1,20270301,1,20270302,1,20270303,1,20270304,1,20270305,1,20270308,1,20270309,1,20270310,1,20270311,1,20270312,1,20270315,1,20270316,1,20270317,1,20270318,1,20270319,1,20270322,1,20270323,1,20270324,1,20270325,1,20270326,1,20270329,1,20270330,1,20270331,1,20270401,1,20270402,1,20270405,1,20270406,1,20270407,1,20270408,1,20270409,1,20270412,1,20270413,1,20270414,1,20270415,1,20270416,1,20270419,1,20270420,1,20270421,1,20270422,1,20270423,1,20270426,1,20270427,1,20270428,1,20270429,1,20270430,1,20270503,1,20270504,1,20270505,1,20270506,1,20270507,1,20270510,1,20270511,1,20270512,1,20270513,1,20270514,1,20270517,1,20270518,1,20270519,1,20270520,1,20270521,1,20270524,1,20270525,1,20270526,1,20270527,1,20270528,1,20270531,1,20270601,1,20270602,1,20270603,1,20270604,1,20270607,1,20270608,1,20270609,1,20270610,1,20270611,1,20270614,1,20270615,1,20270616,1,20270617,1,20270618,1,20270621,1,20270622,1,20270623,1,20270624,1,20270625,1,20270628,1,20270629,1,20270630,1,20270701,1,20270702,1,20270705,1,20270706,1,20270707,1,20270708,1,20270709,1,20270712,1,20270713,1,20270714,1,20270715,1,20270716,1,20270719,1,20270720,1,20270721,1,20270722,1,20270723,1,20270726,1,20270727,1,20270728,1,20270729,1,20270730,1,20270802,1,20270803,1,20270804,1,20270805,1,20270806,1,20270809,1,20270810,1,20270811,1,20270812,1,20270813,1,20270816,1,20270817,1,20270818,1,20270819,1,20270820,1,20270823,1,20270824,1,20270825,1,20270826,1,20270827,1,20270830,1,20270831,1,20270901,1,20270902,1,20270903,1,20270906,1,20270907,1,20270908,1,20270909,1,20270910,1,20270913,1,20270914,1,20270915,1,20270916,1,20270917,1,20270920,1,20270921,1,20270922,1,20270923,1,20270924,1,20270927,1,20270928,1,20270929,1,20270930,1,20271001,1,20271004,1,20271005,1,20271006,1,20271007,1,20271008,1,20271011,1,20271012,1,20271013,1,20271014,1,20271015,1,20271018,1,20271019,1,20271020,1,20271021,1,20271022,1,20271025,1,20271026,1,20271027,1,20271028,1,20271029,1,20271101,1,20271102,1,20271103,1,20271104,1,20271105,1,20271108,1,20271109,1,20271110,1,20271111,1,20271112,1,20271115,1,20271116,1,20271117,1,20271118,1,20271119,1,20271122,1,20271123,1,20271124,1,20271125,1,20271126,1,20271129,1,20271130,1,20271201,1,20271202,1,20271203,1,20271206,1,20271207,1,20271208,1,20271209,1,20271210,1,20271213,1,20271214,1,20271215,1,20271216,1,20271217,1,20271220,1,20271221,1,20271222,1,20271223,1,20271224,1,20271227,1,20271228,1,20271229,1,20271230,1,20271231,1
'1489435',20261008,1,20261009,1,20261012,1,20261013,1,20261014,1,20261015,1,20261016,1,20261019,1,20261020,1,20261021,1,20261022,1,20261023,1,20261026,1,20261027,1,20261028,1,20261029,1,20261030,1,20261102,1,20261103,1,20261104,1,20261105,1,20261106,1,20261109,1,20261110,1,20261111,1,20261112,1,20261113,1,20261116,1,20261117,1,20261118,1,20261119,1,20261120,1,20261123,1,20261124,1,20261125,1,20261126,1,20261127,1,20261130,1,20261201,1,20261202,1,20261203,1,20261204,1,20261207,1,20261208,1,20261209,1,20261210,1,20261211,1,20261214,1,20261215,1,20261216,1,20261217,1,20261218,1,20261221,1,20261222,1,20261223,1,20261224,1,20261225,1,20261228,1,20261229,1,20261230,1,20261231,1,20270101,1,20270104,1,20270105,1,20270106,1,20270107,1,20270108,1,20270111,1,20270112,1,20270113,1,20270114,1,20270115,1,20270118,1,20270119,1,20270120,1,20270121,1,20270122,1,20270125,1,20270126,1,20270127,1,20270128,1,20270129,1,20270201,1,20270202,1,20270203,1,20270204,1,20270205,1,20270208,1,20270209,1,20270210,1,20270211,1,20270212,1,20270215,1,20270216,1,20270217,1,20270218,1,20270219,1,20270222,1,20270223,1,20270224,1,20270225,1,20270226,1,20270301,1,20270302,1,20270303,1,20270304,1,20270305,1,20270308,1,20270309,1,20270310,1,20270311,1,20270312,1,20270315,1,20270316,1,20270317,1,20270318,1,20270319,1,20270322,1,20270323,1,20270324,1,20270325,1,20270326,1,20270329,1,20270330,1,20270331,1,20270401,1,20270402,1,20270405,1,20270406,1,20270407,1,20270408,1,20270409,1,20270412,1,20270413,1,20270414,1,20270415,1,20270416,1,20270419,1,20270420,1,20270421,1,20270422,1,20270423,1,20270426,1,20270427,1,20270428,1,20270429,1,20270430,1,20270503,1,20270504,1,20270505,1,20270506,1,20270507,1,20270510,1,20270511,1,20270512,1,20270513,1,20270514,1,20270517,1,20270518,1,20270519,1,20270520,1,20270521,1,20270524,1,20270525,1,20270526,1,20270527,1,20270528,1,20270531,1,20270601,1,20270602,1,20270603,1,20270604,1,20270607,1,20270608,1,20270609,1,20270610,1,20270611,1,20270614,1,20270615,1,20270616,1,20270617,1,20270618,1,20270621,1,20270622,1,20270623,1,20270624,1,20270625,1,20270628,1,20270629,1,20270630,1,20270701,1,20270702,1,20270705,1,20270706,1,20270707,1,20270708,1,20270709,1,20270712,1,20270713,1,20270714,1,20270715,1,20270716,1,20270719,1,20270720,1,20270721,1,20270722,1,20270723,1,20270726,1,20270727,1,20270728,1,20270729,1,20270730,1,20270802,1,20270803,1,20270804,1,20270805,1,20270806,1,20270809,1,20270810,1,20270811,1,20270812,1,20270813,1,20270816,1,20270817,1,20270818,1,20270819,1,20270820,1,20270823,1,20270824,1,20270825,1,20270826,1,20270827,1,20270830,1,20270831,1,20270901,1,20270902,1,20270903,1,20270906,1,20270907,1,20270908,1,20270909,1,20270910,1,20270913,1,20270914,1,20270915,1,20270916,1,20270917,1,20270920,1,20270921,1,20270922,1,20270923,1,20270924,1,20270927,1,20270928,1,20270929,1,20270930,1,20271001,1,20271004,1,20271005,1,20271006,1,20271007,1,20271008,1,20271011,1,20271012,1,20271013,1,20271014,1,20271015,1,20271018,1,20271019,1,20271020,1,20271021,1,20271022,1,20271025,1,20271026,1,20271027,1,20271028,1,20271029,1,20271101,1,20271102,1,20271103,1,20271104,1,20271105,1,20271108,1,20271109,1,20271110,1,20271111,1,20271112,1,20271115,1,20271116,1,20271117,1,20271118,1,20271119,1,20271122,1,20271123,1,20271124,1,20271125,1,20271126,1,20271129,1,20271130,1,20271201,1,20271202,1,20271203,1,20271206,1,20271207,1,20271208,1,20271209,1,20271210,1,20271213,1,20271214,1,20271215,1,20271216,1,20271217,1,20271220,1,20271221,1,20271222,1,20271223,1,20271224,1,20271227,1,20271228,1,20271229,1,20271230,1,20271231,1
'1489436',20261008,1,20261009,1,20261012,1,20261013,1,20261014,1,20261015,1,20261016,1,20261019,1,20261020,1,20261021,1,20261022,1,20261023,1,20261026,1,20261027,1,20261028,1,20261029,1,20261030,1,20261102,1,20261103,1,20261104,1,20261105,1,20261106,1,20261109,1,20261110,1,20261111,1,20261112,1,20261113,1,20261116,1,20261117,1,20261118,1,20261119,1,20261120,1,20261123,1,20261124,1,20261125,1,20261126,1,20261127,1,20261130,1,20261201,1,20261202,1,20261203,1,20261204,1,20261207,1,20261208,1,20261209,1,20261210,1,20261211,1,20261214,1,20261215,1,20261216,1,20261217,1,20261218,1,20261221,1,20261222,1,20261223,1,20261224,1,20261225,1,20261228,1,20261229,1,20261230,1,20261231,1,20270101,1,20270104,1,20270105,1,20270106,1,20270107,1,20270108,1,20270111,1,20270112,1,20270113,1,20270114,1,20270115,1,20270118,1,20270119,1,20270120,1,20270121,1,20270122,1,20270125,1,20270126,1,20270127,1,20270128,1,20270129,1,20270201,1,20270202,1,20270203,1,20270204,1,20270205,1,20270208,1,20270209,1,20270210,1,20270211,1,20270212,1,20270215,1,20270216,1,20270217,1,20270218,1,20270219,1,20270222,1,20270223,1,20270224,1,20270225,1,20270226,1,20270301,1,20270302,1,20270303,1,20270304,1,20270305,1,20270308,1,20270309,1,20270310,1,20270311,1,20270312,1,20270315,1,20270316,1,20270317,1,20270318,1,20270319,1,20270322,1,20270323,1,20270324,1,20270325,1,20270326,1,20270329,1,20270330,1,20270331,1,20270401,1,20270402,1,20270405,1,20270406,1,20270407,1,20270408,1,20270409,1,20270412,1,20270413,1,20270414,1,20270415,1,20270416,1,20270419,1,20270420,1,20270421,1,20270422,1,20270423,1,20270426,1,20270427,1,20270428,1,20270429,1,20270430,1,20270503,1,20270504,1,20270505,1,20270506,1,20270507,1,20270510,1,20270511,1,20270512,1,20270513,1,20270514,1,20270517,1,20270518,1,20270519,1,20270520,1,20270521,1,20270524,1,20270525,1,20270526,1,20270527,1,20270528,1,20270531,1,20270601,1,20270602,1,20270603,1,20270604,1,20270607,1,20270608,1,20270609,1,20270610,1,20270611,1,20270614,1,20270615,1,20270616,1,20270617,1,20270618,1,20270621,1,20270622,1,20270623,1,20270624,1,20270625,1,20270628,1,20270629,1,20270630,1,20270701,1,20270702,1,20270705,1,20270706,1,20270707,1,20270708,1,20270709,1,20270712,1,20270713,1,20270714,1,20270715,1,20270716,1,20270719,1,20270720,1,20270721,1,20270722,1,20270723,1,20270726,1,20270727,1,20270728,1,20270729,1,20270730,1,20270802,1,20270803,1,20270804,1,20270805,1,20270806,1,20270809,1,20270810,1,20270811,1,20270812,1,20270813,1,20270816,1,20270817,1,20270818,1,20270819,1,20270820,1,20270823,1,20270824,1,20270825,1,20270826,1,20270827,1,20270830,1,20270831,1,20270901,1,20270902,1,20270903,1,20270906,1,20270907,1,20270908,1,20270909,1,20270910,1,20270913,1,20270914,1,20270915,1,20270916,1,20270917,1,20270920,1,20270921,1,20270922,1,20270923,1,20270924,1,20270927,1,20270928,1,20270929,1,20270930,1,20271001,1,20271004,1,20271005,1,20271006,1,20271007,1,20271008,1,20271011,1,20271012,1,20271013,1,20271014,1,20271015,1,20271018,1,20271019,1,20271020,1,20271021,1,20271022,1,20271025,1,20271026,1,20271027,1,20271028,1,20271029,1,20271101,1,20271102,1,20271103,1,20271104,1,20271105,1,20271108,1,20271109,1,20271110,1,20271111,1,20271112,1,20271115,1,20271116,1,20271117,1,20271118,1,20271119,1,20271122,1,20271123,1,20271124,1,20271125,1,20271126,1,20271129,1,20271130,1,20271201,1,20271202,1,20271203,1,20271206,1,20271207,1,20271208,1,20271209,1,20271210,1,20271213,1,20271214,1,20271215,1,20271216,1,20271217,1,20271220,1,20271221,1,20271222,1,20271223,1,20271224,1,20271227,1,20271228,1,20271229,1,20271230,1,20271231,1
'1489437',20261008,1,20261009,1,20261012,1,20261013,1,20261014,1,20261015,1,20261016,1,20261019,1,20261020,1,20261021,1,20261022,1,20261023,1,20261026,1,20261027,1,20261028,1,20261029,1,20261030,1,20261102,1,20261103,1,20261104,1,20261105,1,20261106,1,20261109,1,20261110,1,20261111,1,20261112,1,20261113,1,20261116,1,20261117,1,20261118,1,20261119,1,20261120,1,20261123,1,20261124,1,20261125,1,20261126,1,20261127,1,20261130,1,20261201,1,20261202,1,20261203,1,20261204,1,20261207,1,20261208,1,20261209,1,20261210,1,20261211,1,20261214,1,20261215,1,20261216,1,20261217,1,20261218,1,20261221,1,20261222,1,20261223,1,20261224,1,20261225,1,20261228,1,20261229,1,20261230,1,20261231,1,20270101,1,20270104,1,20270105,1,20270106,1,20270107,1,20270108,1,20270111,1,20270112,1,20270113,1,20270114,1,20270115,1,20270118,1,20270119,1,20270120,1,20270121,1,20270122,1,20270125,1,20270126,1,20270127,1,20270128,1,20270129,1,20270201,1,20270202,1,20270203,1,20270204,1,20270205,1,20270208,1,20270209,1,20270210,1,20270211,1,20270212,1,20270215,1,20270216,1,20270217,1,20270218,1,20270219,1,20270222,1,20270223,1,20270224,1,20270225,1,20270226,1,20270301,1,20270302,1,20270303,1,20270304,1,20270305,1,20270308,1,20270309,1,20270310,1,20270311,1,20270312,1,20270315,1,20270316,1,20270317,1,20270318,1,20270319,1,20270322,1,20270323,1,20270324,1,20270325,1,20270326,1,20270329,1,20270330,1,20270331,1,20270401,1,20270402,1,20270405,1,20270406,1,20270407,1,20270408,1,20270409,1,20270412,1,20270413,1,20270414,1,20270415,1,20270416,1,20270419,1,20270420,1,20270421,1,20270422,1,20270423,1,20270426,1,20270427,1,20270428,1,20270429,1,20270430,1,20270503,1,20270504,1,20270505,1,20270506,1,20270507,1,20270510,1,20270511,1,20270512,1,20270513,1,20270514,1,20270517,1,20270518,1,20270519,1,20270520,1,20270521,1,20270524,1,20270525,1,20270526,1,20270527,1,20270528,1,20270531,1,20270601,1,20270602,1,20270603,1,20270604,1,20270607,1,20270608,1,20270609,1,20270610,1,20270611,1,20270614,1,20270615,1,20270616,1,20270617,1,20270618,1,20270621,1,20270622,1,20270623,1,20270624,1,20270625,1,20270628,1,20270629,1,20270630,1,20270701,1,20270702,1,20270705,1,20270706,1,20270707,1,20270708,1,20270709,1,20270712,1,20270713,1,20270714,1,20270715,1,20270716,1,20270719,1,20270720,1,20270721,1,20270722,1,20270723,1,20270726,1,20270727,1,20270728,1,20270729,1,20270730,1,20270802,1,20270803,1,20270804,1,20270805,1,20270806,1,20270809,1,20270810,1,20270811,1,20270812,1,20270813,1,20270816,1,20270817,1,20270818,1,20270819,1,20270820,1,20270823,1,20270824,1,20270825,1,20270826,1,20270827,1,20270830,1,20270831,1,20270901,1,20270902,1,20270903,1,20270906,1,20270907,1,20270908,1,20270909,1,20270910,1,20270913,1,20270914,1,20270915,1,20270916,1,20270917,1,20270920,1,20270921,1,20270922,1,20270923,1,20270924,1,20270927,1,20270928,1,20270929,1,20270930,1,20271001,1,20271004,1,20271005,1,20271006,1,20271007,1,20271008,1,20271011,1,20271012,1,20271013,1,20271014,1,20271015,1,20271018,1,20271019,1,20271020,1,20271021,1,20271022,1,20271025,1,20271026,1,20271027,1,20271028,1,20271029,1,20271101,1,20271102,1,20271103,1,20271104,1,20271105,1,20271108,1,20271109,1,20271110,1,20271111,1,20271112,1,20271115,1,20271116,1,20271117,1,20271118,1,20271119,1,20271122,1,20271123,1,20271124,1,20271125,1,20271126,1,20271129,1,20271130,1,20271201,1,20271202,1,20271203,1,20271206,1,20271207,1,20271208,1,20271209,1,20271210,1,20271213,1,20271214,1,20271215,1,20271216,1,20271217,1,20271220,1,20271221,1,20271222,1,20271223,1,20271224,1,20271227,1,20271228,1,20271229,1,20271230,1,20271231,1
'1489438',20261008,1,20261009,1,20261012,1,20261013,1,20261014,1,20261015,1,20261016,1,20261019,1,20261020,1,20261021,1,20261022,1,20261023,1,20261026,1,20261027,1,20261028,1,20261029,1,20261030,1,20261102,1,20261103,1,20261104,1,20261105,1,20261106,1,20261109,1,20261110,1,20261111,1,20261112,1,20261113,1,20261116,1,20261117,1,20261118,1,20261119,1,20261120,1,20261123,1,20261124,1,20261125,1,20261126,1,20261127,1,20261130,1,20261201,1,20261202,1,20261203,1,20261204,1,20261207,1,20261208,1,20261209,1,20261210,1,20261211,1,20261214,1,20261215,1,20261216,1,20261217,1,20261218,1,20261221,1,20261222,1,20261223,1,20261224,1,20261225,1,20261228,1,20261229,1,20261230,1,20261231,1,20270101,1,20270104,1,20270105,1,20270106,1,20270107,1,20270108,1,20270111,1,20270112,1,20270113,1,20270114,1,20270115,1,20270118,1,20270119,1,20270120,1,20270121,1,20270122,1,20270125,1,20270126,1,20270127,1,20270128,1,20270129,1,20270201,1,20270202,1,20270203,1,20270204,1,20270205,1,20270208,1,20270209,1,20270210,1,20270211,1,20270212,1,20270215,1,20270216,1,20270217,1,20270218,1,20270219,1,20270222,1,20270223,1,20270224,1,20270225,1,20270226,1,20270301,1,20270302,1,20270303,1,20270304,1,20270305,1,20270308,1,20270309,1,20270310,1,20270311,1,20270312,1,20270315,1,20270316,1,20270317,1,20270318,1,20270319,1,20270322,1,20270323,1,20270324,1,20270325,1,20270326,1,20270329,1,20270330,1,20270331,1,20270401,1,20270402,1,20270405,1,20270406,1,20270407,1,20270408,1,20270409,1,20270412,1,20270413,1,20270414,1,20270415,1,20270416,1,20270419,1,20270420,1,20270421,1,20270422,1,20270423,1,20270426,1,20270427,1,20270428,1,20270429,1,20270430,1,20270503,1,20270504,1,20270505,1,20270506,1,20270507,1,20270510,1,20270511,1,20270512,1,20270513,1,20270514,1,20270517,1,20270518,1,20270519,1,20270520,1,20270521,1,20270524,1,20270525,1,20270526,1,20270527,1,20270528,1,20270531,1,20270601,1,20270602,1,20270603,1,20270604,1,20270607,1,20270608,1,20270609,1,20270610,1,20270611,1,20270614,1,20270615,1,20270616,1,20270617,1,20270618,1,20270621,1,20270622,1,20270623,1,20270624,1,20270625,1,20270628,1,20270629,1,20270630,1,20270701,1,20270702,1,20270705,1,20270706,1,20270707,1,20270708,1,20270709,1,20270712,1,20270713,1,20270714,1,20270715,1,20270716,1,20270719,1,20270720,1,20270721,1,20270722,1,20270723,1,20270726,1,20270727,1,20270728,1,20270729,1,20270730,1,20270802,1,20270803,1,20270804,1,20270805,1,20270806,1,20270809,1,20270810,1,20270811,1,20270812,1,20270813,1,20270816,1,20270817,1,20270818,1,20270819,1,20270820,1,20270823,1,20270824,1,20270825,1,20270826,1,20270827,1,20270830,1,20270831,1,20270901,1,20270902,1,20270903,1,20270906,1,20270907,1,20270908,1,20270909,1,20270910,1,20270913,1,20270914,1,20270915,1,20270916,1,20270917,1,20270920,1,20270921,1,20270922,1,20270923,1,20270924,1,20270927,1,20270928,1,20270929,1,20270930,1,20271001,1,20271004,1,20271005,1,20271006,1,20271007,1,20271008,1,20271011,1,20271012,1,20271013,1,20271014,1,20271015,1,20271018,1,20271019,1,20271020,1,20271021,1,20271022,1,20271025,1,20271026,1,20271027,1,20271028,1,20271029,1,20271101,1,20271102,1,20271103,1,20271104,1,20271105,1,20271108,1,20271109,1,20271110,1,20271111,1,20271112,1,20271115,1,20271116,1,20271117,1,20271118,1,20271119,1,20271122,1,20271123,1,20271124,1,20271125,1,20271126,1,20271129,1,20271130,1,20271201,1,20271202,1,20271203,1,20271206,1,20271207,1,20271208,1,20271209,1,20271210,1,20271213,1,20271214,1,20271215,1,20271216,1,20271217,1,20271220,1,20271221,1,20271222,1,20271223,1,20271224,1,20271227,1,20271228,1,20271229,1,20271230,1,20271231,1
'1489439',20261008,1,20261009,1,20261012,1,20261013,1,20261014,1,20261015,1,20261016,1,20261019,1,20261020,1,20261021,1,20261022,1,20261023,1,20261026,1,20261027,1,20261028,1,20261029,1,20261030,1,20261102,1,20261103,1,20261104,1,20261105,1,20261106,1,20261109,1,20261110,1,20261111,1,20261112,1,20261113,1,20261116,1,20261117,1,20261118,1,20261119,1,20261120,1,20261123,1,20261124,1,20261125,1,20261126,1,20261127,1,20261130,1,20261201,1,20261202,1,20261203,1,20261204,1,20261207,1,20261208,1,20261209,1,20261210,1,20261211,1,20261214,1,20261215,1,20261216,1,20261217,1,20261218,1,20261221,1,20261222,1,20261223,1,20261224,1,20261225,1,20261228,1,20261229,1,20261230,1,20261231,1,20270101,1,20270104,1,20270105,1,20270106,1,20270107,1,20270108,1,20270111,1,20270112,1,20270113,1,20270114,1,20270115,1,20270118,1,20270119,1,20270120,1,20270121,1,20270122,1,20270125,1,20270126,1,20270127,1,20270128,1,20270129,1,20270201,1,20270202,1,20270203,1,20270204,1,20270205,1,20270208,1,20270209,1,20270210,1,20270211,1,20270212,1,20270215,1,20270216,1,20270217,1,20270218,1,20270219,1,20270222,1,20270223,1,20270224,1,20270225,1,20270226,1,20270301,1,20270302,1,20270303,1,20270304,1,20270305,1,20270308,1,20270309,1,20270310,1,20270311,1,20270312,1,20270315,1,20270316,1,20270317,1,20270318,1,20270319,1,20270322,1,20270323,1,20270324,1,20270325,1,20270326,1,20270329,1,20270330,1,20270331,1,20270401,1,20270402,1,20270405,1,20270406,1,20270407,1,20270408,1,20270409,1,20270412,1,20270413,1,20270414,1,20270415,1,20270416,1,20270419,1,20270420,1,20270421,1,20270422,1,20270423,1,20270426,1,20270427,1,20270428,1,20270429,1,20270430,1,20270503,1,20270504,1,20270505,1,20270506,1,20270507,1,20270510,1,20270511,1,20270512,1,20270513,1,20270514,1,20270517,1,20270518,1,20270519,1,20270520,1,20270521,1,20270524,1,20270525,1,20270526,1,20270527,1,20270528,1,20270531,1,20270601,1,20270602,1,20270603,1,20270604,1,20270607,1,20270608,1,20270609,1,20270610,1,20270611,1,20270614,1,20270615,1,20270616,1,20270617,1,20270618,1,20270621,1,20270622,1,20270623,1,20270624,1,20270625,1,20270628,1,20270629,1,20270630,1,20270701,1,20270702,1,20270705,1,20270706,1,20270707,1,20270708,1,20270709,1,20270712,1,20270713,1,20270714,1,20270715,1,20270716,1,20270719,1,20270720,1,20270721,1,20270722,1,20270723,1,20270726,1,20270727,1,20270728,1,20270729,1,20270730,1,20270802,1,20270803,1,20270804,1,20270805,1,20270806,1,20270809,1,20270810,1,20270811,1,20270812,1,20270813,1,20270816,1,20270817,1,20270818,1,20270819,1,20270820,1,20270823,1,20270824,1,20270825,1,20270826,1,20270827,1,20270830,1,20270831,1,20270901,1,20270902,1,20270903,1,20270906,1,20270907,1,20270908,1,20270909,1,20270910,1,20270913,1,20270914,1,20270915,1,20270916,1,20270917,1,20270920,1,20270921,1,20270922,1,20270923,1,20270924,1,20270927,1,20270928,1,20270929,1,20270930,1,20271001,1,20271004,1,20271005,1,20271006,1,20271007,1,20271008,1,20271011,1,20271012,1,20271013,1,20271014,1,20271015,1,20271018,1,20271019,1,20271020,1,20271021,1,20271022,1,20271025,1,20271026,1,20271027,1,20271028,1,20271029,1,20271101,1,20271102,1,20271103,1,20271104,1,20271105,1,20271108,1,20271109,1,20271110,1,20271111,1,20271112,1,20271115,1,20271116,1,20271117,1,20271118,1,20271119,1,20271122,1,20271123,1,20271124,1,20271125,1,20271126,1,20271129,1,20271130,1,20271201,1,20271202,1,20271203,1,20271206,1,20271207,1,20271208,1,20271209,1,20271210,1,20271213,1,20271214,1,20271215,1,20271216,1,20271217,1,20271220,1,20271221,1,20271222,1,20271223,1,20271224,1,20271227,1,20271228,1,20271229,1,20271230,1,20271231,1
'1489440',20261008,1,20261009,1,20261012,1,20261013,1,20261014,1,20261015,1,20261016,1,20261019,1,20261020,1,20261021,1,20261022,1,20261023,1,20261026,1,20261027,1,20261028,1,20261029,1,20261030,1,20261102,1,20261103,1,20261104,1,20261105,1,20261106,1,20261109,1,20261110,1,20261111,1,20261112,1,20261113,1,20261116,1,20261117,1,20261118,1,20261119,1,20261120,1,20261123,1,20261124,1,20261125,1,20261126,1,20261127,1,20261130,1,20261201,1,20261202,1,20261203,1,20261204,1,20261207,1,20261208,1,20261209,1,20261210,1,20261211,1,20261214,1,20261215,1,20261216,1,20261217,1,20261218,1,20261221,1,20261222,1,20261223,1,20261224,1,20261225,1,20261228,1,20261229,1,20261230,1,20261231,1,20270101,1,20270104,1,20270105,1,20270106,1,20270107,1,20270108,1,20270111,1,20270112,1,20270113,1,20270114,1,20270115,1,20270118,1,20270119,1,20270120,1,20270121,1,20270122,1,20270125,1,20270126,1,20270127,1,20270128,1,20270129,1,20270201,1,20270202,1,20270203,1,20270204,1,20270205,1,20270208,1,20270209,1,20270210,1,20270211,1,20270212,1,20270215,1,20270216,1,20270217,1,20270218,1,20270219,1,20270222,1,20270223,1,20270224,1,20270225,1,20270226,1,20270301,1,20270302,1,20270303,1,20270304,1,20270305,1,20270308,1,20270309,1,20270310,1,20270311,1,20270312,1,20270315,1,20270316,1,20270317,1,20270318,1,20270319,1,20270322,1,20270323,1,20270324,1,20270325,1,20270326,1,20270329,1,20270330,1,20270331,1,20270401,1,20270402,1,20270405,1,20270406,1,20270407,1,20270408,1,20270409,1,20270412,1,20270413,1,20270414,1,20270415,1,20270416,1,20270419,1,20270420,1,20270421,1,20270422,1,20270423,1,20270426,1,20270427,1,20270428,1,20270429,1,20270430,1,20270503,1,20270504,1,20270505,1,20270506,1,20270507,1,20270510,1,20270511,1,20270512,1,20270513,1,20270514,1,20270517,1,20270518,1,20270519,1,20270520,1,20270521,1,20270524,1,20270525,1,20270526,1,20270527,1,20270528,1,20270531,1,20270601,1,20270602,1,20270603,1,20270604,1,20270607,1,20270608,1,20270609,1,20270610,1,20270611,1,20270614,1,20270615,1,20270616,1,20270617,1,20270618,1,20270621,1,20270622,1,20270623,1,20270624,1,20270625,1,20270628,1,20270629,1,20270630,1,20270701,1,20270702,1,20270705,1,20270706,1,20270707,1,20270708,1,20270709,1,20270712,1,20270713,1,20270714,1,20270715,1,20270716,1,20270719,1,20270720,1,20270721,1,20270722,1,20270723,1,20270726,1,20270727,1,20270728,1,20270729,1,20270730,1,20270802,1,20270803,1,20270804,1,20270805,1,20270806,1,20270809,1,20270810,1,20270811,1,20270812,1,20270813,1,20270816,1,20270817,1,20270818,1,20270819,1,20270820,1,20270823,1,20270824,1,20270825,1,20270826,1,20270827,1,20270830,1,20270831,1,20270901,1,20270902,1,20270903,1,20270906,1,20270907,1,20270908,1,20270909,1,20270910,1,20270913,1,20270914,1,20270915,1,20270916,1,20270917,1,20270920,1,20270921,1,20270922,1,20270923,1,20270924,1,20270927,1,20270928,1,20270929,1,20270930,1,20271001,1,20271004,1,20271005,1,20271006,1,20271007,1,20271008,1,20271011,1,20271012,1,20271013,1,20271014,1,20271015,1,20271018,1,20271019,1,20271020,1,20271021,1,20271022,1,20271025,1,20271026,1,20271027,1,20271028,1,20271029,1,20271101,1,20271102,1,20271103,1,20271104,1,20271105,1,20271108,1,20271109,1,20271110,1,20271111,1,20271112,1,20271115,1,20271116,1,20271117,1,20271118,1,20271119,1,20271122,1,20271123,1,20271124,1,20271125,1,20271126,1,20271129,1,20271130,1,20271201,1,20271202,1,20271203,1,20271206,1,20271207,1,20271208,1,20271209,1,20271210,1,20271213,1,20271214,1,20271215,1,20271216,1,20271217,1,20271220,1,20271221,1,20271222,1,20271223,1,20271224,1,20271227,1,20271228,1,20271229,1,20271230,1,20271231,1
'1489441',20261008,1,20261009,1,20261012,1,20261013,1,20261014,1,20261015,1,20261016,1,20261019,1,20261020,1,20261021,1,20261022,1,20261023,1,20261026,1,20261027,1,20261028,1,20261029,1,20261030,1,20261102,1,20261103,1,20261104,1,20261105,1,20261106,1,20261109,1,20261110,1,20261111,1,20261112,1,20261113,1,20261116,1,20261117,1,20261118,1,20261119,1,20261120,1,20261123,1,20261124,1,20261125,1,20261126,1,20261127,1,20261130,1,20261201,1,20261202,1,20261203,1,20261204,1,20261207,1,20261208,1,20261209,1,20261210,1,20261211,1,20261214,1,20261215,1,20261216,1,20261217,1,20261218,1,20261221,1,20261222,1,20261223,1,20261224,1,20261225,1,20261228,1,20261229,1,20261230,1,20261231,1,20270101,1,20270104,1,20270105,1,20270106,1,20270107,1,20270108,1,20270111,1,20270112,1,20270113,1,20270114,1,20270115,1,20270118,1,20270119,1,20270120,1,20270121,1,20270122,1,20270125,1,20270126,1,20270127,1,20270128,1,20270129,1,20270201,1,20270202,1,20270203,1,20270204,1,20270205,1,20270208,1,20270209,1,20270210,1,20270211,1,20270212,1,20270215,1,20270216,1,20270217,1,20270218,1,20270219,1,20270222,1,20270223,1,20270224,1,20270225,1,20270226,1,20270301,1,20270302,1,20270303,1,20270304,1,20270305,1,20270308,1,20270309,1,20270310,1,20270311,1,20270312,1,20270315,1,20270316,1,20270317,1,20270318,1,20270319,1,20270322,1,20270323,1,20270324,1,20270325,1,20270326,1,20270329,1,20270330,1,20270331,1,20270401,1,20270402,1,20270405,1,20270406,1,20270407,1,20270408,1,20270409,1,20270412,1,20270413,1,20270414,1,20270415,1,20270416,1,20270419,1,20270420,1,20270421,1,20270422,1,20270423,1,20270426,1,20270427,1,20270428,1,20270429,1,20270430,1,20270503,1,20270504,1,20270505,1,20270506,1,20270507,1,20270510,1,20270511,1,20270512,1,20270513,1,20270514,1,20270517,1,20270518,1,20270519,1,20270520,1,20270521,1,20270524,1,20270525,1,20270526,1,20270527,1,20270528,1,20270531,1,20270601,1,20270602,1,20270603,1,20270604,1,20270607,1,20270608,1,20270609,1,20270610,1,20270611,1,20270614,1,20270615,1,20270616,1,20270617,1,20270618,1,20270621,1,20270622,1,20270623,1,20270624,1,20270625,1,20270628,1,20270629,1,20270630,1,20270701,1,20270702,1,20270705,1,20270706,1,20270707,1,20270708,1,20270709,1,20270712,1,20270713,1,20270714,1,20270715,1,20270716,1,20270719,1,20270720,1,20270721,1,20270722,1,20270723,1,20270726,1,20270727,1,20270728,1,20270729,1,20270730,1,20270802,1,20270803,1,20270804,1,20270805,1,20270806,1,20270809,1,20270810,1,20270811,1,20270812,1,20270813,1,20270816,1,20270817,1,20270818,1,20270819,1,20270820,1,20270823,1,20270824,1,20270825,1,20270826,1,20270827,1,20270830,1,20270831,1,20270901,1,20270902,1,20270903,1,20270906,1,20270907,1,20270908,1,20270909,1,20270910,1,20270913,1,20270914,1,20270915,1,20270916,1,20270917,1,20270920,1,20270921,1,20270922,1,20270923,1,20270924,1,20270927,1,20270928,1,20270929,1,20270930,1,20271001,1,20271004,1,20271005,1,20271006,1,20271007,1,20271008,1,20271011,1,20271012,1,20271013,1,20271014,1,20271015,1,20271018,1,20271019,1,20271020,1,20271021,1,20271022,1,20271025,1,20271026,1,20271027,1,20271028,1,20271029,1,20271101,1,20271102,1,20271103,1,20271104,1,20271105,1,20271108,1,20271109,1,20271110,1,20271111,1,20271112,1,20271115,1,20271116,1,20271117,1,20271118,1,20271119,1,20271122,1,20271123,1,20271124,1,20271125,1,20271126,1,20271129,1,20271130,1,20271201,1,20271202,1,20271203,1,20271206,1,20271207,1,20271208,1,20271209,1,20271210,1,20271213,1,20271214,1,20271215,1,20271216,1,20271217,1,20271220,1,20271221,1,20271222,1,20271223,1,20271224,1,20271227,1,20271228,1,20271229,1,20271230,1,20271231,1
'1489442',20261008,1,20261009,1,20261012,1,20261013,1,20261014,1,20261015,1,20261016,1,20261019,1,20261020,1,20261021,1,20261022,1,20261023,1,20261026,1,20261027,1,20261028,1,20261029,1,20261030,1,20261102,1,20261103,1,20261104,1,20261105,1,20261106,1,20261109,1,20261110,1,20261111,1,20261112,1,20261113,1,20261116,1,20261117,1,20261118,1,20261119,1,20261120,1,20261123,1,20261124,1,20261125,1,20261126,1,20261127,1,20261130,1,20261201,1,20261202,1,20261203,1,20261204,1,20261207,1,20261208,1,20261209,1,20261210,1,20261211,1,20261214,1,20261215,1,20261216,1,20261217,1,20261218,1,20261221,1,20261222,1,20261223,1,20261224,1,20261225,1,20261228,1,20261229,1,20261230,1,20261231,1,20270101,1,20270104,1,20270105,1,20270106,1,20270107,1,20270108,1,20270111,1,20270112,1,20270113,1,20270114,1,20270115,1,20270118,1,20270119,1,20270120,1,20270121,1,20270122,1,20270125,1,20270126,1,20270127,1,20270128,1,20270129,1,20270201,1,20270202,1,20270203,1,20270204,1,20270205,1,20270208,1,20270209,1,20270210,1,20270211,1,20270212,1,20270215,1,20270216,1,20270217,1,20270218,1,20270219,1,20270222,1,20270223,1,20270224,1,20270225,1,20270226,1,20270301,1,20270302,1,20270303,1,20270304,1,20270305,1,20270308,1,20270309,1,20270310,1,20270311,1,20270312,1,20270315,1,20270316,1,20270317,1,20270318,1,20270319,1,20270322,1,20270323,1,20270324,1,20270325,1,20270326,1,20270329,1,20270330,1,20270331,1,20270401,1,20270402,1,20270405,1,20270406,1,20270407,1,20270408,1,20270409,1,20270412,1,20270413,1,20270414,1,20270415,1,20270416,1,20270419,1,20270420,1,20270421,1,20270422,1,20270423,1,20270426,1,20270427,1,20270428,1,20270429,1,20270430,1,20270503,1,20270504,1,20270505,1,20270506,1,20270507,1,20270510,1,20270511,1,20270512,1,20270513,1,20270514,1,20270517,1,20270518,1,20270519,1,20270520,1,20270521,1,20270524,1,20270525,1,20270526,1,20270527,1,20270528,1,20270531,1,20270601,1,20270602,1,20270603,1,20270604,1,20270607,1,20270608,1,20270609,1,20270610,1,20270611,1,20270614,1,20270615,1,20270616,1,20270617,1,20270618,1,20270621,1,20270622,1,20270623,1,20270624,1,20270625,1,20270628,1,20270629,1,20270630,1,20270701,1,20270702,1,20270705,1,20270706,1,20270707,1,20270708,1,20270709,1,20270712,1,20270713,1,20270714,1,20270715,1,20270716,1,20270719,1,20270720,1,20270721,1,20270722,1,20270723,1,20270726,1,20270727,1,20270728,1,20270729,1,20270730,1,20270802,1,20270803,1,20270804,1,20270805,1,20270806,1,20270809,1,20270810,1,20270811,1,20270812,1,20270813,1,20270816,1,20270817,1,20270818,1,20270819,1,20270820,1,20270823,1,20270824,1,20270825,1,20270826,1,20270827,1,20270830,1,20270831,1,20270901,1,20270902,1,20270903,1,20270906,1,20270907,1,20270908,1,20270909,1,20270910,1,20270913,1,20270914,1,20270915,1,20270916,1,20270917,1,20270920,1,20270921,1,20270922,1,20270923,1,20270924,1,20270927,1,20270928,1,20270929,1,20270930,1,20271001,1,20271004,1,20271005,1,20271006,1,20271007,1,20271008,1,20271011,1,20271012,1,20271013,1,20271014,1,20271015,1,20271018,1,20271019,1,20271020,1,20271021,1,20271022,1,20271025,1,20271026,1,20271027,1,20271028,1,20271029,1,20271101,1,20271102,1,20271103,1,20271104,1,20271105,1,20271108,1,20271109,1,20271110,1,20271111,1,20271112,1,20271115,1,20271116,1,20271117,1,20271118,1,20271119,1,20271122,1,20271123,1,20271124,1,20271125,1,20271126,1,20271129,1,20271130,1,20271201,1,20271202,1,20271203,1,20271206,1,20271207,1,20271208,1,20271209,1,20271210,1,20271213,1,20271214,1,20271215,1,20271216,1,20271217,1,20271220,1,20271221,1,20271222,1,20271223,1,20271224,1,20271227,1,20271228,1,20271229,1,20271230,1,20271231,1
'1489443',20261008,1,20261009,1,20261012,1,20261013,1,20261014,1,20261015,1,20261016,1,20261019,1,20261020,1,20261021,1,20261022,1,20261023,1,20261026,1,20261027,1,20261028,1,20261029,1,20261030,1,20261102,1,20261103,1,20261104,1,20261105,1,20261106,1,20261109,1,20261110,1,20261111,1,20261112,1,20261113,1,20261116,1,20261117,1,20261118,1,20261119,1,20261120,1,20261123,1,20261124,1,20261125,1,20261126,1,20261127,1,20261130,1,20261201,1,20261202,1,20261203,1,20261204,1,20261207,1,20261208,1,20261209,1,20261210,1,20261211,1,20261214,1,20261215,1,20261216,1,20261217,1,20261218,1,20261221,1,20261222,1,20261223,1,20261224,1,20261225,1,20261228,1,20261229,1,20261230,1,20261231,1,20270101,1,20270104,1,20270105,1,20270106,1,20270107,1,20270108,1,20270111,1,20270112,1,20270113,1,20270114,1,20270115,1,20270118,1,20270119,1,20270120,1,20270121,1,20270122,1,20270125,1,20270126,1,20270127,1,20270128,1,20270129,1,20270201,1,20270202,1,20270203,1,20270204,1,20270205,1,20270208,1,20270209,1,20270210,1,20270211,1,20270212,1,20270215,1,20270216,1,20270217,1,20270218,1,20270219,1,20270222,1,20270223,1,20270224,1,20270225,1,20270226,1,20270301,1,20270302,1,20270303,1,20270304,1,20270305,1,20270308,1,20270309,1,20270310,1,20270311,1,20270312,1,20270315,1,20270316,1,20270317,1,20270318,1,20270319,1,20270322,1,20270323,1,20270324,1,20270325,1,20270326,1,20270329,1,20270330,1,20270331,1,20270401,1,20270402,1,20270405,1,20270406,1,20270407,1,20270408,1,20270409,1,20270412,1,20270413,1,20270414,1,20270415,1,20270416,1,20270419,1,20270420,1,20270421,1,20270422,1,20270423,1,20270426,1,20270427,1,20270428,1,20270429,1,20270430,1,20270503,1,20270504,1,20270505,1,20270506,1,20270507,1,20270510,1,20270511,1,20270512,1,20270513,1,20270514,1,20270517,1,20270518,1,20270519,1,20270520,1,20270521,1,20270524,1,20270525,1,20270526,1,20270527,1,20270528,1,20270531,1,20270601,1,20270602,1,20270603,1,20270604,1,20270607,1,20270608,1,20270609,1,20270610,1,20270611,1,20270614,1,20270615,1,20270616,1,20270617,1,20270618,1,20270621,1,20270622,1,20270623,1,20270624,1,20270625,1,20270628,1,20270629,1,20270630,1,20270701,1,20270702,1,20270705,1,20270706,1,20270707,1,20270708,1,20270709,1,20270712,1,20270713,1,20270714,1,20270715,1,20270716,1,20270719,1,20270720,1,20270721,1,20270722,1,20270723,1,20270726,1,20270727,1,20270728,1,20270729,1,20270730,1,20270802,1,20270803,1,20270804,1,20270805,1,20270806,1,20270809,1,20270810,1,20270811,1,20270812,1,20270813,1,20270816,1,20270817,1,20270818,1,20270819,1,20270820,1,20270823,1,20270824,1,20270825,1,20270826,1,20270827,1,20270830,1,20270831,1,20270901,1,20270902,1,20270903,1,20270906,1,20270907,1,20270908,1,20270909,1,20270910,1,20270913,1,20270914,1,20270915,1,20270916,1,20270917,1,20270920,1,20270921,1,20270922,1,20270923,1,20270924,1,20270927,1,20270928,1,20270929,1,20270930,1,20271001,1,20271004,1,20271005,1,20271006,1,20271007,1,20271008,1,20271011,1,20271012,1,20271013,1,20271014,1,20271015,1,20271018,1,20271019,1,20271020,1,20271021,1,20271022,1,20271025,1,20271026,1,20271027,1,20271028,1,20271029,1,20271101,1,20271102,1,20271103,1,20271104,1,20271105,1,20271108,1,20271109,1,20271110,1,20271111,1,20271112,1,20271115,1,20271116,1,20271117,1,20271118,1,20271119,1,20271122,1,20271123,1,20271124,1,20271125,1,20271126,1,20271129,1,20271130,1,20271201,1,20271202,1,20271203,1,20271206,1,20271207,1,20271208,1,20271209,1,20271210,1,20271213,1,20271214,1,20271215,1,20271216,1,20271217,1,20271220,1,20271221,1,20271222,1,20271223,1,20271224,1,20271227,1,20271228,1,20271229,1,20271230,1,20271231,1
'1489444',20261008,1,20261009,1,20261012,1,20261013,1,20261014,1,20261015,1,20261016,1,20261019,1,20261020,1,20261021,1,20261022,1,20261023,1,20261026,1,20261027,1,20261028,1,20261029,1,20261030,1,20261102,1,20261103,1,20261104,1,20261105,1,20261106,1,20261109,1,20261110,1,20261111,1,20261112,1,20261113,1,20261116,1,20261117,1,20261118,1,20261119,1,20261120,1,20261123,1,20261124,1,20261125,1,20261126,1,20261127,1,20261130,1,20261201,1,20261202,1,20261203,1,20261204,1,20261207,1,20261208,1,20261209,1,20261210,1,20261211,1,20261214,1,20261215,1,20261216,1,20261217,1,20261218,1,20261221,1,20261222,1,20261223,1,20261224,1,20261225,1,20261228,1,20261229,1,20261230,1,20261231,1,20270101,1,20270104,1,20270105,1,20270106,1,20270107,1,20270108,1,20270111,1,20270112,1,20270113,1,20270114,1,20270115,1,20270118,1,20270119,1,20270120,1,20270121,1,20270122,1,20270125,1,20270126,1,20270127,1,20270128,1,20270129,1,20270201,1,20270202,1,20270203,1,20270204,1,20270205,1,20270208,1,20270209,1,20270210,1,20270211,1,20270212,1,20270215,1,20270216,1,20270217,1,20270218,1,20270219,1,20270222,1,20270223,1,20270224,1,20270225,1,20270226,1,20270301,1,20270302,1,20270303,1,20270304,1,20270305,1,20270308,1,20270309,1,20270310,1,20270311,1,20270312,1,20270315,1,20270316,1,20270317,1,20270318,1,20270319,1,20270322,1,20270323,1,20270324,1,20270325,1,20270326,1,20270329,1,20270330,1,20270331,1,20270401,1,20270402,1,20270405,1,20270406,1,20270407,1,20270408,1,20270409,1,20270412,1,20270413,1,20270414,1,20270415,1,20270416,1,20270419,1,20270420,1,20270421,1,20270422,1,20270423,1,20270426,1,20270427,1,20270428,1,20270429,1,20270430,1,20270503,1,20270504,1,20270505,1,20270506,1,20270507,1,20270510,1,20270511,1,20270512,1,20270513,1,20270514,1,20270517,1,20270518,1,20270519,1,20270520,1,20270521,1,20270524,1,20270525,1,20270526,1,20270527,1,20270528,1,20270531,1,20270601,1,20270602,1,20270603,1,20270604,1,20270607,1,20270608,1,20270609,1,20270610,1,20270611,1,20270614,1,20270615,1,20270616,1,20270617,1,20270618,1,20270621,1,20270622,1,20270623,1,20270624,1,20270625,1,20270628,1,20270629,1,20270630,1,20270701,1,20270702,1,20270705,1,20270706,1,20270707,1,20270708,1,20270709,1,20270712,1,20270713,1,20270714,1,20270715,1,20270716,1,20270719,1,20270720,1,20270721,1,20270722,1,20270723,1,20270726,1,20270727,1,20270728,1,20270729,1,20270730,1,20270802,1,20270803,1,20270804,1,20270805,1,20270806,1,20270809,1,20270810,1,20270811,1,20270812,1,20270813,1,20270816,1,20270817,1,20270818,1,20270819,1,20270820,1,20270823,1,20270824,1,20270825,1,20270826,1,20270827,1,20270830,1,20270831,1,20270901,1,20270902,1,20270903,1,20270906,1,20270907,1,20270908,1,20270909,1,20270910,1,20270913,1,20270914,1,20270915,1,20270916,1,20270917,1,20270920,1,20270921,1,20270922,1,20270923,1,20270924,1,20270927,1,20270928,1,20270929,1,20270930,1,20271001,1,20271004,1,20271005,1,20271006,1,20271007,1,20271008,1,20271011,1,20271012,1,20271013,1,20271014,1,20271015,1,20271018,1,20271019,1,20271020,1,20271021,1,20271022,1,20271025,1,20271026,1,20271027,1,20271028,1,20271029,1,20271101,1,20271102,1,20271103,1,20271104,1,20271105,1,20271108,1,20271109,1,20271110,1,20271111,1,20271112,1,20271115,1,20271116,1,20271117,1,20271118,1,20271119,1,20271122,1,20271123,1,20271124,1,20271125,1,20271126,1,20271129,1,20271130,1,20271201,1,20271202,1,20271203,1,20271206,1,20271207,1,20271208,1,20271209,1,20271210,1,20271213,1,20271214,1,20271215,1,20271216,1,20271217,1,20271220,1,20271221,1,20271222,1,20271223,1,20271224,1,20271227,1,20271228,1,20271229,1,20271230,1,20271231,1
'1489445',20261010,1,20261011,1,20261017,1,20261018,1,20261024,1,20261025,1,20261031,1,20261101,1,20261107,1,20261108,1,20261114,1,20261115,1,20261121,1,20261122,1,20261128,1,20261129,1,20261205,1,20261206,1,20261212,1,20261213,1,20261219,1,20261220,1,20261226,1,20261227,1,20270102,1,20270103,1,20270109,1,20270110,1,20270116,1,20270117,1,20270123,1,20270124,1,20270130,1,20270131,1,20270206,1,20270207,1,20270213,1,20270214,1,20270220,1,20270221,1,20270227,1,20270228,1,20270306,1,20270307,1,20270313,1,20270314,1,20270320,1,20270321,1,20270327,1,20270328,1,20270403,1,20270404,1,20270410,1,20270411,1,20270417,1,20270418,1,20270424,1,20270425,1,20270501,1,20270502,1,20270508,1,20270509,1,20270515,1,20270516,1,20270522,1,20270523,1,20270529,1,20270530,1,20270605,1,20270606,1,20270612,1,20270613,1,20270619,1,20270620,1,20270626,1,20270627,1,20270703,1,20270704,1,20270710,1,20270711,1,20270717,1,20270718,1,20270724,1,20270725,1,20270731,1,20270801,1,20270807,1,20270808,1,20270814,1,20270815,1,20270821,1,20270822,1,20270828,1,20270829,1,20270904,1,20270905,1,20270911,1,20270912,1,20270918,1,20270919,1,20270925,1,20270926,1,20271002,1,20271003,1,20271009,1,20271010,1,20271016,1,20271017,1,20271023,1,20271024,1,20271030,1,20271031,1,20271106,1,20271107,1,20271113,1,20271114,1,20271120,1,20271121,1,20271127,1,20271128,1,20271204,1,20271205,1,20271211,1,20271212,1,20271218,1,20271219,1,20271225,1,20271226,1,20280101,1
'1489446',20261010,1,20261011,1,20261017,1,20261018,1,20261024,1,20261025,1,20261031,1,20261101,1,20261107,1,20261108,1,20261114,1,20261115,1,20261121,1,20261122,1,20261128,1,20261129,1,20261205,1,20261206,1,20261212,1,20261213,1,20261219,1,20261220,1,20261226,1,20261227,1,20270102,1,20270103,1,20270109,1,20270110,1,20270116,1,20270117,1,20270123,1,20270124,1,20270130,1,20270131,1,20270206,1,20270207,1,20270213,1,20270214,1,20270220,1,20270221,1,20270227,1,20270228,1,20270306,1,20270307,1,20270313,1,20270314,1,20270320,1,20270321,1,20270327,1,20270328,1,20270403,1,20270404,1,20270410,1,20270411,1,20270417,1,20270418,1,20270424,1,20270425,1,20270501,1,20270502,1,20270508,1,20270509,1,20270515,1,20270516,1,20270522,1,20270523,1,20270529,1,20270530,1,20270605,1,20270606,1,20270612,1,20270613,1,20270619,1,20270620,1,20270626,1,20270627,1,20270703,1,20270704,1,20270710,1,20270711,1,20270717,1,20270718,1,20270724,1,20270725,1,20270731,1,20270801,1,20270807,1,20270808,1,20270814,1,20270815,1,20270821,1,20270822,1,20270828,1,20270829,1,20270904,1,20270905,1,20270911,1,20270912,1,20270918,1,20270919,1,20270925,1,20270926,1,20271002,1,20271003,1,20271009,1,20271010,1,20271016,1,20271017,1,20271023,1,20271024,1,20271030,1,20271031,1,20271106,1,20271107,1,20271113,1,20271114,1,20271120,1,20271121,1,20271127,1,20271128,1,20271204,1,20271205,1,20271211,1,20271212,1,20271218,1,20271219,1,20271225,1,20271226,1,20280101,1
'1489447',20261010,1,20261011,1,20261017,1,20261018,1,20261024,1,20261025,1,20261031,1,20261101,1,20261107,1,20261108,1,20261114,1,20261115,1,20261121,1,20261122,1,20261128,1,20261129,1,20261205,1,20261206,1,20261212,1,20261213,1,20261219,1,20261220,1,20261226,1,20261227,1,20270102,1,20270103,1,20270109,1,20270110,1,20270116,1,20270117,1,20270123,1,20270124,1,20270130,1,20270131,1,20270206,1,20270207,1,20270213,1,20270214,1,20270220,1,20270221,1,20270227,1,20270228,1,20270306,1,20270307,1,20270313,1,20270314,1,20270320,1,20270321,1,20270327,1,20270328,1,20270403,1,20270404,1,20270410,1,20270411,1,20270417,1,20270418,1,20270424,1,20270425,1,20270501,1,20270502,1,20270508,1,20270509,1,20270515,1,20270516,1,20270522,1,20270523,1,20270529,1,20270530,1,20270605,1,20270606,1,20270612,1,20270613,1,20270619,1,20270620,1,20270626,1,20270627,1,20270703,1,20270704,1,20270710,1,20270711,1,20270717,1,20270718,1,20270724,1,20270725,1,20270731,1,20270801,1,20270807,1,20270808,1,20270814,1,20270815,1,20270821,1,20270822,1,20270828,1,20270829,1,20270904,1,20270905,1,20270911,1,20270912,1,20270918,1,20270919,1,20270925,1,20270926,1,20271002,1,20271003,1,20271009,1,20271010,1,20271016,1,20271017,1,20271023,1,20271024,1,20271030,1,20271031,1,20271106,1,20271107,1,20271113,1,20271114,1,20271120,1,20271121,1,20271127,1,20271128,1,20271204,1,20271205,1,20271211,1,20271212,1,20271218,1,20271219,1,20271225,1,20271226,1,20280101,1
'1489448',20261010,1,20261011,1,20261017,1,20261018,1,20261024,1,20261025,1,20261031,1,20261101,1,20261107,1,20261108,1,20261114,1,20261115,1,20261121,1,20261122,1,20261128,1,20261129,1,20261205,1,20261206,1,20261212,1,20261213,1,20261219,1,20261220,1,20261226,1,20261227,1,20270102,1,20270103,1,20270109,1,20270110,1,20270116,1,20270117,1,20270123,1,20270124,1,20270130,1,20270131,1,20270206,1,20270207,1,20270213,1,20270214,1,20270220,1,20270221,1,20270227,1,20270228,1,20270306,1,20270307,1,20270313,1,20270314,1,20270320,1,20270321,1,20270327,1,20270328,1,20270403,1,20270404,1,20270410,1,20270411,1,20270417,1,20270418,1,20270424,1,20270425,1,20270501,1,20270502,1,20270508,1,20270509,1,20270515,1,20270516,1,20270522,1,20270523,1,20270529,1,20270530,1,20270605,1,20270606,1,20270612,1,20270613,1,20270619,1,20270620,1,20270626,1,20270627,1,20270703,1,20270704,1,20270710,1,20270711,1,20270717,1,20270718,1,20270724,1,20270725,1,20270731,1,20270801,1,20270807,1,20270808,1,20270814,1,20270815,1,20270821,1,20270822,1,20270828,1,20270829,1,20270904,1,20270905,1,20270911,1,20270912,1,20270918,1,20270919,1,20270925,1,20270926,1,20271002,1,20271003,1,20271009,1,20271010,1,20271016,1,20271017,1,20271023,1,20271024,1,20271030,1,20271031,1,20271106,1,20271107,1,20271113,1,20271114,1,20271120,1,20271121,1,20271127,1,20271128,1,20271204,1,20271205,1,20271211,1,20271212,1,20271218,1,20271219,1,20271225,1,20271226,1,20280101,1
'1489449',20261010,1,20261011,1,20261017,1,20261018,1,20261024,1,20261025,1,20261031,1,20261101,1,20261107,1,20261108,1,20261114,1,20261115,1,20261121,1,20261122,1,20261128,1,20261129,1,20261205,1,20261206,1,20261212,1,20261213,1,20261219,1,20261220,1,20261226,1,20261227,1,20270102,1,20270103,1,20270109,1,20270110,1,20270116,1,20270117,1,20270123,1,20270124,1,20270130,1,20270131,1,20270206,1,20270207,1,20270213,1,20270214,1,20270220,1,20270221,1,20270227,1,20270228,1,20270306,1,20270307,1,20270313,1,20270314,1,20270320,1,20270321,1,20270327,1,20270328,1,20270403,1,20270404,1,20270410,1,20270411,1,20270417,1,20270418,1,20270424,1,20270425,1,20270501,1,20270502,1,20270508,1,20270509,1,20270515,1,20270516,1,20270522,1,20270523,1,20270529,1,20270530,1,20270605,1,20270606,1,20270612,1,20270613,1,20270619,1,20270620,1,20270626,1,20270627,1,20270703,1,20270704,1,20270710,1,20270711,1,20270717,1,20270718,1,20270724,1,20270725,1,20270731,1,20270801,1,20270807,1,20270808,1,20270814,1,20270815,1,20270821,1,20270822,1,20270828,1,20270829,1,20270904,1,20270905,1,20270911,1,20270912,1,20270918,1,20270919,1,20270925,1,20270926,1,20271002,1,20271003,1,20271009,1,20271010,1,20271016,1,20271017,1,20271023,1,20271024,1,20271030,1,20271031,1,20271106,1,20271107,1,20271113,1,20271114,1,20271120,1,20271121,1,20271127,1,20271128,1,20271204,1,20271205,1,20271211,1,20271212,1,20271218,1,20271219,1,20271225,1,20271226,1,20280101,1
'1489450',20261010,1,20261011,1,20261017,1,20261018,1,20261024,1,20261025,1,20261031,1,20261101,1,20261107,1,20261108,1,20261114,1,20261115,1,20261121,1,20261122,1,20261128,1,20261129,1,20261205,1,20261206,1,20261212,1,20261213,1,20261219,1,20261220,1,20261226,1,20261227,1,20270102,1,20270103,1,20270109,1,20270110,1,20270116,1,20270117,1,20270123,1,20270124,1,20270130,1,20270131,1,20270206,1,20270207,1,20270213,1,20270214,1,20270220,1,20270221,1,20270227,1,20270228,1,20270306,1,20270307,1,20270313,1,20270314,1,20270320,1,20270321,1,20270327,1,20270328,1,20270403,1,20270404,1,20270410,1,20270411,1,20270417,1,20270418,1,20270424,1,20270425,1,20270501,1,20270502,1,20270508,1,20270509,1,20270515,1,20270516,1,20270522,1,20270523,1,20270529,1,20270530,1,20270605,1,20270606,1,20270612,1,20270613,1,20270619,1,20270620,1,20270626,1,20270627,1,20270703,1,20270704,1,20270710,1,20270711,1,20270717,1,20270718,1,20270724,1,20270725,1,20270731,1,20270801,1,20270807,1,20270808,1,20270814,1,20270815,1,20270821,1,20270822,1,20270828,1,20270829,1,20270904,1,20270905,1,20270911,1,20270912,1,20270918,1,20270919,1,20270925,1,20270926,1,20271002,1,20271003,1,20271009,1,20271010,1,20271016,1,20271017,1,20271023,1,20271024,1,20271030,1,20271031,1,20271106,1,20271107,1,20271113,1,20271114,1,20271120,1,20271121,1,20271127,1,20271128,1,20271204,1,20271205,1,20271211,1,20271212,1,20271218,1,20271219,1,20271225,1,20271226,1,20280101,1
'1489451',20261010,1,20261011,1,20261017,1,20261018,1,20261024,1,20261025,1,20261031,1,20261101,1,20261107,1,20261108,1,20261114,1,20261115,1,20261121,1,20261122,1,20261128,1,20261129,1,20261205,1,20261206,1,20261212,1,20261213,1,20261219,1,20261220,1,20261226,1,20261227,1,20270102,1,20270103,1,20270109,1,20270110,1,20270116,1,20270117,1,20270123,1,20270124,1,20270130,1,20270131,1,20270206,1,20270207,1,20270213,1,20270214,1,20270220,1,20270221,1,20270227,1,20270228,1,20270306,1,20270307,1,20270313,1,20270314,1,20270320,1,20270321,1,20270327,1,20270328,1,20270403,1,20270404,1,20270410,1,20270411,1,20270417,1,20270418,1,20270424,1,20270425,1,20270501,1,20270502,1,20270508,1,20270509,1,20270515,1,20270516,1,20270522,1,20270523,1,20270529,1,20270530,1,20270605,1,20270606,1,20270612,1,20270613,1,20270619,1,20270620,1,20270626,1,20270627,1,20270703,1,20270704,1,20270710,1,20270711,1,20270717,1,20270718,1,20270724,1,20270725,1,20270731,1,20270801,1,20270807,1,20270808,1,20270814,1,20270815,1,20270821,1,20270822,1,20270828,1,20270829,1,20270904,1,20270905,1,20270911,1,20270912,1,20270918,1,20270919,1,20270925,1,20270926,1,20271002,1,20271003,1,20271009,1,20271010,1,20271016,1,20271017,1,20271023,1,20271024,1,20271030,1,20271031,1,20271106,1,20271107,1,20271113,1,20271114,1,20271120,1,20271121,1,20271127,1,20271128,1,20271204,1,20271205,1,20271211,1,20271212,1,20271218,1,20271219,1,20271225,1,20271226,1,20280101,1
'1489452',20261010,1,20261011,1,20261017,1,20261018,1,20261024,1,20261025,1,20261031,1,20261101,1,20261107,1,20261108,1,20261114,1,20261115,1,20261121,1,20261122,1,20261128,1,20261129,1,20261205,1,20261206,1,20261212,1,20261213,1,20261219,1,20261220,1,20261226,1,20261227,1,20270102,1,20270103,1,20270109,1,20270110,1,20270116,1,20270117,1,20270123,1,20270124,1,20270130,1,20270131,1,20270206,1,20270207,1,20270213,1,20270214,1,20270220,1,20270221,1,20270227,1,20270228,1,20270306,1,20270307,1,20270313,1,20270314,1,20270320,1,20270321,1,20270327,1,20270328,1,20270403,1,20270404,1,20270410,1,20270411,1,20270417,1,20270418,1,20270424,1,20270425,1,20270501,1,20270502,1,20270508,1,20270509,1,20270515,1,20270516,1,20270522,1,20270523,1,20270529,1,20270530,1,20270605,1,20270606,1,20270612,1,20270613,1,20270619,1,20270620,1,20270626,1,20270627,1,20270703,1,20270704,1,20270710,1,20270711,1,20270717,1,20270718,1,20270724,1,20270725,1,20270731,1,20270801,1,20270807,1,20270808,1,20270814,1,20270815,1,20270821,1,20270822,1,20270828,1,20270829,1,20270904,1,20270905,1,20270911,1,20270912,1,20270918,1,20270919,1,20270925,1,20270926,1,20271002,1,20271003,1,20271009,1,20271010,1,20271016,1,20271017,1,20271023,1,20271024,1,20271030,1,20271031,1,20271106,1,20271107,1,20271113,1,20271114,1,20271120,1,20271121,1,20271127,1,20271128,1,20271204,1,20271205,1,20271211,1,20271212,1,20271218,1,20271219,1,20271225,1,20271226,1,20280101,1
'1489453',20261010,1,20261011,1,20261017,1,20261018,1,20261024,1,20261025,1,20261031,1,20261101,1,20261107,1,20261108,1,20261114,1,20261115,1,20261121,1,20261122,1,20261128,1,20261129,1,20261205,1,20261206,1,20261212,1,20261213,1,20261219,1,20261220,1,20261226,1,20261227,1,20270102,1,20270103,1,20270109,1,20270110,1,20270116,1,20270117,1,20270123,1,20270124,1,20270130,1,20270131,1,20270206,1,20270207,1,20270213,1,20270214,1,20270220,1,20270221,1,20270227,1,20270228,1,20270306,1,20270307,1,20270313,1,20270314,1,20270320,1,20270321,1,20270327,1,20270328,1,20270403,1,20270404,1,20270410,1,20270411,1,20270417,1,20270418,1,20270424,1,20270425,1,20270501,1,20270502,1,20270508,1,20270509,1,20270515,1,20270516,1,20270522,1,20270523,1,20270529,1,20270530,1,20270605,1,20270606,1,20270612,1,20270613,1,20270619,1,20270620,1,20270626,1,20270627,1,20270703,1,20270704,1,20270710,1,20270711,1,20270717,1,20270718,1,20270724,1,20270725,1,20270731,1,20270801,1,20270807,1,20270808,1,20270814,1,20270815,1,20270821,1,20270822,1,20270828,1,20270829,1,20270904,1,20270905,1,20270911,1,20270912,1,20270918,1,20270919,1,20270925,1,20270926,1,20271002,1,20271003,1,20271009,1,20271010,1,20271016,1,20271017,1,20271023,1,20271024,1,20271030,1,20271031,1,20271106,1,20271107,1,20271113,1,20271114,1,20271120,1,20271121,1,20271127,1,20271128,1,20271204,1,20271205,1,20271211,1,20271212,1,20271218,1,20271219,1,20271225,1,20271226,1,20280101,1
'1489454',20261010,1,20261011,1,20261017,1,20261018,1,20261024,1,20261025,1,20261031,1,20261101,1,20261107,1,20261108,1,20261114,1,20261115,1,20261121,1,20261122,1,20261128,1,20261129,1,20261205,1,20261206,1,20261212,1,20261213,1,20261219,1,20261220,1,20261226,1,20261227,1,20270102,1,20270103,1,20270109,1,20270110,1,20270116,1,20270117,1,20270123,1,20270124,1,20270130,1,20270131,1,20270206,1,20270207,1,20270213,1,20270214,1,20270220,1,20270221,1,20270227,1,20270228,1,20270306,1,20270307,1,20270313,1,20270314,1,20270320,1,20270321,1,20270327,1,20270328,1,20270403,1,20270404,1,20270410,1,20270411,1,20270417,1,20270418,1,20270424,1,20270425,1,20270501,1,20270502,1,20270508,1,20270509,1,20270515,1,20270516,1,20270522,1,20270523,1,20270529,1,20270530,1,20270605,1,20270606,1,20270612,1,20270613,1,20270619,1,20270620,1,20270626,1,20270627,1,20270703,1,20270704,1,20270710,1,20270711,1,20270717,1,20270718,1,20270724,1,20270725,1,20270731,1,20270801,1,20270807,1,20270808,1,20270814,1,20270815,1,20270821,1,20270822,1,20270828,1,20270829,1,20270904,1,20270905,1,20270911,1,20270912,1,20270918,1,20270919,1,20270925,1,20270926,1,20271002,1,20271003,1,20271009,1,20271010,1,20271016,1,20271017,1,20271023,1,20271024,1,20271030,1,20271031,1,20271106,1,20271107,1,20271113,1,20271114,1,20271120,1,20271121,1,20271127,1,20271128,1,20271204,1,20271205,1,20271211,1,20271212,1,20271218,1,20271219,1,20271225,1,20271226,1,20280101,1
'1489455',20261010,1,20261011,1,20261017,1,20261018,1,20261024,1,20261025,1,20261031,1,20261101,1,20261107,1,20261108,1,20261114,1,20261115,1,20261121,1,20261122,1,20261128,1,20261129,1,20261205,1,20261206,1,20261212,1,20261213,1,20261219,1,20261220,1,20261226,1,20261227,1,20270102,1,20270103,1,20270109,1,20270110,1,20270116,1,20270117,1,20270123,1,20270124,1,20270130,1,20270131,1,20270206,1,20270207,1,20270213,1,20270214,1,20270220,1,20270221,1,20270227,1,20270228,1,20270306,1,20270307,1,20270313,1,20270314,1,20270320,1,20270321,1,20270327,1,20270328,1,20270403,1,20270404,1,20270410,1,20270411,1,20270417,1,20270418,1,20270424,1,20270425,1,20270501,1,20270502,1,20270508,1,20270509,1,20270515,1,20270516,1,20270522,1,20270523,1,20270529,1,20270530,1,20270605,1,20270606,1,20270612,1,20270613,1,20270619,1,20270620,1,20270626,1,20270627,1,20270703,1,20270704,1,20270710,1,20270711,1,20270717,1,20270718,1,20270724,1,20270725,1,20270731,1,20270801,1,20270807,1,20270808,1,20270814,1,20270815,1,20270821,1,20270822,1,20270828,1,20270829,1,20270904,1,20270905,1,20270911,1,20270912,1,20270918,1,20270919,1,20270925,1,20270926,1,20271002,1,20271003,1,20271009,1,20271010,1,20271016,1,20271017,1,20271023,1,20271024,1,20271030,1,20271031,1,20271106,1,20271107,1,20271113,1,20271114,1,20271120,1,20271121,1,20271127,1,20271128,1,20271204,1,20271205,1,20271211,1,20271212,1,20271218,1,20271219,1,20271225,1,20271226,1,20280101,1
'1489456',20261010,1,20261011,1,20261017,1,20261018,1,20261024,1,20261025,1,20261031,1,20261101,1,20261107,1,20261108,1,20261114,1,20261115,1,20261121,1,20261122,1,20261128,1,20261129,1,20261205,1,20261206,1,20261212,1,20261213,1,20261219,1,20261220,1,20261226,1,20261227,1,20270102,1,20270103,1,20270109,1,20270110,1,20270116,1,20270117,1,20270123,1,20270124,1,20270130,1,20270131,1,20270206,1,20270207,1,20270213,1,20270214,1,20270220,1,20270221,1,20270227,1,20270228,1,20270306,1,20270307,1,20270313,1,20270314,1,20270320,1,20270321,1,20270327,1,20270328,1,20270403,1,20270404,1,20270410,1,20270411,1,20270417,1,20270418,1,20270424,1,20270425,1,20270501,1,20270502,1,20270508,1,20270509,1,20270515,1,20270516,1,20270522,1,20270523,1,20270529,1,20270530,1,20270605,1,20270606,1,20270612,1,20270613,1,20270619,1,20270620,1,20270626,1,20270627,1,20270703,1,20270704,1,20270710,1,20270711,1,20270717,1,20270718,1,20270724,1,20270725,1,20270731,1,20270801,1,20270807,1,20270808,1,20270814,1,20270815,1,20270821,1,20270822,1,20270828,1,20270829,1,20270904,1,20270905,1,20270911,1,20270912,1,20270918,1,20270919,1,20270925,1,20270926,1,20271002,1,20271003,1,20271009,1,20271010,1,20271016,1,20271017,1,20271023,1,20271024,1,20271030,1,20271031,1,20271106,1,20271107,1,20271113,1,20271114,1,20271120,1,20271121,1,20271127,1,20271128,1,20271204,1,20271205,1,20271211,1,20271212,1,20271218,1,20271219,1,20271225,1,20271226,1,20280101,1
'1489457',20261010,1,20261011,1,20261017,1,20261018,1,20261024,1,20261025,1,20261031,1,20261101,1,20261107,1,20261108,1,20261114,1,20261115,1,20261121,1,20261122,1,20261128,1,20261129,1,20261205,1,20261206,1,20261212,1,20261213,1,20261219,1,20261220,1,20261226,1,20261227,1,20270102,1,20270103,1,20270109,1,20270110,1,20270116,1,20270117,1,20270123,1,20270124,1,20270130,1,20270131,1,20270206,1,20270207,1,20270213,1,20270214,1,20270220,1,20270221,1,20270227,1,20270228,1,20270306,1,20270307,1,20270313,1,20270314,1,20270320,1,20270321,1,20270327,1,20270328,1,20270403,1,20270404,1,20270410,1,20270411,1,20270417,1,20270418,1,20270424,1,20270425,1,20270501,1,20270502,1,20270508,1,20270509,1,20270515,1,20270516,1,20270522,1,20270523,1,20270529,1,20270530,1,20270605,1,20270606,1,20270612,1,20270613,1,20270619,1,20270620,1,20270626,1,20270627,1,20270703,1,20270704,1,20270710,1,20270711,1,20270717,1,20270718,1,20270724,1,20270725,1,20270731,1,20270801,1,20270807,1,20270808,1,20270814,1,20270815,1,20270821,1,20270822,1,20270828,1,20270829,1,20270904,1,20270905,1,20270911,1,20270912,1,20270918,1,20270919,1,20270925,1,20270926,1,20271002,1,20271003,1,20271009,1,20271010,1,20271016,1,20271017,1,20271023,1,20271024,1,20271030,1,20271031,1,20271106,1,20271107,1,20271113,1,20271114,1,20271120,1,20271121,1,20271127,1,20271128,1,20271204,1,20271205,1,20271211,1,20271212,1,20271218,1,20271219,1,20271225,1,20271226,1,20280101,1
'1489458',20261010,1,20261011,1,20261017,1,20261018,1,20261024,1,20261025,1,20261031,1,20261101,1,20261107,1,20261108,1,20261114,1,20261115,1,20261121,1,20261122,1,20261128,1,20261129,1,20261205,1,20261206,1,20261212,1,20261213,1,20261219,1,20261220,1,20261226,1,20261227,1,20270102,1,20270103,1,20270109,1,20270110,1,20270116,1,20270117,1,20270123,1,20270124,1,20270130,1,20270131,1,20270206,1,20270207,1,20270213,1,20270214,1,20270220,1,20270221,1,20270227,1,20270228,1,20270306,1,20270307,1,20270313,1,20270314,1,20270320,1,20270321,1,20270327,1,20270328,1,20270403,1,20270404,1,20270410,1,20270411,1,20270417,1,20270418,1,20270424,1,20270425,1,20270501,1,20270502,1,20270508,1,20270509,1,20270515,1,20270516,1,20270522,1,20270523,1,20270529,1,20270530,1,20270605,1,20270606,1,20270612,1,20270613,1,20270619,1,20270620,1,20270626,1,20270627,1,20270703,1,20270704,1,20270710,1,20270711,1,20270717,1,20270718,1,20270724,1,20270725,1,20270731,1,20270801,1,20270807,1,20270808,1,20270814,1,20270815,1,20270821,1,20270822,1,20270828,1,20270829,1,20270904,1,20270905,1,20270911,1,20270912,1,20270918,1,20270919,1,20270925,1,20270926,1,20271002,1,20271003,1,20271009,1,20271010,1,20271016,1,20271017,1,20271023,1,20271024,1,20271030,1,20271031,1,20271106,1,20271107,1,20271113,1,20271114,1,20271120,1,20271121,1,20271127,1,20271128,1,20271204,1,20271205,1,20271211,1,20271212,1,20271218,1,20271219,1,20271225,1,20271226,1,20280101,1
'1489459',20261010,1,20261011,1,20261017,1,20261018,1,20261024,1,20261025,1,20261031,1,20261101,1,20261107,1,20261108,1,20261114,1,20261115,1,20261121,1,20261122,1,20261128,1,20261129,1,20261205,1,20261206,1,20261212,1,20261213,1,20261219,1,20261220,1,20261226,1,20261227,1,20270102,1,20270103,1,20270109,1,20270110,1,20270116,1,20270117,1,20270123,1,20270124,1,20270130,1,20270131,1,20270206,1,20270207,1,20270213,1,20270214,1,20270220,1,20270221,1,20270227,1,20270228,1,20270306,1,20270307,1,20270313,1,20270314,1,20270320,1,20270321,1,20270327,1,20270328,1,20270403,1,20270404,1,20270410,1,20270411,1,20270417,1,20270418,1,20270424,1,20270425,1,20270501,1,20270502,1,20270508,1,20270509,1,20270515,1,20270516,1,20270522,1,20270523,1,20270529,1,20270530,1,20270605,1,20270606,1,20270612,1,20270613,1,20270619,1,20270620,1,20270626,1,20270627,1,20270703,1,20270704,1,20270710,1,20270711,1,20270717,1,20270718,1,20270724,1,20270725,1,20270731,1,20270801,1,20270807,1,20270808,1,20270814,1,20270815,1,20270821,1,20270822,1,20270828,1,20270829,1,20270904,1,20270905,1,20270911,1,20270912,1,20270918,1,20270919,1,20270925,1,20270926,1,20271002,1,20271003,1,20271009,1,20271010,1,20271016,1,20271017,1,20271023,1,20271024,1,20271030,1,20271031,1,20271106,1,20271107,1,20271113,1,20271114,1,20271120,1,20271121,1,20271127,1,20271128,1,20271204,1,20271205,1,20271211,1,20271212,1,20271218,1,20271219,1,20271225,1,20271226,1,20280101,1
'1489460',20261010,1,20261011,1,20261017,1,20261018,1,20261024,1,20261025,1,20261031,1,20261101,1,20261107,1,20261108,1,20261114,1,20261115,1,20261121,1,20261122,1,20261128,1,20261129,1,20261205,1,20261206,1,20261212,1,20261213,1,20261219,1,20261220,1,20261226,1,20261227,1,20270102,1,20270103,1,20270109,1,20270110,1,20270116,1,20270117,1,20270123,1,20270124,1,20270130,1,20270131,1,20270206,1,20270207,1,20270213,1,20270214,1,20270220,1,20270221,1,20270227,1,20270228,1,20270306,1,20270307,1,20270313,1,20270314,1,20270320,1,20270321,1,20270327,1,20270328,1,20270403,1,20270404,1,20270410,1,20270411,1,20270417,1,20270418,1,20270424,1,20270425,1,20270501,1,20270502,1,20270508,1,20270509,1,20270515,1,20270516,1,20270522,1,20270523,1,20270529,1,20270530,1,20270605,1,20270606,1,20270612,1,20270613,1,20270619,1,20270620,1,20270626,1,20270627,1,20270703,1,20270704,1,20270710,1,20270711,1,20270717,1,20270718,1,20270724,1,20270725,1,20270731,1,20270801,1,20270807,1,20270808,1,20270814,1,20270815,1,20270821,1,20270822,1,20270828,1,20270829,1,20270904,1,20270905,1,20270911,1,20270912,1,20270918,1,20270919,1,20270925,1,20270926,1,20271002,1,20271003,1,20271009,1,20271010,1,20271016,1,20271017,1,20271023,1,20271024,1,20271030,1,20271031,1,20271106,1,20271107,1,20271113,1,20271114,1,20271120,1,20271121,1,20271127,1,20271128,1,20271204,1,20271205,1,20271211,1,20271212,1,20271218,1,20271219,1,20271225,1,20271226,1,20280101,1
'1489461',20261010,1,20261017,1,20261024,1,20261031,1,20261107,1,20261114,1,20261121,1,20261128,1,20261205,1,20261212,1,20261219,1,20261226,1,20270102,1,20270109,1,20270116,1,20270123,1,20270130,1,20270206,1,20270213,1,20270220,1,20270227,1,20270306,1,20270313,1,20270320,1,20270327,1,20270403,1,20270410,1,20270417,1,20270424,1,20270501,1,20270508,1,20270515,1,20270522,1,20270529,1,20270605,1,20270612,1,20270619,1,20270626,1,20270703,1,20270710,1,20270717,1,20270724,1,20270731,1,20270807,1,20270814,1,20270821,1,20270828,1,20270904,1,20270911,1,20270918,1,20270925,1,20271002,1,20271009,1,20271016,1,20271023,1,20271030,1,20271106,1,20271113,1,20271120,1,20271127,1,20271204,1,20271211,1,20271218,1,20271225,1,20280101,1
'1489462',20261010,1,20261017,1,20261024,1,20261031,1,20261107,1,20261114,1,20261121,1,20261128,1,20261205,1,20261212,1,20261219,1,20261226,1,20270102,1,20270109,1,20270116,1,20270123,1,20270130,1,20270206,1,20270213,1,20270220,1,20270227,1,20270306,1,20270313,1,20270320,1,20270327,1,20270403,1,20270410,1,20270417,1,20270424,1,20270501,1,20270508,1,20270515,1,20270522,1,20270529,1,20270605,1,20270612,1,20270619,1,20270626,1,20270703,1,20270710,1,20270717,1,20270724,1,20270731,1,20270807,1,20270814,1,20270821,1,20270828,1,20270904,1,20270911,1,20270918,1,20270925,1,20271002,1,20271009,1,20271016,1,20271023,1,20271030,1,20271106,1,20271113,1,20271120,1,20271127,1,20271204,1,20271211,1,20271218,1,20271225,1,20280101,1
'1489463',20261010,1,20261017,1,20261024,1,20261031,1,20261107,1,20261114,1,20261121,1,20261128,1,20261205,1,20261212,1,20261219,1,20261226,1,20270102,1,20270109,1,20270116,1,20270123,1,20270130,1,20270206,1,20270213,1,20270220,1,20270227,1,20270306,1,20270313,1,20270320,1,20270327,1,20270403,1,20270410,1,20270417,1,20270424,1,20270501,1,20270508,1,20270515,1,20270522,1,20270529,1,20270605,1,20270612,1,20270619,1,20270626,1,20270703,1,20270710,1,20270717,1,20270724,1,20270731,1,20270807,1,20270814,1,20270821,1,20270828,1,20270904,1,20270911,1,20270918,1,20270925,1,20271002,1,20271009,1,20271016,1,20271023,1,20271030,1,20271106,1,20271113,1,20271120,1,20271127,1,20271204,1,20271211,1,20271218,1,20271225,1,20280101,1
'1489464',20261010,1,20261017,1,20261024,1,20261031,1,20261107,1,20261114,1,20261121,1,20261128,1,20261205,1,20261212,1,20261219,1,20261226,1,20270102,1,20270109,1,20270116,1,20270123,1,20270130,1,20270206,1,20270213,1,20270220,1,20270227,1,20270306,1,20270313,1,20270320,1,20270327,1,20270403,1,20270410,1,20270417,1,20270424,1,20270501,1,20270508,1,20270515,1,20270522,1,20270529,1,20270605,1,20270612,1,20270619,1,20270626,1,20270703,1,20270710,1,20270717,1,20270724,1,20270731,1,20270807,1,20270814,1,20270821,1,20270828,1,20270904,1,20270911,1,20270918,1,20270925,1,20271002,1,20271009,1,20271016,1,20271023,1,20271030,1,20271106,1,20271113,1,20271120,1,20271127,1,20271204,1,20271211,1,20271218,1,20271225,1,20280101,1
'1489465',20261010,1,20261017,1,20261024,1,20261031,1,20261107,1,20261114,1,20261121,1,20261128,1,20261205,1,20261212,1,20261219,1,20261226,1,20270102,1,20270109,1,20270116,1,20270123,1,20270130,1,20270206,1,20270213,1,20270220,1,20270227,1,20270306,1,20270313,1,20270320,1,20270327,1,20270403,1,20270410,1,20270417,1,20270424,1,20270501,1,20270508,1,20270515,1,20270522,1,20270529,1,20270605,1,20270612,1,20270619,1,20270626,1,20270703,1,20270710,1,20270717,1,20270724,1,20270731,1,20270807,1,20270814,1,20270821,1,20270828,1,20270904,1,20270911,1,20270918,1,20270925,1,20271002,1,20271009,1,20271016,1,20271023,1,20271030,1,20271106,1,20271113,1,20271120,1,20271127,1,20271204,1,20271211,1,20271218,1,20271225,1,20280101,1
'1489466',20261010,1,20261017,1,20261024,1,20261031,1,20261107,1,20261114,1,20261121,1,20261128,1,20261205,1,20261212,1,20261219,1,20261226,1,20270102,1,20270109,1,20270116,1,20270123,1,20270130,1,20270206,1,20270213,1,20270220,1,20270227,1,20270306,1,20270313,1,20270320,1,20270327,1,20270403,1,20270410,1,20270417,1,20270424,1,20270501,1,20270508,1,20270515,1,20270522,1,20270529,1,20270605,1,20270612,1,20270619,1,20270626,1,20270703,1,20270710,1,20270717,1,20270724,1,20270731,1,20270807,1,20270814,1,20270821,1,20270828,1,20270904,1,20270911,1,20270918,1,20270925,1,20271002,1,20271009,1,20271016,1,20271023,1,20271030,1,20271106,1,20271113,1,20271120,1,20271127,1,20271204,1,20271211,1,20271218,1,20271225,1,20280101,1
'1489467',20261010,1,20261017,1,20261024,1,20261031,1,20261107,1,20261114,1,20261121,1,20261128,1,20261205,1,20261212,1,20261219,1,20261226,1,20270102,1,20270109,1,20270116,1,20270123,1,20270130,1,20270206,1,20270213,1,20270220,1,20270227,1,20270306,1,20270313,1,20270320,1,20270327,1,20270403,1,20270410,1,20270417,1,20270424,1,20270501,1,20270508,1,20270515,1,20270522,1,20270529,1,20270605,1,20270612,1,20270619,1,20270626,1,20270703,1,20270710,1,20270717,1,20270724,1,20270731,1,20270807,1,20270814,1,20270821,1,20270828,1,20270904,1,20270911,1,20270918,1,20270925,1,20271002,1,20271009,1,20271016,1,20271023,1,20271030,1,20271106,1,20271113,1,20271120,1,20271127,1,20271204,1,20271211,1,20271218,1,20271225,1,20280101,1
